recipe_id,ingredient_id,ingredient_index,qty_value,unit,portion_factor,ingredient_line_raw,parse_status,review_reason
1,397,1,,,1.0,2 tbsp (30 ml) olive oil,ok,
1,34,2,,,1.0,1 cup (211 g) basmati rice,ok,
1,613,3,,,1.0,2 cups (480 ml) vegetable stock,ok,
1,92,4,,,1.0,1 cup (201 g) brown lentils,ok,
1,626,5,,,1.0,"2 cups (480 ml) water, plus more as needed",ok,
1,251,6,,,1.0,1 clove garlic,ok,
1,197,7,,,1.0,1 tsp ground cumin,ok,
1,35,8,,,1.0,1 bay leaf,ok,
1,522,9,,,1.0,2 tsp (10 g) salt,ok,
1,215,10,,,1.0,2 cups (232 g) elbow macaroni,ok,
1,399,12,,,1.0,"1 large onion, finely chopped",ok,
1,251,13,,,1.0,"2 cloves garlic, minced",ok,
1,597,14,,,1.0,1 (16-oz [448-g]) can diced tomatoes,ok,
1,474,15,,,1.0,2 tsp (2 g) Ras El Hanout,ok,
1,525,16,,,1.0,"Salt and black pepper, to taste",review,mixed_seasoning;contains_conjunction
1,501,17,,,1.0,¼ tsp crushed red pepper flakes,ok,
1,504,18,,,1.0,1 tbsp (15 ml) red wine vinegar,ok,
1,616,19,,,1.0,"Vegetable oil, as needed",ok,
1,399,20,,,1.0,"2 large onions, thinly sliced",ok,
1,150,21,,,1.0,"1 (15-oz [420-g]) can chickpeas, drained and rinsed",review,contains_conjunction
2,514,1,,,1.0,"5 medium Roma tomatoes, roughly chopped",ok,
2,489,2,,,1.0,"1 large red bell pepper, roughly chopped",ok,
2,533,3,,,1.0,2 small Scotch bonnet chiles or habanero chiles,review,long_base_phrase;contains_conjunction
2,277,4,,,1.0,¼ cup (60 ml) groundnut oil or vegetable oil,review,contains_conjunction
2,399,5,,,1.0,"1 medium onion, roughly chopped",ok,
2,598,6,,,1.0,3 tbsp (48 g) tomato paste,ok,
2,134,7,,,1.0,2½ cups (600 ml) chicken stock,ok,
2,522,8,,,1.0,1 tsp salt,ok,
2,202,9,,,1.0,½ tsp curry powder,ok,
2,591,10,,,1.0,½ tsp dried thyme,ok,
2,15,11,,,1.0,1 tsp all-purpose seasoning,ok,
2,44,12,,,1.0,"1 beef, chicken or vegetable bouillon cube",review,contains_conjunction
2,507,13,,,1.0,"2 cups parboiled rice, rinsed",ok,
2,36,14,,,1.0,3 bay leaves,ok,
3,135,1,,,1.0,3 lb (1.4 kg) chicken (any cut),ok,
3,591,2,,,1.0,1 tbsp (3 g) dried thyme,ok,
3,253,3,,,1.0,1 tsp garlic powder,ok,
3,133,4,,,1.0,1 chicken bouillon cube,ok,
3,526,5,,,1.0,"Salt and black pepper, as needed",review,mixed_seasoning;contains_conjunction
3,615,6,,,1.0,"1½ cups (360 ml) vegetable oil, divided",ok,
3,514,7,,,1.0,"4 medium Roma tomatoes, roughly chopped",ok,
3,438,8,,,1.0,"1 (28-oz [784-g]) can whole peeled plum tomatoes, drained",ok,
3,489,9,,,1.0,"1 large red bell pepper, roughly chopped",ok,
3,280,10,,,1.0,2 small habanero chiles,ok,
3,399,11,,,1.0,"1 medium onion, thinly sliced",ok,
3,598,12,,,1.0,2 tbsp (32 g) tomato paste,ok,
3,134,13,,,1.0,1 cup (240 ml) chicken stock,ok,
3,591,14,,,1.0,1½ tsp (2 g) dried thyme,ok,
3,388,15,,,1.0,1 tbsp (8 g) Nigerian red pepper or cayenne pepper,review,long_base_phrase;contains_conjunction
3,15,16,,,1.0,1 tsp all-purpose seasoning,ok,
3,35,18,,,1.0,1 bay leaf,ok,
4,140,1,,,1.0,"1½ lb (680 g) chicken breasts, cut into 2-inch (6-cm) pieces",ok,
4,522,2,,,1.0,"1 tbsp (15 g) salt, plus more to taste",ok,
4,63,3,,,1.0,"1 tsp black pepper, plus more to taste",ok,
4,399,4,,,1.0,"1 small onion, thickly sliced",ok,
4,625,5,,,1.0,3 cups (720 ml) water,ok,
4,615,6,,,1.0,¼ cup (60 ml) vegetable oil,ok,
4,597,7,,,1.0,"2 medium tomatoes, roughly chopped",ok,
4,399,8,,,1.0,"1 medium onion, roughly chopped, divided",ok,
4,254,9,,,1.0,"3 to 4 cloves garlic, whole",ok,
4,414,10,,,1.0,2 to 3 tbsp (6 to 9 g) dried parsley,ok,
4,411,11,,,1.0,1 tsp smoked paprika,ok,
4,127,12,,,1.0,1 tbsp (8 g) cayenne pepper,ok,
4,639,13,,,1.0,½ tsp white pepper,ok,
4,519,14,,,1.0,"¾ lb (340 g) russet potatoes, roughly chopped",ok,
4,120,15,,,1.0,"¼ lb (113 g) carrots, roughly chopped",ok,
4,556,16,,,1.0,½ cup (90 g) smooth peanut butter,ok,
4,280,17,,,1.0,"1 small habanero chile, diced",ok,
5,49,1,,,1.0,1½ lb (680 g) beef stew meat,ok,
5,526,2,,,1.0,"Salt and black pepper, as needed",review,mixed_seasoning;contains_conjunction
5,591,3,,,1.0,1 tbsp (3 g) dried thyme,ok,
5,399,4,,,1.0,"1 small onion, roughly chopped",ok,
5,625,5,,,1.0,1 cup (240 ml) water,ok,
5,40,6,,,1.0,6 cups (1.4 L) beef stock,ok,
5,212,7,,,1.0,"4 cups (600 g) egusi melon seeds, ground",ok,
5,399,8,,,1.0,"1 large onion, roughly chopped",ok,
5,282,9,,,1.0,"2 small habanero chiles, stems removed",ok,
5,409,10,,,1.0,¾ cup (180 ml) palm oil,ok,
5,58,11,,,1.0,"4 tbsp (85 g) bitter leaf, washed",ok,
5,562,12,,,1.0,6 cups (180 g) roughly chopped spinach,ok,
5,191,13,,,1.0,3 tbsp (18 g) ground crayfish,ok,
5,387,14,,,1.0,1 tbsp (8 g) Nigerian red pepper,ok,
5,245,15,,,1.0,"Fufu , for serving",ok,
6,85,1,,,1.0,"4 boneless, skinless chicken breasts",ok,
6,142,2,,,1.0,4 chicken drumsticks,ok,
6,399,3,,,1.0,4 cups (460 g) sliced onions,ok,
6,333,4,,,1.0,⅓ cup (80 ml) fresh lemon juice,ok,
6,522,5,,,1.0,1 tsp salt,ok,
6,63,6,,,1.0,½ tsp black pepper,ok,
6,281,7,,,1.0,"1 small habanero chile, seeded and minced",review,contains_conjunction
6,423,8,,,1.0,1½ tbsp (23 ml) peanut oil,ok,
6,134,9,,,1.0,1½ cups (360 g) chicken stock,ok,
6,430,10,,,1.0,½ cup (75 g) pimento-stuffed olives,ok,
6,625,11,,,1.0,½ cup (120 ml) water,ok,
6,205,12,,,1.0,1 tbsp (16 g) Dijon mustard,ok,
6,508,13,,,1.0,"Rice, for serving",ok,
7,616,1,,,1.0,"Vegetable oil, as needed",ok,
7,17,2,,,1.0,¼ cup (43 g) roasted almonds,ok,
7,128,3,,,1.0,2 tbsp (16 g) cayenne pepper or Nigerian red pepper,review,long_base_phrase;contains_conjunction
7,411,4,,,1.0,2 tsp (6 g) smoked paprika,ok,
7,253,5,,,1.0,1 tbsp (8 g) garlic powder,ok,
7,400,6,,,1.0,1 tbsp (8 g) onion powder,ok,
7,639,7,,,1.0,1 tbsp (8 g) white pepper,ok,
7,133,8,,,1.0,1 chicken bouillon cube,ok,
7,522,9,,,1.0,"Salt, to taste",ok,
7,551,10,,,1.0,2 lb (900 g) sirloin or chuck roast,review,contains_conjunction
8,71,2,,,1.0,"2 cups (303 g) dried black-eyed peas, soaked overnight",ok,
8,625,3,,,1.0,4 cups (960 ml) water,ok,
8,409,4,,,1.0,¾ cup (180 ml) palm oil,ok,
8,191,5,,,1.0,3 tbsp (18 g) ground crayfish,ok,
8,280,6,,,1.0,"1 small habanero chile, finely chopped",ok,
8,42,7,,,1.0,1 beef or chicken bouillon cube,review,contains_conjunction
8,512,8,,,1.0,"1 large ripe plantain, cut into ¼-inch (6-mm) thick rounds",review,long_base_phrase
8,593,9,,,1.0,"2 cups (60 g) tightly packed spinach, roughly chopped",ok,
8,522,10,,,1.0,"Salt, to taste",ok,
9,511,1,,,1.0,2 large ripe plantains,ok,
9,615,2,,,1.0,"¼ cup (60 ml) vegetable oil, divided",ok,
9,399,3,,,1.0,"1 medium onion, diced",ok,
9,280,4,,,1.0,"1 small habanero chile, diced",ok,
9,51,5,,,1.0,"1 large bell pepper (any color), diced",ok,
9,597,6,,,1.0,"1 small tomato, diced",ok,
9,251,7,,,1.0,1 tsp minced garlic,ok,
9,209,8,,,1.0,6 large eggs,ok,
9,159,9,,,1.0,"¼ cup (10 g) fresh cilantro, roughly chopped",ok,
9,364,10,,,1.0,2 tbsp (30 ml) milk,ok,
9,412,11,,,1.0,1 tsp paprika,ok,
9,591,12,,,1.0,1 tsp dried thyme,ok,
10,615,1,,,1.0,2 tbsp (30 ml) vegetable oil,ok,
10,399,2,,,1.0,"1 medium onion, roughly chopped",ok,
10,280,3,,,1.0,"1 small habanero chile, minced",ok,
10,514,4,,,1.0,"1 large Roma tomato, roughly chopped",ok,
10,186,5,,,1.0,2 (12-oz [336-g]) cans corned beef,ok,
10,562,6,,,1.0,2 lb (900 g) roughly chopped spinach,ok,
10,387,7,,,1.0,1 tbsp (8 g) Nigerian red pepper,ok,
10,253,8,,,1.0,2 tsp (6 g) garlic powder,ok,
10,400,9,,,1.0,1 tsp onion powder,ok,
10,133,10,,,1.0,1 chicken bouillon cube,ok,
10,15,11,,,1.0,1 tbsp (8 g) all-purpose seasoning,ok,
10,75,12,,,1.0,"Boiled yams, for serving, optional",ok,
10,74,13,,,1.0,"Boiled or fried plantains, for serving, optional",review,contains_conjunction
11,595,1,,,1.0,"4 whole tilapia, washed and cleaned thoroughly",review,contains_conjunction
11,522,2,,,1.0,2 tsp (10 g) salt,ok,
11,63,3,,,1.0,2 tsp (6 g) black pepper,ok,
11,331,4,,,1.0,2 medium lemons,ok,
11,5,5,,,1.0,2 tsp (6 g) ground African nutmeg (ehuru),ok,
11,572,6,,,1.0,2 tsp (5 g) star anise seeds,ok,
11,159,7,,,1.0,½ cup fresh cilantro,ok,
11,260,8,,,1.0,"1 (1-inch [5-cm]) piece fresh ginger, peeled",ok,
11,251,9,,,1.0,10 cloves garlic,ok,
11,411,10,,,1.0,1 tsp smoked paprika,ok,
11,133,11,,,1.0,1 chicken bouillon cube,ok,
11,399,12,,,1.0,"1 medium onion, roughly chopped",ok,
11,616,13,,,1.0,"Vegetable oil, as needed",ok,
11,508,14,,,1.0,"Rice, for serving",ok,
12,23,1,,,1.0,"1½ lb (680 g) assorted boneless meats (e.g., beef, goat, chicken), cut into bite-size pieces",ok,
12,399,2,,,1.0,"1 large onion, roughly chopped",ok,
12,260,3,,,1.0,"1 (½-inch [13-mm]) piece fresh ginger, peeled",ok,
12,251,4,,,1.0,2 cloves garlic,ok,
12,43,5,,,1.0,3 beef or chicken bouillon cubes,review,contains_conjunction
12,523,6,,,1.0,"Salt, as needed",ok,
12,625,7,,,1.0,6 cups (1.4 L) water,ok,
12,280,8,,,1.0,"4 small habanero chiles, thinly sliced",ok,
12,127,9,,,1.0,1 tbsp (8 g) cayenne pepper,ok,
12,639,10,,,1.0,1 tbsp (8 g) white pepper,ok,
12,426,11,,,1.0,3 tbsp (24 g) pepper soup spice mix,ok,
12,649,12,,,1.0,"Yams, plantains or rice, for serving",review,contains_conjunction
13,49,1,,,1.0,½ lb (225 g) beef stew meat,ok,
13,526,2,,,1.0,"Salt and black pepper, as needed",review,mixed_seasoning;contains_conjunction
13,399,3,,,1.0,"1 medium onion, roughly chopped, divided",ok,
13,625,4,,,1.0,"2 cups (480 ml) water, divided",ok,
13,82,5,,,1.0,"½ lb (225 g) bone-in chicken breast, cut into bite-size pieces",ok,
13,392,6,,,1.0,1 lb (450 g) fresh okra,ok,
13,191,7,,,1.0,1 tbsp (6 g) ground crayfish,ok,
13,42,8,,,1.0,1 beef or chicken bouillon cube,review,contains_conjunction
13,411,9,,,1.0,1 tbsp (8 g) smoked paprika,ok,
13,127,10,,,1.0,1 tbsp (8 g) cayenne pepper,ok,
13,593,11,,,1.0,"3 cups (90 g) tightly packed spinach, roughly chopped",ok,
13,31,12,,,1.0,"Banku or Fufu , for serving",review,contains_conjunction
14,397,1,,,1.0,2 tbsp (30 ml) olive oil,ok,
14,591,2,,,1.0,½ tsp dried thyme,ok,
14,202,3,,,1.0,1 tsp curry powder,ok,
14,127,4,,,1.0,½ tsp cayenne pepper,ok,
14,253,5,,,1.0,½ tsp garlic powder,ok,
14,604,6,,,1.0,⅛ tsp ground turmeric,ok,
14,197,7,,,1.0,⅛ tsp ground cumin,ok,
14,280,8,,,1.0,"1 small habanero chile, minced",ok,
14,505,9,,,1.0,"1 medium red or yellow bell pepper, diced",review,contains_conjunction
14,399,10,,,1.0,"1 small onion, diced",ok,
14,531,11,,,1.0,1 (4-oz [112-g]) can smoked sardines in olive oil,ok,
14,33,12,,,1.0,¼ cup roughly chopped fresh basil,ok,
14,209,13,,,1.0,4 large eggs,ok,
14,522,14,,,1.0,Pinch of salt,ok,
15,3,2,,,1.0,12 African bird’s eye chiles or 12 small habanero chiles,review,long_base_phrase;contains_conjunction
15,655,3,,,1.0,"1 small yellow or red bell pepper, roughly chopped",review,contains_conjunction
15,251,4,,,1.0,"2 cloves garlic, roughly chopped",ok,
15,399,5,,,1.0,"1 small onion, roughly chopped",ok,
15,597,6,,,1.0,"1 large tomato, roughly chopped",ok,
15,397,7,,,1.0,¼ cup (60 ml) olive oil,ok,
15,522,8,,,1.0,"Salt, to taste",ok,
16,274,1,,,1.0,4 large green or ripe plantains,review,contains_conjunction
16,411,2,,,1.0,1 tbsp (8 g) smoked paprika,ok,
16,522,3,,,1.0,"2 pinches of salt, divided",ok,
16,618,4,,,1.0,"Vegetable oil, for frying",ok,
17,171,2,,,1.0,"1 lb (450 g) frozen cod fillets, thawed",ok,
17,625,3,,,1.0,2 tbsp (30 ml) water,ok,
17,634,4,,,1.0,1 slice white bread,ok,
17,522,5,,,1.0,1 tsp salt,ok,
17,63,6,,,1.0,½ tsp black pepper,ok,
17,209,7,,,1.0,2 large eggs,ok,
17,251,8,,,1.0,4 cloves garlic,ok,
17,532,9,,,1.0,"1 scallion, finely chopped",ok,
17,308,10,,,1.0,"1 small jalapeño, finely chopped",ok,
17,415,11,,,1.0,2 tbsp (6 g) chopped fresh parsley,ok,
17,10,12,,,1.0,½ cup (63 g) all-purpose flour,ok,
17,618,13,,,1.0,"Vegetable oil, for frying",ok,
17,615,14,,,1.0,2 tbsp (30 ml) vegetable oil,ok,
17,532,15,,,1.0,"2 scallions, minced",ok,
17,597,16,,,1.0,"2 medium tomatoes, roughly chopped",ok,
17,489,17,,,1.0,"1 medium red bell pepper, roughly chopped",ok,
17,312,18,,,1.0,"1 small jalapeño, seeded and roughly chopped",review,contains_conjunction
17,625,19,,,1.0,½ cup (120 ml) water,ok,
17,522,20,,,1.0,"Salt, to taste",ok,
17,416,21,,,1.0,"Fresh parsley, for garnish",ok,
18,405,1,,,1.0,"4 large overly ripe plantains, peeled",ok,
18,187,2,,,1.0,1 cup (170 g) cornmeal,ok,
18,364,3,,,1.0,4 tbsp (60 ml) milk,ok,
18,522,4,,,1.0,1 tsp salt,ok,
18,253,5,,,1.0,1 tsp garlic powder,ok,
18,260,6,,,1.0,1 tsp grated fresh ginger,ok,
18,127,7,,,1.0,1 tsp cayenne pepper,ok,
18,532,8,,,1.0,"2 scallions, roughly chopped",ok,
18,109,9,,,1.0,3 tbsp (45 ml) canola oil,ok,
19,10,1,,,1.0,3 cups (375 g) all-purpose flour,ok,
19,26,2,,,1.0,1 tsp baking powder,ok,
19,6,3,,,1.0,½ tsp African nutmeg (ehuru),ok,
19,577,4,,,1.0,¾ cup (144 g) sugar,ok,
19,354,5,,,1.0,"½ cup (115 g) margarine, cut into pieces",ok,
19,364,6,,,1.0,⅓ cup (80 ml) milk,ok,
19,616,7,,,1.0,"Vegetable oil, as needed",ok,
20,615,1,,,1.0,2 tbsp (30 ml) vegetable oil,ok,
20,399,2,,,1.0,"1 medium onion, diced",ok,
20,39,3,,,1.0,1 lb (450 g) ground beef,ok,
20,45,4,,,1.0,2 beef bouillon cubes,ok,
20,591,5,,,1.0,1 tsp dried thyme,ok,
20,625,6,,,1.0,"1⅓ cups (320 ml) water, divided",ok,
20,520,7,,,1.0,"2 medium russet potatoes, chopped into bite-size pieces",ok,
20,121,8,,,1.0,"2 medium carrots, chopped into bite-size pieces",ok,
20,10,9,,,1.0,2 tbsp (16 g) all-purpose flour,ok,
20,523,10,,,1.0,"Salt, as needed",ok,
20,10,11,,,1.0,8 cups (1 kg) all-purpose flour,ok,
20,26,12,,,1.0,2 tsp (8 g) baking powder,ok,
20,522,13,,,1.0,Pinch of salt,ok,
20,172,14,,,1.0,"1 lb (450 g) cold margarine, cut into tiny pieces",ok,
20,304,15,,,1.0,½ cup (120 ml) ice-cold water,ok,
20,209,16,,,1.0,"1 large egg, beaten",ok,
21,445,1,,,1.0,1 lb (450 g) ground pork sausage,ok,
21,591,2,,,1.0,½ tsp dried thyme,ok,
21,517,3,,,1.0,½ tsp dried rosemary,ok,
21,127,4,,,1.0,½ tsp cayenne pepper,ok,
21,63,5,,,1.0,½ tsp black pepper,ok,
21,522,6,,,1.0,½ tsp salt,ok,
21,38,7,,,1.0,1 beef bouillon cube,ok,
21,10,8,,,1.0,⅓ cup (42 g) all-purpose flour,ok,
21,410,9,,,1.0,½ cup (60 g) panko breadcrumbs,ok,
21,209,10,,,1.0,"2 large eggs, beaten",ok,
21,287,11,,,1.0,"8 medium hard-boiled eggs, peeled",ok,
21,616,12,,,1.0,"Vegetable oil, as needed",ok,
22,123,1,,,1.0,"2 large carrots, peeled and shredded",review,contains_conjunction
22,291,2,,,1.0,"½ large head lettuce, shredded or finely chopped",review,contains_conjunction
22,290,3,,,1.0,"½ large head green cabbage, shredded or finely chopped",review,contains_conjunction
22,597,4,,,1.0,"1 large tomato, roughly chopped",ok,
22,196,5,,,1.0,"1 medium cucumber, roughly chopped",ok,
22,497,6,,,1.0,"1 large red onion, thinly sliced",ok,
22,296,7,,,1.0,½ (14-oz [392-g]) can Heinz brand baked beans,ok,
22,578,8,,,1.0,"½ (15-oz [420-g]) can sweet corn, drained",ok,
22,287,9,,,1.0,"2 large hard-boiled eggs, peeled and sliced",review,contains_conjunction
22,297,10,,,1.0,"Heinz Salad Cream, for serving",ok,
23,69,1,,,1.0,1 cup (151 g) dried black-eyed peas,ok,
23,625,2,,,1.0,¼ cup (60 ml) water,ok,
23,489,3,,,1.0,"1 medium red bell pepper, roughly chopped",ok,
23,282,4,,,1.0,"1 small habanero chile, stem removed",ok,
23,399,5,,,1.0,"1 small onion, roughly chopped",ok,
23,522,6,,,1.0,"Salt, to taste",ok,
23,618,7,,,1.0,"Vegetable oil, for frying",ok,
23,88,8,,,1.0,"Bread, for serving",ok,
24,69,1,,,1.0,1 cup (151 g) dried black-eyed peas,ok,
24,399,2,,,1.0,½ cup (76 g) roughly chopped onion,ok,
24,489,3,,,1.0,½ large red bell pepper,ok,
24,282,4,,,1.0,"1 small habanero chile, stem removed",ok,
24,133,5,,,1.0,1 chicken bouillon cube,ok,
24,522,6,,,1.0,2 tsp (10 g) salt,ok,
24,409,7,,,1.0,2 tbsp (30 ml) palm oil,ok,
24,615,8,,,1.0,¼ cup (60 ml) vegetable oil,ok,
24,127,9,,,1.0,1 tsp cayenne pepper,ok,
24,191,10,,,1.0,2 tbsp (12 g) ground crayfish,ok,
24,287,11,,,1.0,"3 large hard-boiled eggs, peeled and halved",review,contains_conjunction
24,185,12,,,1.0,1 cup (230 g) canned corned beef,ok,
25,409,1,,,1.0,¾ cup (180 ml) palm oil,ok,
25,184,2,,,1.0,4 cups (577 g) fresh corn kernels,ok,
25,399,3,,,1.0,"½ large onion, finely chopped",ok,
25,282,4,,,1.0,"1 small habanero chile, stem removed",ok,
25,625,5,,,1.0,"¾ cup (180 ml) water, divided",ok,
25,652,6,,,1.0,1 cup (170 g) yellow cornmeal,ok,
25,522,7,,,1.0,2 tsp (10 g) salt,ok,
25,147,8,,,1.0,1 chicken or vegetable bouillon cube,review,contains_conjunction
25,344,9,,,1.0,"4 cups (120 g) loosely packed spinach, roughly chopped",ok,
25,30,10,,,1.0,"6 large banana leaves, soaked in hot water to soften and rinsed thoroughly (see note)",review,long_base_phrase;long_raw_phrase;contains_conjunction
26,647,1,,,1.0,½ a medium yam,ok,
26,10,2,,,1.0,2 tbsp (16 g) all-purpose flour,ok,
26,625,3,,,1.0,2 tbsp (30 ml) water,ok,
26,209,4,,,1.0,1 large egg,ok,
26,523,5,,,1.0,"Salt, as needed",ok,
26,616,6,,,1.0,"Vegetable oil, as needed",ok,
26,428,7,,,1.0,"Pili Pili , for serving",ok,
27,408,1,,,1.0,1 (¼-oz [7-g]) packet active dry yeast,ok,
27,575,2,,,1.0,1 cup (192 g) granulated sugar,ok,
27,611,3,,,1.0,1 tsp vanilla extract,ok,
27,389,4,,,1.0,¼ tsp ground nutmeg,ok,
27,522,5,,,1.0,1 tsp salt,ok,
27,621,6,,,1.0,2 cups (480 ml) warm water,ok,
27,10,7,,,1.0,3½ cups (438 g) all-purpose flour,ok,
27,616,8,,,1.0,"Vegetable oil, as needed",ok,
27,576,9,,,1.0,"Powdered sugar, optional",ok,
28,475,1,,,1.0,8 oz (224 g) raw organic tigernuts,ok,
28,162,2,,,1.0,1 (2- to 4-inch [6- to 10-cm]) cinnamon stick,ok,
28,621,3,,,1.0,4 cups (960 ml) warm water,ok,
28,118,4,,,1.0,3 cardamom pods,ok,
28,404,5,,,1.0,½ cup (110 g) organic jaggery,ok,
29,145,1,,,1.0,2½ lb (1.1 kg) chicken thighs,ok,
29,526,2,,,1.0,"Salt and black pepper, as needed",review,mixed_seasoning;contains_conjunction
29,99,3,,,1.0,3 tbsp (42 g) butter,ok,
29,399,4,,,1.0,"2 medium onions, thinly sliced",ok,
29,109,5,,,1.0,¼ cup (60 ml) canola oil,ok,
29,251,6,,,1.0,1 tbsp (9 g) roughly chopped garlic,ok,
29,260,7,,,1.0,1 tsp minced fresh ginger,ok,
29,412,8,,,1.0,½ tbsp (4 g) paprika,ok,
29,53,9,,,1.0,2 tbsp (16 g) Berbere Spice Mix,ok,
29,625,10,,,1.0,3 cups (720 g) water,ok,
29,598,11,,,1.0,1 tbsp (10 g) tomato paste,ok,
29,559,12,,,1.0,"6 large soft-boiled eggs, peeled",ok,
29,510,13,,,1.0,"Rice or Injera , for serving",review,contains_conjunction
30,182,1,,,1.0,1 tsp coriander seeds,ok,
30,119,2,,,1.0,1 tsp cardamom seeds,ok,
30,225,3,,,1.0,1 tsp fenugreek seeds,ok,
30,411,4,,,1.0,3 tbsp (24 g) smoked paprika,ok,
30,127,5,,,1.0,1 tbsp (8 g) cayenne pepper,ok,
30,197,6,,,1.0,2 tsp (6 g) ground cumin,ok,
30,604,7,,,1.0,1 tsp ground turmeric,ok,
30,65,8,,,1.0,1 tsp freshly ground black peppercorns,ok,
30,16,10,,,1.0,½ tsp ground allspice,ok,
30,261,11,,,1.0,½ tsp ground ginger,ok,
30,160,12,,,1.0,½ tsp ground cinnamon,ok,
30,522,13,,,1.0,1 tsp salt,ok,
30,397,14,,,1.0,2 tbsp (30 ml) olive oil,ok,
30,399,15,,,1.0,"1 large onion, diced",ok,
30,53,16,,,1.0,3 tbsp (24 g) Berbere Spice Mix,ok,
30,597,17,,,1.0,"4 large tomatoes, diced",ok,
30,598,18,,,1.0,1 tbsp (10 g) tomato paste,ok,
30,260,19,,,1.0,½ tsp minced fresh ginger,ok,
30,202,20,,,1.0,1 tsp curry powder,ok,
30,496,22,,,1.0,"1½ cups (302 g) red lentils, washed and drained",review,contains_conjunction
30,166,23,,,1.0,2 cups (480 ml) coconut milk,ok,
30,525,24,,,1.0,"Salt and black pepper, to taste",review,mixed_seasoning;contains_conjunction
30,24,25,,,1.0,"Aunty Bernie’s Chapati or rice, for serving",review,contains_conjunction
31,11,1,,,1.0,"4 cups (500 g) all-purpose flour, plus more as needed",ok,
31,522,2,,,1.0,1 tsp salt,ok,
31,616,3,,,1.0,"4 tbsp (60 ml) vegetable oil, plus more as needed",ok,
31,621,4,,,1.0,1½ cups (360 ml) warm water,ok,
31,39,5,,,1.0,1 lb (450 g) ground beef,ok,
31,420,6,,,1.0,"1 cup (150 g) frozen peas, thawed",ok,
31,638,7,,,1.0,"1 small white onion, finely chopped",ok,
31,251,8,,,1.0,"5 cloves garlic, minced",ok,
31,260,9,,,1.0,2 tsp (6 g) grated fresh ginger,ok,
31,309,10,,,1.0,"1 medium jalapeño chile, minced",ok,
31,604,11,,,1.0,1 tsp ground turmeric,ok,
31,197,12,,,1.0,1 tsp ground cumin,ok,
31,180,13,,,1.0,1 tsp ground coriander,ok,
31,116,14,,,1.0,½ tsp ground cardamom,ok,
31,160,15,,,1.0,½ tsp ground cinnamon,ok,
31,526,16,,,1.0,"Salt and black pepper, as needed",review,mixed_seasoning;contains_conjunction
31,616,17,,,1.0,"Vegetable oil, as needed",ok,
32,137,1,,,1.0,"2 lb (900 g) chicken (any cut), cut into bite-size pieces",ok,
32,317,2,,,1.0,Juice of ½ lemon,ok,
32,251,3,,,1.0,1 tsp minced garlic,ok,
32,591,4,,,1.0,1 tsp dried thyme,ok,
32,63,5,,,1.0,1 tsp black pepper,ok,
32,411,6,,,1.0,"2 tsp (4 g) smoked paprika, divided",ok,
32,523,7,,,1.0,"2 tsp (10 g) salt, plus more as needed",ok,
32,133,8,,,1.0,1 chicken bouillon cube,ok,
32,109,9,,,1.0,¼ cup (60 ml) canola oil,ok,
32,409,10,,,1.0,¼ cup (60 ml) palm oil,ok,
32,251,11,,,1.0,"4 cloves garlic, minced",ok,
32,399,12,,,1.0,"2 medium onions, sliced",ok,
32,282,13,,,1.0,"1 small habanero chile, stem removed",ok,
32,597,14,,,1.0,"2 large tomatoes, diced",ok,
32,134,15,,,1.0,2 cups (480 ml) chicken stock,ok,
32,639,16,,,1.0,1 tsp white pepper,ok,
32,106,17,,,1.0,¾ lb (338 g) cubed butternut squash,ok,
32,625,18,,,1.0,½ cup (120 ml) water,ok,
32,395,19,,,1.0,"20 pieces okra, sliced in half",ok,
32,508,20,,,1.0,"Rice, for serving",ok,
33,615,1,,,1.0,1 cup (240 ml) vegetable oil,ok,
33,399,2,,,1.0,"1 large onion, diced",ok,
33,251,3,,,1.0,"4 cloves garlic, minced",ok,
33,260,4,,,1.0,2 tsp (6 g) minced fresh ginger,ok,
33,411,5,,,1.0,½ tsp smoked paprika,ok,
33,197,6,,,1.0,1 tsp ground cumin,ok,
33,116,7,,,1.0,½ tsp ground cardamom,ok,
33,202,8,,,1.0,½ tsp curry powder,ok,
33,597,9,,,1.0,"2 medium tomatoes, roughly chopped",ok,
33,659,10,,,1.0,"4 medium Yukon gold potatoes, peeled and diced",review,contains_conjunction
33,34,11,,,1.0,2 cups (422 g) basmati rice,ok,
33,134,12,,,1.0,4 cups (960 ml) chicken stock,ok,
33,162,13,,,1.0,1 (2- to 4-inch [6- to 10-cm]) cinnamon stick,ok,
33,570,14,,,1.0,½ tsp ground star anise,ok,
33,35,15,,,1.0,1 bay leaf,ok,
33,525,16,,,1.0,"Salt and black pepper, to taste",review,mixed_seasoning;contains_conjunction
33,320,17,,,1.0,"Kachumbari , for serving",ok,
34,285,1,,,1.0,"1 (1-lb [450-g]) halibut fillet, skin removed",ok,
34,202,2,,,1.0,"1 tbsp (8 g) plus ¾ tsp curry powder, divided",ok,
34,523,3,,,1.0,"1 tsp salt, plus more as needed",ok,
34,64,4,,,1.0,"1 tsp black pepper, plus more as needed",ok,
34,110,5,,,1.0,"1 tbsp (15 ml) canola oil, plus more as needed",ok,
34,399,6,,,1.0,"1 medium onion, diced",ok,
34,51,7,,,1.0,"2 medium bell peppers (any color), diced",ok,
34,260,8,,,1.0,2 tsp (6 g) minced fresh ginger,ok,
34,251,9,,,1.0,"3 cloves garlic, minced",ok,
34,597,10,,,1.0,"2 large tomatoes, roughly chopped",ok,
34,333,11,,,1.0,2 tbsp (30 ml) fresh lemon juice,ok,
34,166,12,,,1.0,1 cup (240 ml) coconut milk,ok,
34,97,13,,,1.0,"1 small bunch fresh cilantro, roughly chopped, for garnish",ok,
34,337,14,,,1.0,"4 lemon wedges, for garnish",ok,
35,615,1,,,1.0,2 tbsp (30 ml) vegetable oil,ok,
35,399,2,,,1.0,"1 large onion, diced",ok,
35,251,3,,,1.0,"4 cloves garlic, minced",ok,
35,270,4,,,1.0,"1 large green bell pepper, diced",ok,
35,120,5,,,1.0,"2 large carrots, diced",ok,
35,597,6,,,1.0,"2 large tomatoes, diced",ok,
35,659,7,,,1.0,"6 medium Yukon gold potatoes, cubed",ok,
35,269,8,,,1.0,"1 large green banana, cubed",ok,
35,166,9,,,1.0,1 (14-oz [420-ml]) can coconut milk,ok,
35,625,10,,,1.0,4 cups (960 ml) water,ok,
35,525,11,,,1.0,"Salt and black pepper, to taste",review,mixed_seasoning;contains_conjunction
35,25,12,,,1.0,"1 large avocado, pitted, peeled and sliced, for serving",review,contains_conjunction
36,597,1,,,1.0,"2 large tomatoes, diced",ok,
36,497,2,,,1.0,"½ large red onion, diced",ok,
36,310,3,,,1.0,"2 large jalapeño chiles, seeded and diced",review,contains_conjunction
36,196,4,,,1.0,"1 medium cucumber, diced",ok,
36,251,5,,,1.0,"2 cloves garlic, minced",ok,
36,318,6,,,1.0,Juice of 1 lime,ok,
36,159,7,,,1.0,"½ cup (20 g) fresh cilantro, roughly chopped",ok,
36,525,8,,,1.0,"Salt and black pepper, to taste",review,mixed_seasoning;contains_conjunction
37,239,1,,,1.0,½ cup (65 g) gram flour,ok,
37,183,2,,,1.0,1 tbsp (11 g) corn flour,ok,
37,260,3,,,1.0,1 tsp minced ginger,ok,
37,197,4,,,1.0,2 tsp (6 g) ground cumin,ok,
37,429,5,,,1.0,1 tsp Pili Pili or store-bought hot sauce,review,long_base_phrase;contains_conjunction
37,522,6,,,1.0,"Salt, to taste",ok,
37,159,7,,,1.0,½ cup (20 g) finely chopped fresh cilantro,ok,
37,625,8,,,1.0,⅓ cup (80 ml) water,ok,
37,519,9,,,1.0,2 large russet potatoes,ok,
37,616,10,,,1.0,"Vegetable oil, as needed",ok,
37,320,11,,,1.0,"Kachumbari , for serving",ok,
38,522,1,,,1.0,1 tsp salt,ok,
38,577,2,,,1.0,1 tsp sugar,ok,
38,616,3,,,1.0,"2 tbsp (30 ml) vegetable oil, plus more as needed",ok,
38,622,4,,,1.0,"1½ cups (360 ml) warm water, plus more as needed",ok,
38,10,5,,,1.0,3 cups (375 g) all-purpose flour,ok,
39,588,1,,,1.0,¼ cup (33 g) teff flour,ok,
39,10,2,,,1.0,¾ cup (94 g) all-purpose flour,ok,
39,625,3,,,1.0,1 cup (240 ml) water,ok,
39,522,4,,,1.0,½ tsp salt,ok,
39,616,5,,,1.0,"Vegetable oil, as needed",ok,
40,223,1,,,1.0,"2 cups (165 g) roughly chopped, extremely ripe mango",ok,
40,333,2,,,1.0,½ cup (120 ml) fresh lemon juice,ok,
40,340,3,,,1.0,2 tbsp (30 ml) fresh lime juice,ok,
40,550,4,,,1.0,¾ cup (180 ml) simple syrup,ok,
40,625,5,,,1.0,"2 cups (480 ml) water, divided",ok,
40,371,6,,,1.0,"½ cup (120 ml) moscato, optional",ok,
40,369,7,,,1.0,"Fresh mint leaves, to taste",ok,
40,303,8,,,1.0,"Ice cubes, as needed",ok,
41,315,1,,,1.0,2 cups (422 g) jasmine rice,ok,
41,165,2,,,1.0,1 cup (240 ml) canned coconut milk,ok,
41,476,3,,,1.0,3 tbsp (14 g) raw unsweetened coconut flakes,ok,
41,522,4,,,1.0,1 tsp salt,ok,
41,170,5,,,1.0,1 cup (192 g) coconut sugar,ok,
41,118,6,,,1.0,"1 tsp cardamom pods, crushed",ok,
41,389,7,,,1.0,1 tsp ground nutmeg,ok,
41,18,8,,,1.0,½ tsp almond extract,ok,
41,1,9,,,1.0,1 tsp active dry yeast,ok,
41,166,10,,,1.0,1 (14-oz [420-ml]) can coconut milk,ok,
41,611,11,,,1.0,½ tsp vanilla extract,ok,
41,95,12,,,1.0,¾ cup (108 g) brown sugar,ok,
42,621,1,,,1.0,¼ cup (60 ml) warm water,ok,
42,165,2,,,1.0,½ cup (120 ml) canned coconut milk,ok,
42,577,3,,,1.0,¾ cup (144 g) sugar,ok,
42,1,4,,,1.0,2 tsp (6 g) active dry yeast,ok,
42,209,5,,,1.0,1 large egg,ok,
42,10,6,,,1.0,3 cups (375 g) all-purpose flour,ok,
42,522,7,,,1.0,1 tsp salt,ok,
42,119,8,,,1.0,"1 tsp cardamom seeds, crushed",ok,
42,389,9,,,1.0,½ tsp ground nutmeg,ok,
42,160,10,,,1.0,½ tsp ground cinnamon,ok,
42,169,11,,,1.0,4 tbsp (19 g) freshly grated coconut or raw unsweetened coconut flakes,review,contains_conjunction
42,616,12,,,1.0,"Vegetable oil, as needed",ok,
42,576,13,,,1.0,"Powdered sugar, optional",ok,
43,314,1,,,1.0,2 large jarred or fresh roasted red bell peppers,review,contains_conjunction
43,251,2,,,1.0,5 cloves garlic,ok,
43,227,3,,,1.0,"1 (15-oz [420-g]) can fire-roasted tomatoes, drained",ok,
43,411,4,,,1.0,2 tbsp (16 g) smoked paprika,ok,
43,309,5,,,1.0,2 medium jalapeño chiles,ok,
43,280,6,,,1.0,1 small habanero chile,ok,
43,397,7,,,1.0,6 tbsp (90 ml) olive oil,ok,
43,197,8,,,1.0,"Ground cumin, to taste",ok,
43,180,9,,,1.0,"Ground coriander, to taste",ok,
43,501,10,,,1.0,"Crushed red pepper flakes, to taste",ok,
43,253,11,,,1.0,1 tbsp (8 g) garlic powder,ok,
43,412,12,,,1.0,1 tbsp (8 g) paprika,ok,
43,197,13,,,1.0,½ tbsp (4 g) ground cumin,ok,
43,160,14,,,1.0,1 tsp ground cinnamon,ok,
43,522,15,,,1.0,1½ tsp (8 g) salt,ok,
43,63,16,,,1.0,1 tsp black pepper,ok,
43,142,17,,,1.0,5 lb (2.3 kg) chicken drumsticks,ok,
43,288,18,,,1.0,10 oz (300 ml) Harissa Sauce,ok,
44,220,1,,,1.0,3 tbsp (45 ml) extra-virgin olive oil,ok,
44,399,2,,,1.0,"1 medium onion, thinly sliced",ok,
44,489,3,,,1.0,"1 large red bell pepper, thinly sliced",ok,
44,280,4,,,1.0,"1 small habanero chile, thinly sliced",ok,
44,251,5,,,1.0,"3 cloves garlic, minced",ok,
44,411,6,,,1.0,1½ tbsp (12 g) smoked paprika,ok,
44,197,7,,,1.0,1 tbsp (8 g) ground cumin,ok,
44,599,8,,,1.0,1 (28-oz [784-g]) can whole peeled tomatoes,ok,
44,526,9,,,1.0,"Salt and black pepper, as needed",review,mixed_seasoning;contains_conjunction
44,96,10,,,1.0,"1 large bunch fresh cilantro, roughly chopped, divided",ok,
44,415,11,,,1.0,"3 tbsp (10 g) fresh parsley, roughly chopped, divided",ok,
44,209,12,,,1.0,6 large eggs,ok,
44,88,13,,,1.0,"Bread, for serving",ok,
45,39,1,,,1.0,1 lb (450 g) ground beef,ok,
45,569,2,,,1.0,"2 slices stale white bread, crusts removed and torn into pieces",review,long_base_phrase;contains_conjunction
45,209,3,,,1.0,1 large egg,ok,
45,197,4,,,1.0,1 tsp ground cumin,ok,
45,412,5,,,1.0,1 tsp paprika,ok,
45,160,6,,,1.0,1 tsp ground cinnamon,ok,
45,116,7,,,1.0,½ tsp ground cardamom,ok,
45,180,8,,,1.0,1 tsp ground coriander,ok,
45,522,9,,,1.0,1 tsp salt,ok,
45,63,10,,,1.0,½ tsp black pepper,ok,
45,398,11,,,1.0,"Olive oil, as needed",ok,
45,397,12,,,1.0,2 tbsp (30 ml) olive oil,ok,
45,251,13,,,1.0,"1 clove garlic, minced",ok,
45,399,14,,,1.0,"1 large onion, roughly chopped",ok,
45,263,15,,,1.0,2 tsp (6 g) minced fresh ginger 1 tsp ground cumin,ok,
45,162,17,,,1.0,2 (2- to 4-inch [6- to 10-cm]) cinnamon sticks,ok,
45,95,18,,,1.0,1 tsp brown sugar,ok,
45,597,19,,,1.0,1 (14-oz [392-g]) can diced tomatoes,ok,
45,201,20,,,1.0,2 tbsp (19 g) dried currants,ok,
45,134,21,,,1.0,1 cup (240 ml) chicken stock,ok,
45,526,22,,,1.0,"Salt and black pepper, as needed",review,mixed_seasoning;contains_conjunction
46,116,1,,,1.0,1 tsp ground cardamom,ok,
46,197,2,,,1.0,1 tsp ground cumin,ok,
46,261,3,,,1.0,½ tsp ground ginger,ok,
46,160,4,,,1.0,½ tsp ground cinnamon,ok,
46,63,5,,,1.0,¼ tsp black pepper,ok,
46,522,6,,,1.0,1 tsp salt,ok,
46,398,7,,,1.0,"Olive oil, as needed",ok,
46,329,8,,,1.0,2 lb (900 g) lamb rib chops,ok,
46,251,9,,,1.0,"3 cloves garlic, minced",ok,
46,616,10,,,1.0,"Vegetable oil, as needed",ok,
46,159,11,,,1.0,"½ cup fresh cilantro, roughly chopped",ok,
46,189,12,,,1.0,"Couscous or rice, for serving",review,contains_conjunction
47,397,1,,,1.0,4 tbsp (60 ml) olive oil,ok,
47,638,2,,,1.0,"1 large white onion, diced",ok,
47,199,3,,,1.0,3 tsp (8 g) cumin seeds,ok,
47,411,4,,,1.0,2 tsp (6 g) smoked paprika,ok,
47,501,5,,,1.0,2 tsp (2 g) crushed red pepper flakes,ok,
47,159,6,,,1.0,"½ cup (20 g) fresh cilantro, roughly chopped",ok,
47,251,7,,,1.0,"2 cloves garlic, minced",ok,
47,597,8,,,1.0,1 cup (161 g) crushed tomatoes,ok,
47,150,9,,,1.0,"3 (16-oz [448-g]) cans chickpeas, drained and rinsed",review,contains_conjunction
47,626,10,,,1.0,"Water, as needed",ok,
47,522,11,,,1.0,2 tbsp (30 g) salt,ok,
47,7,12,,,1.0,"Aish Baladi , for serving",ok,
47,288,13,,,1.0,"Harissa Sauce , for serving",ok,
48,399,1,,,1.0,"1 large onion, roughly chopped",ok,
48,120,2,,,1.0,"3 medium carrots, diced",ok,
48,514,3,,,1.0,"2 large Roma tomatoes, roughly chopped",ok,
48,251,4,,,1.0,"3 cloves garlic, minced",ok,
48,136,5,,,1.0,"2½ lb (1 kg) chicken (any cut), cut into 1-inch (3-cm) pieces",ok,
48,202,6,,,1.0,1 tsp curry powder,ok,
48,153,7,,,1.0,2 tbsp (16 g) chili powder,ok,
48,180,8,,,1.0,1 tsp ground coriander,ok,
48,415,9,,,1.0,3 tbsp (9 g) roughly chopped fresh parsley,ok,
48,397,10,,,1.0,2 tbsp (30 ml) olive oil,ok,
48,625,11,,,1.0,1 cup (240 ml) water,ok,
48,661,12,,,1.0,"1 lb (450 g) Yukon gold potatoes, peeled and cut into ½-inch (6-mm) thick slices",review,long_base_phrase;long_raw_phrase;contains_conjunction
48,418,13,,,1.0,¼ cup (38 g) frozen peas,ok,
49,555,1,,,1.0,"5 skin-on, bone-in chicken thighs",ok,
49,333,2,,,1.0,2 tbsp (30 ml) fresh lemon juice,ok,
49,604,3,,,1.0,2 tbsp (16 g) ground turmeric,ok,
49,197,4,,,1.0,1 tbsp (8 g) ground cumin,ok,
49,180,5,,,1.0,½ tbsp (4 g) ground coriander,ok,
49,403,6,,,1.0,1 tbsp (3 g) dried oregano,ok,
49,251,7,,,1.0,"4 cloves garlic, minced",ok,
49,522,8,,,1.0,1 tsp salt,ok,
49,63,9,,,1.0,1 tsp black pepper,ok,
49,397,10,,,1.0,"2 tbsp (30 ml) olive oil, divided",ok,
49,399,11,,,1.0,"1 small onion, finely chopped",ok,
49,604,13,,,1.0,1 tbsp (8 g) ground turmeric,ok,
49,197,14,,,1.0,1 tsp ground cumin,ok,
49,251,15,,,1.0,"1 clove garlic, minced",ok,
49,34,16,,,1.0,1½ cups (317 g) basmati rice,ok,
49,134,17,,,1.0,1½ cups (360 ml) chicken stock,ok,
49,625,18,,,1.0,1 cup (240 ml) water,ok,
49,276,20,,,1.0,"Grilled lemon slices and fresh parsley, for garnishing",review,contains_conjunction
50,397,1,,,1.0,2 tbsp (30 ml) olive oil,ok,
50,497,2,,,1.0,"1 medium red onion, finely chopped",ok,
50,651,3,,,1.0,"1 large yellow bell pepper, finely chopped",ok,
50,402,4,,,1.0,"1 medium orange bell pepper, finely chopped",ok,
50,671,5,,,1.0,"1 large zucchini, finely chopped",ok,
50,251,6,,,1.0,"3 cloves garlic, minced",ok,
50,148,7,,,1.0,1 cup (240 ml) chicken or vegetable stock,review,contains_conjunction
50,418,8,,,1.0,2 cups (300 g) frozen peas,ok,
50,412,9,,,1.0,1 tsp paprika,ok,
50,197,10,,,1.0,1 tsp ground cumin,ok,
50,180,11,,,1.0,1 tsp ground coriander,ok,
50,604,12,,,1.0,½ tsp ground turmeric,ok,
50,160,13,,,1.0,½ tsp ground cinnamon,ok,
50,188,14,,,1.0,1½ cups (270 g) dry couscous,ok,
50,150,15,,,1.0,"1 (16-oz [448-g]) can chickpeas, drained and rinsed",review,contains_conjunction
50,190,16,,,1.0,½ cup (50 g) dried cranberries,ok,
50,663,17,,,1.0,Zest and juice of 2 lemons,review,contains_conjunction
50,431,18,,,1.0,"1 pint (161 g) cherry tomatoes, cut in half",ok,
50,159,19,,,1.0,"2 tbsp (6 g) fresh cilantro, minced",ok,
50,415,20,,,1.0,"2 tsp (2 g) fresh parsley, minced",ok,
50,525,21,,,1.0,"Salt and black pepper, to taste",review,mixed_seasoning;contains_conjunction
51,662,1,,,1.0,"2 lb (900 g) Yukon gold potatoes, peeled and cut into large chunks",review,contains_conjunction
51,526,2,,,1.0,"Salt and black pepper, as needed",review,mixed_seasoning;contains_conjunction
51,410,3,,,1.0,¼ cup (30 g) panko breadcrumbs,ok,
51,253,4,,,1.0,1 tsp garlic powder,ok,
51,604,5,,,1.0,1 tsp ground turmeric,ok,
51,197,6,,,1.0,1 tsp ground cumin,ok,
51,400,7,,,1.0,1 tsp onion powder,ok,
51,415,8,,,1.0,"3 tbsp (9 g) fresh parsley, finely chopped",ok,
51,209,9,,,1.0,"2 large eggs, beaten",ok,
51,616,10,,,1.0,"Vegetable oil, as needed",ok,
51,11,11,,,1.0,"All-purpose flour, as needed",ok,
52,182,1,,,1.0,1½ tsp (4 g) coriander seeds,ok,
52,199,2,,,1.0,1 tsp cumin seeds,ok,
52,501,3,,,1.0,1 tsp crushed red pepper flakes,ok,
52,412,4,,,1.0,1 tsp paprika,ok,
52,160,5,,,1.0,1 tsp ground cinnamon,ok,
52,116,6,,,1.0,½ tsp ground cardamom,ok,
52,261,7,,,1.0,½ tsp ground ginger,ok,
52,604,8,,,1.0,½ tsp ground turmeric,ok,
52,660,9,,,1.0,"2 lb (900 g) Yukon gold potatoes, peeled and cut into 1-inch (3-cm) cubes",review,long_base_phrase;contains_conjunction
52,523,10,,,1.0,"Salt, as needed",ok,
52,397,11,,,1.0,3 tbsp (45 ml) olive oil,ok,
52,474,12,,,1.0,1½ tbsp (12 g) Ras el Hanout,ok,
52,268,13,,,1.0,¾ cup (184 g) Greek yogurt,ok,
52,547,14,,,1.0,2 tbsp (30 ml) sherry vinegar,ok,
52,368,15,,,1.0,"½ cup (20 g) fresh mint, roughly chopped",ok,
52,415,16,,,1.0,"½ cup (20 g) fresh parsley, roughly chopped",ok,
52,663,17,,,1.0,Zest and juice of 1 lemon,review,contains_conjunction
53,10,1,,,1.0,2 cups (250 g) all-purpose flour,ok,
53,522,2,,,1.0,1 tsp salt,ok,
53,364,3,,,1.0,¾ cup (180 ml) milk,ok,
53,397,4,,,1.0,1 tbsp (15 ml) olive oil,ok,
54,251,1,,,1.0,"2 cloves garlic, minced",ok,
54,197,2,,,1.0,2 tsp (6 g) ground cumin,ok,
54,180,3,,,1.0,2 tsp (6 g) ground coriander,ok,
54,160,4,,,1.0,¾ tsp ground cinnamon,ok,
54,501,5,,,1.0,1 tsp crushed red pepper flakes,ok,
54,411,6,,,1.0,1 tsp smoked paprika,ok,
54,397,7,,,1.0,¼ cup (60 ml) olive oil,ok,
54,522,8,,,1.0,2 tsp (10 g) salt,ok,
54,211,9,,,1.0,2 medium eggplants,ok,
54,509,10,,,1.0,"Rice or couscous, for serving",review,contains_conjunction
55,490,1,,,1.0,"2 large red bell peppers, chargrilled",ok,
55,499,2,,,1.0,"1 large red onion, char-grilled",ok,
55,4,3,,,1.0,1 cup (170 g) African bird’s eye chiles or 8 red Thai chiles and 2 small habanero chiles,review,long_base_phrase;long_raw_phrase;contains_conjunction
55,251,4,,,1.0,4 cloves garlic,ok,
55,333,5,,,1.0,"¾ cup (180 ml) fresh lemon juice, divided",ok,
55,19,6,,,1.0,"½ cup (120 ml) apple cider vinegar, divided",ok,
55,664,7,,,1.0,"Zest of 2 lemons, divided",ok,
55,411,8,,,1.0,1 tbsp (8 g) smoked paprika,ok,
55,403,9,,,1.0,1½ tsp (2 g) dried oregano,ok,
55,36,10,,,1.0,2 bay leaves,ok,
55,525,11,,,1.0,"Salt and black pepper, to taste",review,mixed_seasoning;contains_conjunction
55,220,12,,,1.0,½ cup (120 ml) extra-virgin olive oil,ok,
55,81,13,,,1.0,2½ to 3 lb (1.1 to 1.4 kg) bone-in or boneless chicken (any cut),review,contains_conjunction
55,522,14,,,1.0,2 tsp (10 g) salt,ok,
55,63,15,,,1.0,2 tsp (6 g) black pepper,ok,
55,253,16,,,1.0,2 tsp (6 g) garlic powder,ok,
55,427,17,,,1.0,1 to 2 cups (240 to 480 ml) Peri Peri Sauce,ok,
56,3,1,,,1.0,8 African bird’s eye chiles or 8 small habanero chiles,review,long_base_phrase;contains_conjunction
56,615,2,,,1.0,1½ cups (360 ml) vegetable oil,ok,
56,333,3,,,1.0,4 tbsp (60 ml) fresh lemon juice,ok,
56,251,4,,,1.0,2 tbsp (18 g) crushed garlic,ok,
56,522,5,,,1.0,1 tsp salt,ok,
56,411,6,,,1.0,1 tsp smoked paprika,ok,
56,460,7,,,1.0,4 lb (1.8 kg) large prawns or shrimp,review,contains_conjunction
57,606,1,,,1.0,3 tbsp (42 g) unsalted butter,ok,
57,95,2,,,1.0,1 tbsp (9 g) brown sugar,ok,
57,604,3,,,1.0,1½ tsp (5 g) ground turmeric,ok,
57,299,4,,,1.0,½ tsp hot curry powder,ok,
57,315,5,,,1.0,2 cups (422 g) jasmine rice,ok,
57,134,6,,,1.0,4 cups (960 ml) chicken stock,ok,
57,473,7,,,1.0,½ cup (76 g) raisins,ok,
58,397,1,,,1.0,1 tsp olive oil,ok,
58,78,2,,,1.0,4 slices bologna,ok,
58,324,3,,,1.0,"Ketchup, to taste",ok,
58,427,4,,,1.0,"Peri Peri Sauce , to taste",ok,
58,195,5,,,1.0,"1 crusty hoagie roll, split in half and lightly toasted",review,long_base_phrase;contains_conjunction
58,175,6,,,1.0,"Freshly cooked French fries, as needed",ok,
58,549,7,,,1.0,½ cup (40 g) shredded lettuce,ok,
59,109,1,,,1.0,½ cup (120 ml) canola oil,ok,
59,399,2,,,1.0,"1 medium onion, diced",ok,
59,251,3,,,1.0,2 tsp (6 g) minced garlic,ok,
59,260,4,,,1.0,1 tsp minced fresh ginger,ok,
59,162,5,,,1.0,1 (2- to 4-inch [6- to 10-cm]) cinnamon stick,ok,
59,412,6,,,1.0,1 tsp paprika,ok,
59,118,7,,,1.0,2 cardamom pods,ok,
59,202,8,,,1.0,3 tbsp (24 g) curry powder,ok,
59,523,9,,,1.0,"Salt, as needed",ok,
59,597,10,,,1.0,"2 medium tomatoes, diced",ok,
59,86,11,,,1.0,"1 lb (450 g) boneless, skinless chicken breast, cut into bite-size pieces",review,long_base_phrase
59,134,12,,,1.0,1½ cups (360 ml) chicken stock,ok,
59,660,13,,,1.0,"2 medium Yukon gold potatoes, peeled and cut into ½- to 1-inch (13-mm to 3-cm]) cubes",review,long_base_phrase;long_raw_phrase;contains_conjunction
59,150,14,,,1.0,"1 (15-oz [420-g]) can chickpeas, drained and rinsed",review,contains_conjunction
59,89,15,,,1.0,"4 to 6 bread bowls, for serving",ok,
60,284,1,,,1.0,"1 lb (450 g) halibut, cut into 2-inch (6-cm) pieces",ok,
60,333,2,,,1.0,2 tbsp (30 ml) fresh lemon juice,ok,
60,251,3,,,1.0,"3 cloves garlic, minced",ok,
60,522,4,,,1.0,1 tsp salt,ok,
60,63,5,,,1.0,1 tsp black pepper,ok,
60,615,6,,,1.0,1 tbsp (15 ml) vegetable oil,ok,
60,638,7,,,1.0,"2 medium white onions, diced",ok,
60,597,8,,,1.0,"4 medium tomatoes, diced",ok,
60,311,9,,,1.0,"2 medium jalapeño chiles or serrano chiles, diced",review,contains_conjunction
60,396,10,,,1.0,"¾ cup (75 g) okra, trimmed and cut into ¼-inch (6-mm) rounds",review,contains_conjunction
60,36,11,,,1.0,2 bay leaves,ok,
60,409,12,,,1.0,¼ cup (60 ml) palm oil,ok,
60,613,13,,,1.0,1½ cups (360 ml) vegetable stock,ok,
60,593,14,,,1.0,"1 cup (30 g) tightly packed spinach, roughly chopped",ok,
61,397,1,,,1.0,2 tbsp (30 ml) olive oil,ok,
61,399,2,,,1.0,"2 medium onions, roughly chopped",ok,
61,543,3,,,1.0,"2 medium serrano chiles, diced",ok,
61,251,4,,,1.0,"4 cloves garlic, minced",ok,
61,613,5,,,1.0,"4 cups (960 ml) vegetable stock, divided",ok,
61,427,6,,,1.0,3 tbsp (45 ml) Peri Peri Sauce,ok,
61,422,7,,,1.0,1½ cups (270 g) peanut butter,ok,
61,598,8,,,1.0,2 tbsp (20 g) tomato paste,ok,
61,127,9,,,1.0,1 tsp cayenne pepper,ok,
61,120,10,,,1.0,"2 medium carrots, roughly chopped",ok,
61,394,11,,,1.0,"1 cup (99 g) okra, whole",ok,
61,593,12,,,1.0,2 cups (60 g) tightly packed spinach,ok,
61,522,13,,,1.0,"Salt, to taste",ok,
62,615,1,,,1.0,2 tbsp (30 ml) vegetable oil,ok,
62,399,2,,,1.0,"1 large onion, diced",ok,
62,251,3,,,1.0,"2 cloves garlic, minced",ok,
62,261,4,,,1.0,1 tsp ground ginger,ok,
62,202,5,,,1.0,1 tbsp (8 g) curry powder,ok,
62,412,6,,,1.0,1 tsp paprika,ok,
62,597,7,,,1.0,"2 medium tomatoes, finely chopped",ok,
62,659,8,,,1.0,2 cups (450 g) diced Yukon gold potatoes,ok,
62,39,9,,,1.0,1 lb (450 g) ground beef,ok,
62,523,10,,,1.0,"Salt, as needed",ok,
62,419,11,,,1.0,"1 cup (150 g) frozen peas and carrots, thawed",review,contains_conjunction
62,522,12,,,1.0,1 tsp salt,ok,
62,577,13,,,1.0,3 tbsp (36 g) sugar,ok,
62,346,14,,,1.0,2 cups (480 ml) lukewarm water,ok,
62,408,15,,,1.0,1 (¼-oz [7-g]) packet active dry yeast,ok,
62,108,16,,,1.0,4 cups (360 g) cake flour,ok,
62,616,17,,,1.0,"Vegetable oil, as needed",ok,
63,634,1,,,1.0,3 slices white bread,ok,
63,364,2,,,1.0,"1½ cups (360 ml) milk, divided",ok,
63,397,3,,,1.0,2 tbsp (30 ml) olive oil,ok,
63,399,4,,,1.0,"2 large onions, roughly chopped",ok,
63,202,5,,,1.0,1 tbsp (8 g) curry powder,ok,
63,403,6,,,1.0,1 tsp dried oregano,ok,
63,197,7,,,1.0,1 tsp ground cumin,ok,
63,604,8,,,1.0,1 tsp ground turmeric,ok,
63,251,9,,,1.0,"2 cloves garlic, minced",ok,
63,39,10,,,1.0,1 lb (450 g) ground beef,ok,
63,352,11,,,1.0,¼ cup (80 g) mango chutney,ok,
63,22,12,,,1.0,1 tbsp (20 g) apricot jam,ok,
63,663,13,,,1.0,Zest and juice of 1 lemon,review,contains_conjunction
63,598,14,,,1.0,1 tsp tomato paste,ok,
63,526,15,,,1.0,"Salt and black pepper, as needed",review,mixed_seasoning;contains_conjunction
63,209,16,,,1.0,2 large eggs,ok,
63,36,17,,,1.0,2 bay leaves,ok,
64,615,1,,,1.0,1 to 2 tbsp (15 to 30 ml) vegetable oil,ok,
64,399,2,,,1.0,"3 medium onions, thinly sliced",ok,
64,597,3,,,1.0,"4 large tomatoes, thinly sliced",ok,
64,251,4,,,1.0,½ tsp minced garlic,ok,
64,525,5,,,1.0,"Salt and black pepper, to taste",review,mixed_seasoning;contains_conjunction
64,100,6,,,1.0,"Butter, as needed",ok,
64,634,7,,,1.0,8 slices white bread,ok,
64,278,8,,,1.0,8 slices Gruyère cheese,ok,
64,313,9,,,1.0,1 (12-oz [336-g]) jar mango chutney,ok,
65,10,1,,,1.0,2 cups (250 g) all-purpose flour,ok,
65,523,2,,,1.0,"½ tsp salt, plus more as needed",ok,
65,625,3,,,1.0,½ cup (120 ml) water,ok,
65,616,4,,,1.0,"1 cup (240 ml) vegetable oil, plus more as needed",ok,
65,39,5,,,1.0,1 lb (450 g) ground beef,ok,
65,64,6,,,1.0,"Black pepper, as needed",ok,
65,251,7,,,1.0,"2 cloves garlic, minced",ok,
65,260,8,,,1.0,½ tsp finely chopped fresh ginger,ok,
65,543,9,,,1.0,"3 small serrano chiles, diced",ok,
65,497,10,,,1.0,"½ medium red onion, finely chopped",ok,
65,209,11,,,1.0,6 large eggs,ok,
66,580,1,,,1.0,"1 lb (450 g) sweet potatoes, peeled",ok,
66,77,2,,,1.0,"Boiling water, as needed",ok,
66,10,3,,,1.0,1 cup (125 g) all-purpose flour,ok,
66,209,4,,,1.0,1 large egg,ok,
66,99,5,,,1.0,"¼ cup (58 g) butter, melted",ok,
66,522,6,,,1.0,Pinch of salt,ok,
66,616,7,,,1.0,"Vegetable oil, as needed",ok,
67,10,1,,,1.0,1 cup (125 g) all-purpose flour,ok,
67,29,2,,,1.0,1 tsp baking soda,ok,
67,522,3,,,1.0,½ tsp salt,ok,
67,209,4,,,1.0,2 large eggs,ok,
67,665,5,,,1.0,Zest from 1 orange,ok,
67,575,6,,,1.0,¾ cup (144 g) granulated sugar,ok,
67,516,7,,,1.0,1 tbsp (14 g) room-temperature unsalted butter,ok,
67,22,8,,,1.0,4 tbsp (80 g) apricot jam,ok,
67,206,9,,,1.0,1 tsp distilled white vinegar,ok,
67,364,10,,,1.0,¾ cup (180 ml) milk,ok,
67,217,11,,,1.0,1 cup (240 ml) evaporated milk,ok,
67,99,12,,,1.0,8 tbsp (112 g) butter,ok,
67,95,13,,,1.0,¼ cup (36 g) brown sugar,ok,
67,611,14,,,1.0,1½ tsp (8 ml) vanilla extract,ok,
68,618,1,0.5,cup,1.0,,ok,
69,327,1,2.0,pounds,1.0,,ok,
70,197,1,1.25,teaspoons,1.0,,ok,
71,399,1,2.0,,1.0,,ok,
72,214,1,0.75,cup,1.0,,review,contains_conjunction
73,625,1,10.0,cups,1.0,,ok,
74,580,1,1.0,,1.0,,review,contains_conjunction
75,522,1,1.0,teaspoon,1.0,,ok,
76,397,1,0.5,cup,1.0,,ok,
77,615,1,2.0,tablespoons,1.0,,ok,
78,99,1,0.5,cup,1.0,,ok,
79,615,1,1.0,tablespoon,1.0,,ok,
80,397,1,1.0,tbsp,1.0,,ok,
81,461,1,1.0,(17.5 ounce) package,1.0,,ok,
82,621,1,1.0,cup,1.0,,ok,
83,491,1,1.0,,1.0,,review,long_base_phrase
84,397,1,3.0,tablespoons,1.0,,ok,
85,640,1,2.0,cups,1.0,,ok,
86,160,1,1.0,teaspoon,1.0,,ok,
87,397,1,1.0,tablespoon,1.0,,ok,
88,423,1,2.0,tablespoons,1.0,,ok,
89,625,1,3.0,cups,1.0,,ok,
90,107,1,1.0,large head,1.0,,ok,
91,613,1,1.25,cups,1.0,,ok,
92,211,1,1.0,large,1.0,,ok,
93,493,1,1.0,cup,1.0,,ok,
94,399,1,1.0,,1.0,,ok,
95,346,1,2.0,cups,1.0,,ok,
96,10,1,4.0,cups,1.0,,ok,
97,99,1,1.0,cup unsalted,1.0,,ok,
98,563,1,2.0,cups,1.0,,ok,
99,397,1,1.5,tablespoons,1.0,,ok,
100,421,1,1.0,tablespoon,1.0,,ok,
101,386,1,0.5,cup,1.0,,ok,
102,640,1,1.0,cup,1.0,,ok,
103,398,1,0.25,cup,1.0,,review,contains_conjunction
104,142,1,2.0,pounds,1.0,,ok,
105,14,1,2.0,cups,1.0,,ok,
106,620,1,1.0,cup,1.0,,ok,
107,150,1,2.0,(15 ounce) cans,1.0,,ok,
108,641,1,0.5,cup,1.0,,ok,
109,151,1,10.0,,1.0,,ok,
110,84,1,1.0,(3 pound),1.0,,ok,
111,615,1,2.0,tablespoons,1.0,,ok,
112,361,1,12.0,,1.0,,review,long_base_phrase
113,397,1,1.0,tablespoon,1.0,,ok,
114,397,1,2.0,tablespoons,1.0,,ok,
115,615,1,1.0,tablespoon,1.0,,ok,
116,364,1,0.5,cup,1.0,,ok,
117,658,1,4.0,,1.0,,review,contains_conjunction
118,615,1,1.0,tablespoon,1.0,,ok,
119,333,1,1.0,cup,1.0,,ok,
120,462,1,1.0,,1.0,,ok,
121,397,1,2.0,tablespoons,1.0,,ok,
122,178,1,,,1.0,,ok,
123,613,1,2.0,cups,1.0,,ok,
124,637,1,1.5,cups,1.0,,ok,
125,222,1,2.0,tablespoons,1.0,,ok,
126,343,1,1.0,cup,1.0,,ok,
127,500,1,,,1.0,"2 large red or orange peppers , de-seeded and cut into bite-sized chunks",review,long_base_phrase;long_raw_phrase;contains_conjunction
127,581,2,,,1.0,"2 sweet potatoes , scrubbed and cut into bite-sized chunks",review,long_base_phrase;contains_conjunction
127,498,3,,,1.0,"2 red onions , cut into bite-sized chunks",ok,
127,132,4,,,1.0,200g/7oz cherry tomatoes,ok,
127,289,5,,,1.0,1 tbsp harissa spice mix,ok,
127,397,6,,,1.0,1 tbsp olive oil,ok,
127,538,7,,,1.0,sea salt and freshly ground black pepper,review,mixed_seasoning;contains_conjunction
128,440,1,,,1.0,"4 pointed red peppers , grated",ok,
128,497,2,,,1.0,"1 red onion , grated",ok,
128,163,3,,,1.0,"2cm/Â¾in piece fresh root ginger , peeled and grated",review,contains_conjunction
128,251,4,,,1.0,"5 garlic cloves, grated",ok,
128,494,5,,,1.0,"3 red chillies , chopped",ok,
128,492,6,,,1.0,"2 red birdâs-eye chillies , halved",ok,
128,614,7,,,1.0,"1 vegetable stock cube, crumbled",ok,
128,397,8,,,1.0,2 tbsp olive oil,ok,
128,399,9,,,1.0,"1 onion , sliced",ok,
128,565,10,,,1.0,"2 sprigs fresh thyme , leaves only",ok,
128,132,11,,,1.0,"6 cherry tomatoes , chopped",ok,
129,68,1,,,1.0,350g/12oz dried black-eyed beans,ok,
129,552,2,,,1.0,"900g/2lb sirloin steak, cut into 1cm/Â½ in cubes",ok,
129,236,3,,,1.0,325ml/11Â½fl oz vegetable oil,ok,
129,399,4,,,1.0,"1 large onion , chopped",ok,
129,251,5,,,1.0,"4 garlic cloves, finely chopped",ok,
129,163,6,,,1.0,"4cm/2in piece fresh root ginger , grated",ok,
129,154,7,,,1.0,1 tsp dried chilli flakes,ok,
129,596,8,,,1.0,2 x 400g tins chopped tomatoes,ok,
129,600,9,,,1.0,2 tbsp tomato purÃ©e,ok,
129,46,10,,,1.0,2 beef stock cubes,ok,
129,564,11,,,1.0,2 sprigs fresh thyme,ok,
129,534,12,,,1.0,"1 Scotch bonnet chilli , chopped",ok,
129,511,13,,,1.0,"3 ripe plantain , peeled and sliced",review,contains_conjunction
129,524,14,,,1.0,salt and freshly ground black pepper,review,mixed_seasoning;contains_conjunction
130,102,1,,,1.0,"butter , for greasing",ok,
130,231,2,,,1.0,400ml/14fl oz full-fat milk,ok,
130,635,3,,,1.0,50g/1Â¾oz fresh white breadcrumbs,ok,
130,241,4,,,1.0,"4 large free-range eggs , beaten",ok,
130,397,5,,,1.0,1 tbsp olive oil,ok,
130,328,6,,,1.0,1kg/2lb 4oz lamb mince,ok,
130,399,7,,,1.0,"2 onions , finely chopped",ok,
130,35,8,,,1.0,1 bay leaf,ok,
130,251,9,,,1.0,"2 garlic cloves , crushed",ok,
130,349,10,,,1.0,2 tbsp madras curry paste,ok,
130,233,11,,,1.0,250ml/9fl oz lamb stock,ok,
130,645,12,,,1.0,2 tbsp Worcestershire sauce,ok,
130,352,13,,,1.0,2 tbsp mango chutney,ok,
130,473,14,,,1.0,50g/1Â¾oz raisins,ok,
130,20,15,,,1.0,"50g/1Â¾oz dried apricots , chopped",ok,
130,158,16,,,1.0,1 tbsp cider vinegar,ok,
131,138,1,,,1.0,"1 whole chicken on the bone, skin on, separated into 6â8 pieces",review,long_raw_phrase
131,399,2,,,1.0,"1 onion , chopped",ok,
131,120,3,,,1.0,"2 carrots , peeled and chopped",review,contains_conjunction
131,129,4,,,1.0,"3 celery sticks, chopped",ok,
131,255,5,,,1.0,"1 head garlic , cut in half",ok,
131,182,6,,,1.0,2 tbsp coriander seeds,ok,
131,199,7,,,1.0,1 tbsp cumin seeds,ok,
131,162,8,,,1.0,1 cinnamon stick,ok,
131,118,9,,,1.0,"3 cardamom pods, crushed",ok,
131,537,11,,,1.0,1â2 tsp sea salt,ok,
131,66,12,,,1.0,1 tbsp black peppercorns,ok,
132,397,1,,,1.0,3 tbsp olive oil,ok,
132,399,2,,,1.0,"4 large onions , sliced",ok,
132,87,3,,,1.0,"700g/1lb 9oz boneless, skinless chicken thighs or breasts",review,long_base_phrase;contains_conjunction
132,179,4,,,1.0,"20g/Â¾oz fresh coriander , finely chopped",ok,
132,251,5,,,1.0,"3 garlic cloves, crushed",ok,
132,474,6,,,1.0,1 tsp ras el hanout,ok,
132,604,7,,,1.0,Â¼ tsp ground turmeric,ok,
132,261,8,,,1.0,Â¼ tsp ground ginger,ok,
132,62,9,,,1.0,1/8 tsp ground black pepper,ok,
132,230,10,,,1.0,150ml/5fl oz chicken stock,ok,
132,518,11,,,1.0,2 tbsp runny honey,ok,
132,161,12,,,1.0,"2 tsp ground cinnamon , plus extra for dusting",ok,
132,72,13,,,1.0,100g/3Â½oz blanched almonds,ok,
132,546,14,,,1.0,100g/3Â½oz shelled unsalted pistachio nuts,ok,
132,125,15,,,1.0,2 tbsp caster sugar,ok,
132,606,16,,,1.0,50g/1Â¾oz unsalted butter,ok,
132,241,17,,,1.0,5 large free-range eggs,ok,
132,226,18,,,1.0,325g/11Â½oz filo pastry sheets,ok,
132,338,19,,,1.0,"3 lemons , finely grated zest only",ok,
132,244,20,,,1.0,1 free-range egg yolk,ok,
132,305,21,,,1.0,"icing sugar , for dusting",ok,
132,522,22,,,1.0,salt,ok,
133,399,1,,,1.0,"1 onion , grated",ok,
133,251,2,,,1.0,"4 garlic cloves, crushed",ok,
133,260,3,,,1.0,"15g/Â½oz ginger , peeled and grated",review,contains_conjunction
133,205,4,,,1.0,2 tbsp Dijon mustard,ok,
133,504,5,,,1.0,2 tbsp red wine vinegar,ok,
133,335,6,,,1.0,"1 lemon , juice only",ok,
133,534,7,,,1.0,"1 Scotch bonnet chilli , finely chopped",ok,
133,527,8,,,1.0,salt and freshly ground pepper,review,mixed_seasoning;contains_conjunction
133,146,9,,,1.0,"8 chicken thighs , skin-on and bone-in",review,contains_conjunction
134,60,1,,,1.0,"120g/4Â½oz black eyed beans , soaked overnight or for at least 5 hours",review,long_base_phrase;long_raw_phrase;contains_conjunction
134,399,2,,,1.0,100g/3Â½oz onion,ok,
134,213,3,,,1.0,"80g/3oz egusi seeds , toasted",ok,
134,639,4,,,1.0,6g/Â¼oz white pepper,ok,
134,617,5,,,1.0,"50ml/1Â¾oz vegetable oil , plus extra for greasing",ok,
134,612,6,,,1.0,10g vegetable bouillon powder,ok,
134,243,7,,,1.0,200g/7oz free-range egg whites,ok,
135,522,1,,,1.0,80g/3oz salt,ok,
135,182,2,,,1.0,1 tsp coriander seeds,ok,
135,224,3,,,1.0,1 tsp fennel seeds,ok,
135,571,4,,,1.0,2 star anise,ok,
135,574,5,,,1.0,1 tbsp roughly chopped stem ginger,ok,
135,443,6,,,1.0,"250g/9oz pork chops , trimmed",ok,
136,261,1,,,1.0,30g/1oz ground ginger,ok,
136,252,2,,,1.0,30g/1oz garlic granules,ok,
136,155,3,,,1.0,45g/1Â½oz chilli flakes,ok,
136,591,4,,,1.0,20g/Â¾oz dried thyme,ok,
136,160,5,,,1.0,20g/Â¾oz ground cinnamon,ok,
136,389,6,,,1.0,15g/Â½oz ground nutmeg,ok,
136,180,7,,,1.0,20g/Â¾oz ground coriander,ok,
136,522,8,,,1.0,1 tbsp salt,ok,
136,62,9,,,1.0,1 tbsp ground black pepper,ok,
137,615,1,,,1.0,3 tbsp vegetable oil,ok,
137,93,2,,,1.0,"1 brown onion , roughly chopped",ok,
137,251,3,,,1.0,"4 garlic cloves, crushed",ok,
137,536,4,,,1.0,"1â2 Scotch bonnet chillies , roughly chopped or left whole",review,contains_conjunction
137,600,5,,,1.0,4 tbsp tomato purÃ©e,ok,
137,15,6,,,1.0,1 tbsp all-purpose seasoning,ok,
137,437,7,,,1.0,"600g/1lb 5oz plum tomatoes , roughly chopped",ok,
137,613,8,,,1.0,"4 vegetable stock cube (such as Maggi stock cubes), crushed",ok,
137,36,9,,,1.0,2 bay leaves,ok,
137,34,10,,,1.0,"500g/1lb 2oz basmati rice , rinsed",ok,
137,432,11,,,1.0,850ml/1Â½ pint lamb stock,ok,
137,529,12,,,1.0,"salt, white pepper and ground black pepper",review,long_base_phrase;mixed_seasoning;contains_conjunction
138,548,1,,,1.0,"1 shoulder of lamb (approximately 1kg/2lb 4oz), diced",ok,
139,435,1,,,1.0,150g/5Â½oz plain flour,ok,
139,55,2,,,1.0,1Â½ tsp bicarbonate of soda,ok,
139,22,3,,,1.0,2 tbsp apricot jam,ok,
139,241,4,,,1.0,2 free-range eggs,ok,
139,339,5,,,1.0,175g/6oz light brown sugar,ok,
139,125,6,,,1.0,55g/2oz caster sugar,ok,
139,234,7,,,1.0,200ml/7fl oz milk (preferably full-fat),ok,
139,101,8,,,1.0,"50g/1Â¾oz melted butter , plus extra for greasing",ok,
139,642,9,,,1.0,1 tbsp white wine or spirit vinegar,review,contains_conjunction
140,503,1,,,1.0,"1 red pepper , deseeded and chopped",review,contains_conjunction
140,93,2,,,1.0,"1 brown onion , roughly chopped",ok,
140,251,3,,,1.0,"4 garlic cloves, finely chopped or grated",review,contains_conjunction
140,163,4,,,1.0,"4cm/1Â½in piece fresh root ginger , peeled and finely grated",review,long_raw_phrase;contains_conjunction
140,257,5,,,1.0,"generous pinch red chilli flakes, plus extra if desired",review,long_base_phrase
141,579,1,,,1.0,1 tbsp smoked sweet paprika,ok,
141,300,2,,,1.0,1 tbsp hot paprika,ok,
141,252,3,,,1.0,2 tsp garlic granules,ok,
141,401,4,,,1.0,2 tsp onion salt,ok,
141,403,5,,,1.0,1 tsp dried oregano,ok,
141,237,6,,,1.0,2 tsp flaky sea salt,ok,
141,180,7,,,1.0,2 tsp ground coriander,ok,
141,125,8,,,1.0,1 tsp caster sugar,ok,
141,292,9,,,1.0,1 heaped tsp ancho or habanero chilli flakes (optional),review,contains_conjunction
142,236,1,,,1.0,50ml/2fl oz vegetable oil,ok,
142,497,2,,,1.0,"3 red onions , chopped",ok,
142,251,3,,,1.0,"2 garlic cloves, finely chopped",ok,
142,590,4,,,1.0,"thumb-sized piece fresh root ginger , grated",ok,
142,229,5,,,1.0,75ml/2.5fl oz brandy,ok,
142,21,6,,,1.0,250g/9oz apricot chutney,ok,
142,644,7,,,1.0,2 tbsp wholegrain mustard,ok,
142,645,8,,,1.0,2 tbsp Worcestershire sauce,ok,
142,235,9,,,1.0,100ml/3Â½fl oz tomato ketchup,ok,
142,230,10,,,1.0,200ml/7fl oz chicken stock,ok,
142,155,11,,,1.0,1 pinch chilli flakes,ok,
142,411,12,,,1.0,1 tsp smoked paprika,ok,
142,524,13,,,1.0,salt and freshly ground black pepper,review,mixed_seasoning;contains_conjunction
143,540,1,,,1.0,150g/5Â½oz self-raising flour,ok,
143,116,2,,,1.0,1 tsp ground cardamom,ok,
143,522,3,,,1.0,pinch salt,ok,
143,246,4,,,1.0,100g/3Â½oz full-fat plain yoghurt,ok,
143,232,5,,,1.0,"115ml/3Â¾fl oz full-fat milk , warmed",ok,
143,433,6,,,1.0,"750ml/1Â½ pints sunflower oil , for deep-frying",ok,
143,204,7,,,1.0,"desiccated coconut , to serve (optional)",ok,
144,261,1,,,1.0,2 tbsp ground ginger,ok,
144,160,2,,,1.0,1 tbsp ground cinnamon,ok,
144,389,3,,,1.0,1 tbsp ground nutmeg,ok,
144,127,4,,,1.0,1 tbsp cayenne pepper,ok,
145,48,1,,,1.0,"700g/1lb 9oz beef silverside or brisket, coarsely minced",review,contains_conjunction
145,330,2,,,1.0,"100g/3Â½oz lamb shoulder , coarsely minced",ok,
145,446,3,,,1.0,"200g/7oz pork shoulder or belly, coarsely minced",review,contains_conjunction
145,182,4,,,1.0,"2 tbsp coriander seeds , crushed",ok,
145,16,5,,,1.0,1 tsp ground allspice,ok,
145,389,6,,,1.0,large pinch ground nutmeg,ok,
145,350,8,,,1.0,2 tbsp malt vinegar,ok,
145,545,9,,,1.0,2 sheets ready-rolled puff pastry (approx. 320g/11Â½oz each),ok,
145,156,10,,,1.0,"50g/1Â¾oz chilli chutney , or plain chutney",review,contains_conjunction
145,242,11,,,1.0,"1 free-range egg , plus 1 free-range egg yolk, beaten",review,long_base_phrase
145,524,12,,,1.0,salt and freshly ground black pepper,review,mixed_seasoning;contains_conjunction
146,411,1,,,1.0,4g smoked paprika,ok,
146,127,2,,,1.0,2g cayenne pepper,ok,
146,262,3,,,1.0,6g ginger powder,ok,
146,253,4,,,1.0,4g garlic powder,ok,
146,62,5,,,1.0,1g ground black pepper,ok,
146,401,6,,,1.0,11g onion salt,ok,
146,604,7,,,1.0,7g ground turmeric,ok,
146,219,8,,,1.0,6g extra hot chilli powder,ok,
146,605,9,,,1.0,1g ground uda pods (also known as selim pepper ),ok,
147,582,1,,,1.0,"1kg/2lb 4oz sweet potatoes , skin on and scrubbed clean",review,long_base_phrase;contains_conjunction
147,397,2,,,1.0,3 tbsp olive oil,ok,
147,355,3,,,1.0,"150g/5Â½oz mature cheddar , roughly grated",ok,
147,251,4,,,1.0,"3 garlic cloves, crushed",ok,
147,200,5,,,1.0,"1 tsp cumin seeds, roughly crushed with a pestle and mortar",review,contains_conjunction
147,334,6,,,1.0,1 tbsp lemon juice,ok,
147,241,7,,,1.0,8 medium free-range eggs,ok,
147,181,8,,,1.0,"2 tbsp fresh coriander leaves, with some stem attached",review,long_base_phrase
147,524,9,,,1.0,salt and freshly ground black pepper,review,mixed_seasoning;contains_conjunction
148,241,1,,,1.0,"4 free-range eggs , beaten",ok,
148,636,2,,,1.0,"Â¼ white cabbage , finely shredded",ok,
148,615,3,,,1.0,2 tbsp vegetable oil,ok,
148,439,4,,,1.0,"1 plum tomato , seeds removed and cut into strips",review,long_base_phrase;contains_conjunction
148,497,5,,,1.0,"1 red onion , thinly sliced",ok,
148,98,6,,,1.0,"1 bunch fresh coriander , chopped",ok,
148,271,7,,,1.0,"1 green chilli , chopped",ok,
148,130,8,,,1.0,2 chapatis,ok,
148,524,9,,,1.0,salt and freshly ground black pepper,review,mixed_seasoning;contains_conjunction
148,353,10,,,1.0,2 tbsp mango chutney or other chutney,review,contains_conjunction
148,356,11,,,1.0,2 tbsp mayonnaise,ok,
149,83,1,,,1.0,8 bone-in chicken thighs or drumsticks,review,contains_conjunction
149,399,2,,,1.0,"1 large onion , roughly chopped",ok,
149,535,3,,,1.0,"1 Scotch bonnet chilli , de-seeded, finely chopped",ok,
149,592,4,,,1.0,1 tbsp fresh or dried thyme leaves,review,contains_conjunction
149,192,5,,,1.0,2 tbsp crayfish powder (available from online specialists),ok,
149,279,6,,,1.0,"6 Guinea peppers (also known as grains of paradise), crushed",ok,
150,632,1,,,1.0,1½ cup whole wheat flour hands,ok,
150,13,2,,,1.0,1 cup all-purpose flour pancake batter,ok,
150,325,3,,,1.0,2 teaspoon kosher salt,ok,
150,624,4,,,1.0,1½ cup warm water nonstick skillet over medium,review,long_base_phrase
150,112,5,,,1.0,2 tablespoon canola oil the oil,ok,
150,390,6,,,1.0,1 tablespoon oil,ok,
151,113,1,,,1.0,3 tablespoon canola oil bouillon cube and sprinkle it over the onion,review,long_base_phrase;long_raw_phrase;contains_conjunction
152,52,1,,,1.0,2 tablespoon Berbere Spice,ok,
152,625,2,,,1.0,2 cup water,ok,
153,109,1,,,1.0,2 tablespoon canola oil,ok,
153,54,2,,,1.0,1 tablespoon Berbere Spice texture of mashed potatoes. Season the,review,long_base_phrase
153,325,3,,,1.0,1 teaspoon kosher salt,ok,
153,567,4,,,1.0,2 tablespoon freshly squeezed,ok,
154,607,1,,,1.0,5 tablespoon unsalted butter occasionally,ok,
154,260,2,,,1.0,2 tablespoon minced ginger,ok,
154,52,3,,,1.0,3 tablespoon Berbere Spice,ok,
154,325,4,,,1.0,1 teaspoon kosher salt,ok,
154,625,5,,,1.0,1 cup water,ok,
155,173,1,,,1.0,3 cup cold water,ok,
156,10,1,,,1.0,3 cup all-purpose flour,ok,
156,631,2,,,1.0,1 cup whole wheat flour,ok,
156,28,3,,,1.0,1 teaspoon baking powder of the oil,ok,
156,575,4,,,1.0,2 tablespoon granulated sugar,ok,
156,366,5,,,1.0,1½ cup whole milk (alternatively,ok,
156,109,6,,,1.0,4 tablespoon canola oil,ok,
157,633,1,,,1.0,1 cup finely ground white the bowl with a clean kitchen,ok,
157,1,2,,,1.0,1 teaspoon active dry yeast,ok,
157,621,3,,,1.0,5 cup warm water,ok,
157,575,4,,,1.0,3 tablespoon granulated sugar,ok,
157,27,5,,,1.0,2 teaspoon baking powder flour,ok,
157,326,6,,,1.0,1 teaspoon kosher salt the kitchen,ok,
157,10,7,,,1.0,4 cup all-purpose flour,ok,
157,606,8,,,1.0,1 teaspoon unsalted butter,ok,
158,220,1,,,1.0,3 tablespoon extra-virgin olive oil,ok,
158,448,2,,,1.0,1 pound ground beef,ok,
158,646,3,,,1.0,3 tablespoon Xawaash Spice,ok,
158,325,4,,,1.0,1 teaspoon kosher salt,ok,
158,598,5,,,1.0,2 tablespoon tomato paste,ok,
159,67,1,,,1.0,1 teaspoon black peppercorns ginger,ok,
159,173,2,,,1.0,2 cup cold water,ok,
159,575,3,,,1.0,3 tablespoon granulated sugar,ok,
159,365,4,,,1.0,2 cup whole milk,ok,
159,174,2,,,1.0,2 cup cold water Once bubbles,ok,
160,325,1,,,1.0,1 tablespoon kosher salt,ok,
160,76,2,,,1.0,1 cup boiling water,ok,
160,567,3,,,1.0,3 tablespoon freshly squeezed,ok,
161,456,1,,,1.0,1 pound red potatoes,ok,
161,608,2,,,1.0,2 tablespoon unsalted butter with water,ok,
162,114,1,,,1.0,2 tablespoon canola oil turmeric,ok,
162,197,2,,,1.0,1 teaspoon ground cumin,ok,
162,453,3,,,1.0,1 pound kale and/or collards,review,contains_conjunction
162,567,4,,,1.0,2 tablespoon freshly squeezed,ok,
163,625,1,,,1.0,1 cup water,ok,
163,575,2,,,1.0,1½ cup granulated sugar,ok,
163,116,3,,,1.0,1 teaspoon ground cardamom,ok,
163,26,4,,,1.0,1 teaspoon baking powder,ok,
163,12,5,,,1.0,1 cup all-purpose flour handheld,ok,
163,104,6,,,1.0,1 cup buttermilk (or ½ cup plain them,review,contains_conjunction
163,542,7,,,1.0,1 cup semolina flour,ok,
163,609,8,,,1.0,1 cup unsweetened coconut flakes a spoon,ok,
164,606,1,,,1.0,3 tablespoon unsalted butter pieces,ok,
164,567,2,,,1.0,2 tablespoon freshly squeezed,ok,
165,111,1,,,1.0,3 tablespoon canola oil the ends and skin. Cut the plantains in half lengthwise and,review,long_base_phrase;long_raw_phrase;contains_conjunction
165,249,2,,,1.0,1 cup full-fat unsweetened and the reserved bone,review,contains_conjunction
166,449,1,,,1.0,1 pound bone-in,ok,
166,325,2,,,1.0,1 tablespoon kosher salt,ok,
166,630,3,,,1.0,6 cup water Use a handheld sieve,ok,
166,259,4,,,1.0,3 tablespoon ghee or unsalted,review,contains_conjunction
167,452,1,,,1.0,1½ pound each),ok,
167,202,2,,,1.0,1 teaspoon curry powder or,review,contains_conjunction
167,248,3,,,1.0,2 cup full-fat unsweetened other large heavy pot,review,long_base_phrase
167,629,4,,,1.0,1 cup water soften,ok,
168,627,1,,,1.0,5 cup water in the cornmeal and salt,review,contains_conjunction
168,643,2,,,1.0,1 cup finely ground white wooden spoon,ok,
168,325,3,,,1.0,2 teaspoon kosher salt,ok,
169,458,1,,,1.0,1 pound skirt steak or flank steak,review,long_base_phrase;contains_conjunction
169,434,2,,,1.0,1 cup Piri Piri Sauce (page 185) in the refrigerator and let it marinate,review,long_base_phrase;long_raw_phrase;contains_conjunction
169,606,3,,,1.0,4 tablespoon unsalted butter,ok,
170,575,1,,,1.0,1½ cup granulated sugar,ok,
170,470,2,,,1.0,2 teaspoon pure vanilla extract,ok,
170,10,3,,,1.0,1½ cup all-purpose flour,ok,
171,115,1,,,1.0,1 tablespoon canola oil Warm the oil in a large Dutch oven or other heavy,review,long_base_phrase;long_raw_phrase;contains_conjunction
171,454,2,,,1.0,2 pound lamb stew meat,ok,
171,325,3,,,1.0,1 teaspoon kosher salt,ok,
171,584,4,,,1.0,3 tablespoon tamarind paste with salt and serve hot,review,contains_conjunction
171,339,5,,,1.0,2 tablespoon light brown sugar,ok,
172,544,1,,,1.0,4 cup grated sharp white bread,ok,
173,627,1,,,1.0,2½ cup water cornmeal and salt,review,contains_conjunction
173,325,2,,,1.0,1 teaspoon kosher salt,ok,
173,221,3,,,1.0,3 tablespoon extra-virgin olive oil ‘ ae,ok,
174,568,1,,,1.0,3 tablespoon freshly squeezed refrigerator,ok,
174,260,2,,,1.0,1 teaspoon minced ginger,ok,
175,450,1,,,1.0,2 pound boneless,ok,
175,260,2,,,1.0,2 tablespoon minced ginger,ok,
175,325,3,,,1.0,1 teaspoon kosher salt,ok,
175,168,4,,,1.0,2 tablespoon coconut oil medium-high,ok,
176,457,1,,,1.0,1 pound shredded,ok,
176,325,2,,,1.0,1 teaspoon kosher salt,ok,
176,10,3,,,1.0,2 cup all-purpose flour,ok,
177,455,1,,,1.0,2½2 pound oxtails,ok,
177,628,2,,,1.0,3 cup water simmer the oxtails,ok,
177,575,3,,,1.0,2 tablespoon granulated sugar,ok,
178,623,1,,,1.0,1½ cup warm water (at body and the,review,contains_conjunction
178,2,2,,,1.0,1 teaspoon active dry yeast batter. Cover the bowl with a clean kitchen,review,long_base_phrase;long_raw_phrase
178,575,3,,,1.0,3 tablespoon granulated sugar,ok,
178,124,4,,,1.0,1 cup cassava flour or all-purpose ; : ; :,review,contains_conjunction
179,109,1,,,1.0,3 tablespoon canola oil,ok,
179,604,2,,,1.0,2 teaspoon ground turmeric,ok,
179,247,3,,,1.0,1 cup full-fat unsweetened,ok,
180,451,1,,,1.0,1 pound boneless salt cod bowl,review,long_base_phrase
180,109,2,,,1.0,3 tablespoon canola oil,ok,
180,604,3,,,1.0,1 teaspoon ground turmeric it dry,ok,
181,575,1,,,1.0,2 cup granulated sugar,ok,
181,258,2,,,1.0,1 cup ghee,ok,
181,117,3,,,1.0,1 teaspoon ground cardamom (The fat from the ghee and the egg yolks will start,review,long_base_phrase;long_raw_phrase;contains_conjunction
182,348,1,,ounces,1.0,,ok,
183,508,1,2.0,cups,1.0,,ok,
184,10,1,2.0,cups,1.0,,ok,
185,39,1,1.0,pound,1.0,,ok,
186,41,1,2.0,lbs,1.0,,ok,
187,603,1,1.5,pounds,1.0,,review,contains_conjunction
188,648,1,2.0,cups,1.0,,ok,
189,34,1,3.0,cups,1.0,,ok,
190,182,1,2.0,teaspoons,1.0,,ok,
191,61,1,3.0,cups,1.0,,ok,
192,390,1,3.0,tablespoons,1.0,,ok,
193,10,1,2.0,cups,1.0,,ok,
194,34,1,3.0,cups,1.0,,ok,
195,240,1,0.5,cup,1.0,,ok,
196,345,1,4.0,cups,1.0,,ok,
197,657,1,2.0,,1.0,,ok,
198,580,1,2.0,,1.0,,ok,
199,283,1,2.0,,1.0,,ok,
200,10,1,4.0,cups,1.0,,ok,
201,436,1,3.0,,1.0,,ok,
202,70,1,1.5,cups,1.0,,ok,
203,208,1,4.0,,1.0,,ok,
204,511,1,4.0,,1.0,,ok,
205,149,1,2.0,lb,1.0,,ok,
206,656,1,1.0,whole,1.0,,ok,
207,256,1,1.0,cup,1.0,,ok,
208,41,1,1.0,pound,1.0,,ok,
210,489,1,2.0,,1.0,,ok,
211,218,1,8.0,oz,1.0,,ok,
212,37,1,1.5,cups,1.0,,ok,
213,41,1,3.0,pounds,1.0,,ok,
214,316,1,,,1.0,,ok,
215,59,1,1.0,tablespoon,1.0,,ok,
216,358,1,2.0,pounds,1.0,,ok,
217,602,1,,lb.,1.0,,ok,
218,144,1,1.75,lb,1.0,,ok,
219,489,1,1.0,,1.0,,ok,
220,541,1,2.0,cups,1.0,,ok,
221,41,1,2.0,lb,1.0,,ok,
222,41,1,2.5,lb,1.0,,ok,
223,580,1,2.0,lb.,1.0,,ok,
224,351,1,1.0,cup,1.0,,ok,
225,650,1,1.0,medium,1.0,,ok,
226,141,1,1.0,kg,1.0,"1 kg chicken breast, julienned",ok,
226,260,2,2.0,tbsp,1.0,"2 tbsp fresh ginger, thinly sliced",ok,
226,122,3,2.0,medium,1.0,"2 medium carrots, julienned",ok,
226,561,4,40.0,ml,1.0,40 ml soy sauce,ok,
226,94,5,2.0,tbsp,1.0,2 tbsp brown spirit vinegar,ok,
226,522,6,1.0,tsp,1.0,1 tsp salt,ok,
226,639,7,0.5,tsp,1.0,1/2 tsp white pepper,ok,
226,586,8,3.0,tbsp,1.0,3 tbsp Tammy’s Pure Organic Sesame Oil,review,long_base_phrase
226,625,9,60.0,ml,1.0,60 ml water,ok,
226,566,10,,,1.0,a sprinkle of sesame seeds,ok,
226,286,11,,,1.0,"a handful of spring onion green tips, chopped",review,long_base_phrase
227,228,1,500.0,g,1.0,500 g Fish fillets of your choice,ok,
227,294,2,3.0,heaped,1.0,3 heaped tbsp flour,ok,
227,356,3,2.0,tbsp,1.0,2 tbsp mayonnaise,ok,
227,209,4,1.0,egg,1.0,1 egg,ok,
227,382,5,4.0,tbsp,1.0,4 tbsp Mr Sauce Sweet Chilli Sauce,review,long_base_phrase
227,522,6,1.0,tsp,1.0,1 tsp salt,ok,
227,412,7,0.5,tsp,1.0,1/2 tsp paprika,ok,
227,425,8,0.25,tsp,1.0,1/4 tsp pepper,ok,
227,90,9,1.5,cups,1.0,1 1/2 cups breadcrumbs,ok,
227,412,11,1.25,tsp,1.0,1 1/4 tsp paprika,ok,
227,425,12,0.5,tsp,1.0,1/2 tsp pepper,ok,
228,143,1,,,1.0,500g chicken gizzards,ok,
228,522,2,1.0,tsp,1.0,1 tsp salt,ok,
228,390,3,3.0,tbsp,1.0,3 tbsp oil,ok,
228,598,4,1.0,tbsp,1.0,1 tbsp tomato paste,ok,
228,384,5,,,1.0,50ml Mr Sauce Worcester sauce,ok,
228,625,6,150.0,ml,1.0,150 ml water,ok,
228,399,7,0.5,medium,1.0,"1/2 medium onion, sliced",ok,
228,251,8,3.0,cloves,1.0,"3 cloves garlic, finely chopped",ok,
228,273,9,1.0,medium,1.0,"1 medium green pepper, chopped",ok,
228,120,10,4.0,carrots,1.0,"4 carrots, chopped",ok,
229,359,1,8.0,medium,1.0,8 medium-large potatoes,ok,
229,177,2,,,1.0,3-4 tbsp cooking oil,ok,
229,522,3,1.0,tsp,1.0,1 tsp salt,ok,
229,591,4,1.5,tsp,1.0,1 1/2 tsp dried thyme,ok,
229,251,5,3.0,cloves,1.0,"3 cloves garlic, grated",ok,
229,377,6,,,1.0,3-4 tbsp Mr Sauce Miri Piri Sauce,review,long_base_phrase
230,139,1,500.0,g,1.0,500 g chicken breast,ok,
230,390,2,3.0,tbsp,1.0,3 tbsp oil,ok,
230,399,3,1.0,medium,1.0,"1 medium onion, finely chopped",ok,
230,251,4,3.0,tsp,1.0,"3 tsp garlic, grated",ok,
230,260,5,2.0,tsp,1.0,"2 tsp ginger, finely chopped",ok,
230,482,6,0.75,tsp,1.0,¾ tsp Real Premium Spices curry powder,ok,
230,488,7,0.25,tsp,1.0,¼ tsp Real Premium Spices turmeric,ok,
230,481,8,0.25,tsp,1.0,¼ tsp Real Premium Spices coriander,ok,
230,477,9,0.25,tsp,1.0,¼ tsp Real Premium Spices ground black pepper,review,long_base_phrase
230,522,10,1.0,,1.0,1 ¾ tsp salt,ok,
230,597,11,3.0,large,1.0,"3 large tomatoes, grated",ok,
230,301,12,300.0,ml,1.0,300 ml hot water,ok,
230,134,13,1.0,chicken,1.0,1 chicken stock cube,ok,
230,9,14,1.0,tbsp,1.0,1 tbsp all purpose flour plus enough water to make a paste,review,long_base_phrase;long_raw_phrase
230,560,15,50.0,ml,1.0,50 ml sour milk,ok,
231,573,1,1.0,kg,1.0,1 kg steak mince,ok,
231,522,2,1.5,tsp,1.0,1 1/2 tsp salt,ok,
231,62,3,0.75,tsp,1.0,3/4 tsp ground black pepper,ok,
231,373,4,60.0,ml,1.0,60 ml Mr Sauce Beef Burger Sauce,review,long_base_phrase
231,209,5,1.0,egg,1.0,1 egg,ok,
231,399,6,1.0,small,1.0,"1 small onion, finely chopped",ok,
231,33,7,2.0,tsp,1.0,"2 tsp fresh basil, finely chopped",ok,
231,251,8,2.0,tsp,1.0,"2 tsp garlic, grated",ok,
231,298,9,,,1.0,"1kg Homemade or Shop bought Puff Pastry, thawed plus 1 beaten egg",review,long_base_phrase;long_raw_phrase;contains_conjunction
231,131,10,200.0,g,1.0,200 g Cheddar Cheese,ok,
231,466,11,2.0,punnets,1.0,2 punnets oyster mushroom,ok,
231,390,12,3.0,tbsp,1.0,3 tbsp oil,ok,
231,566,13,,,1.0,A sprinkle of sesame seeds (optional),ok,
232,266,1,1.5,cups,1.0,1 1/2 cups The Grain Hub Sorghum,ok,
232,8,2,1.25,cups,1.0,1 1/4 cups all purpose flour (plain flour),ok,
232,577,3,0.5,cup,1.0,1/2 cup sugar,ok,
232,522,4,0.5,tsp,1.0,1/2 tsp salt,ok,
232,26,5,1.0,tsp,1.0,1 tsp baking powder,ok,
232,560,6,1.0,cup,1.0,1 cup sour milk,ok,
232,209,7,1.0,egg,1.0,1 egg,ok,
232,390,8,5.0,tbsp,1.0,5 tbsp oil,ok,
233,424,1,400.0,g,1.0,400 g penne pasta,ok,
233,441,2,700.0,g,1.0,700 g pork,ok,
233,585,3,5.0,tbsp,1.0,5 tbsp Tammy’s Garlic Infused Sesame Oil,ok,
233,251,4,2.0,large,1.0,"2 large cloves garlic, grated",ok,
233,399,5,1.0,medium,1.0,"1 medium onion, chopped",ok,
233,467,6,1.0,punnet,1.0,"1 punnet oyster mushroom, julienned",ok,
233,522,7,1.5,tsp,1.0,1 1/2 tsp salt,ok,
233,62,8,0.75,tsp,1.0,3/4 tsp ground black pepper,ok,
233,598,9,3.0,tbsp,1.0,3 tbsp tomato paste,ok,
234,442,1,1.5,kg,1.0,1.5 kg pork chops,ok,
234,522,2,1.0,tsp,1.0,1 tsp salt,ok,
234,390,3,3.0,tbsp,1.0,3 tbsp oil,ok,
234,251,4,2.0,tsp,1.0,"2 tsp garlic, grated",ok,
234,479,5,3.0,tsp,1.0,3 tsp Real Premium Spices Chisa Nyama,review,long_base_phrase
235,573,1,500.0,g,1.0,500 g steak mince,ok,
235,73,2,500.0,g,1.0,500 g boerewors sausage,ok,
235,399,3,1.0,large,1.0,"1 large onion, chopped",ok,
235,251,4,3.0,tsp,1.0,"3 tsp garlic, grated",ok,
235,120,5,2.0,large,1.0,"2 large carrots, chopped",ok,
235,164,6,1.0,cob,1.0,1 cob sweetcorn,ok,
235,464,7,0.5,punnet,1.0,"1/2 punnet green beans, chopped",ok,
235,469,8,1.0,punnet,1.0,1 punnet peas,ok,
235,597,9,4.0,large,1.0,"4 large tomatoes , grated",ok,
235,379,10,60.0,ml,1.0,60 ml Mr Sauce Smokey BBQ Marinade,review,long_base_phrase
235,522,11,1.0,tsp,1.0,1 tsp salt,ok,
235,391,12,,,1.0,Oil for frying,ok,
235,625,13,,,1.0,500ml water,ok,
236,553,1,5.0,,1.0,"5 – 6 Medium sized Kariba Bream Fish, gutted",review,long_base_phrase
236,483,2,2.0,tbsp,1.0,"2 tbsp Real Premium Spices Lemon, Garlic & Herb Seasoning",review,long_base_phrase
236,251,3,2.0,tbsp,1.0,"2 tbsp garlic, finely grated",ok,
236,415,4,3.0,tsp,1.0,"3 tsp fresh parsley, chopped",ok,
236,522,5,2.0,tsp,1.0,2 tsp salt,ok,
236,390,6,4.0,tbsp,1.0,4 tbsp oil,ok,
236,334,7,40.0,ml,1.0,40 ml lemon juice,ok,
237,145,1,2.0,kg,1.0,2 kg chicken thighs,ok,
237,522,2,1.75,tsp,1.0,1 3/4 tsp salt,ok,
237,400,3,1.0,tsp,1.0,1 tsp onion powder flakes,ok,
237,591,4,0.5,tsp,1.0,1/2 tsp dried thyme,ok,
237,412,5,1.5,tsp,1.0,1 1/2 tsp paprika,ok,
237,372,6,60.0,ml,1.0,60 ml Mr Sauce BBQ sauce,ok,
237,390,7,3.0,tbsp,1.0,3 tbsp oil,ok,
238,91,1,3.0,cups,1.0,3 cups brown flour,ok,
238,266,2,1.0,cup,1.0,1 cup The grain Hub sorghum (mapfunde),ok,
238,26,3,2.0,tsp,1.0,2 tsp baking powder,ok,
238,126,4,1.0,cup,1.0,1 cup castor sugar,ok,
238,390,5,0.5,cup,1.0,1/2 cup oil,ok,
238,364,6,1.25,cup,1.0,1 1/4 cup milk,ok,
238,209,7,3.0,eggs,1.0,3 eggs,ok,
238,610,8,1.0,tsp,1.0,1 tsp vanilla essence,ok,
238,160,9,1.0,tsp,1.0,1 tsp ground cinnamon,ok,
239,399,1,1.0,medium,1.0,"1 medium onion, chopped",ok,
239,177,2,3.0,tbsp,1.0,3 tbsp cooking oil,ok,
239,484,3,1.0,tsp,1.0,1 tsp Real Premium Spices Mild Curry powder,review,long_base_phrase
239,485,4,1.0,tsp,1.0,1 tsp Real Premium Spices Paprika,ok,
239,488,5,0.25,tsp,1.0,1/4 tsp Real Premium Spices Turmeric,ok,
239,522,6,1.25,tsp,1.0,1 1/4 tsp salt,ok,
239,251,7,1.0,tsp,1.0,"1 tsp garlic, finely chopped",ok,
239,508,8,3.0,cups,1.0,3 cups rice,ok,
239,76,9,6.0,cups,1.0,6 cups boiling water,ok,
240,406,1,5.0,overripe,1.0,5 overripe bananas,ok,
240,334,2,1.0,tbsp,1.0,1 tbsp lemon juice,ok,
240,540,3,3.0,cups,1.0,3 cups self-raising flour,ok,
240,26,4,1.5,tsp,1.0,1 1/2 tsp baking powder,ok,
240,480,5,1.0,tsp,1.0,1 tsp Real Premium Spices ground cinnamon,ok,
240,126,6,0.75,cup,1.0,3/4 cup castor sugar,ok,
240,522,7,,,1.0,a pinch of salt,ok,
240,390,8,0.5,cup,1.0,1/2 cup oil,ok,
240,363,9,4.0,tbsp,1.0,4 tbsp powdered milk,ok,
240,560,10,1.0,cup,1.0,1 cup sour milk,ok,
241,264,1,600.0,g,1.0,600 g The Grain Hub Mhunga (Pearl Millet),ok,
241,515,2,300.0,ml,1.0,300 ml room temperature water,ok,
241,76,3,1.8,L,1.0,1.8 L boiling water,ok,
242,573,1,500.0,g,1.0,500 g steak mince,ok,
242,522,2,0.75,tsp,1.0,3/4 tsp salt,ok,
242,360,3,0.75,tsp,1.0,3/4 tsp mild curry powder,ok,
242,412,4,0.75,tsp,1.0,3/4 tsp paprika,ok,
242,399,5,1.0,medium,1.0,"1 medium onion, chopped",ok,
242,597,6,2.0,large,1.0,"2 large tomatoes, grated",ok,
242,251,7,3.0,cloves,1.0,"3 cloves garlic, chopped",ok,
242,129,8,3.0,celery,1.0,"3 celery sticks, chopped",ok,
242,120,9,3.0,medium,1.0,"3 medium carrots, chopped",ok,
242,469,10,0.5,punnet,1.0,1/2 punnet peas,ok,
242,384,11,40.0,ml,1.0,40 ml Mr Sauce Worcester Sauce,ok,
242,598,12,1.0,tbsp,1.0,1 tbsp tomato paste,ok,
242,625,13,100.0,ml,1.0,100 ml water,ok,
242,194,14,0.5,tbsp,1.0,1/2 tbsp cream of tomato soup powder,ok,
242,391,15,4.0,tbsp,1.0,4 tbsp oil for frying,ok,
243,447,1,8.0,large,1.0,8 large potatoes,ok,
243,216,2,,,1.0,Enough water to go just below the potatoes,review,long_base_phrase
243,522,3,1.0,tsp,1.0,1 tsp salt,ok,
243,487,4,2.0,tbsp,1.0,2 tbsp Real Premium Spices Sour Cream ‘n Chives,review,long_base_phrase
243,425,5,1.0,tsp,1.0,1 tsp pepper,ok,
243,103,6,1.0,tbsp,1.0,1 tbsp butter/ margarine,ok,
243,362,7,0.5,cup,1.0,1/2 cup fresh milk,ok,
244,266,1,1.0,cup,1.0,1 cup The Grain Hub Sorghum,ok,
244,515,2,250.0,ml,1.0,250 ml room temperature water,ok,
244,341,3,1.0,litre,1.0,1 litre boiling water,ok,
244,522,4,0.5,tsp,1.0,1/2 tsp salt,ok,
245,176,1,4.0,,1.0,4 – 5 cups of cooked rice,ok,
245,484,2,1.0,tsp,1.0,1 tsp Real Premium Spices Mild Curry Powder,review,long_base_phrase
245,477,3,0.5,tsp,1.0,1/2 tsp Real Premium Spices Ground Black Pepper,review,long_base_phrase
245,399,4,1.0,medium,1.0,"1 medium onion, chopped",ok,
245,120,5,2.0,large,1.0,2 large carrots,ok,
245,209,6,4.0,large,1.0,"4 large eggs, beaten",ok,
245,522,7,1.5,tsp,1.0,1 1/2 tsp salt,ok,
245,273,8,1.0,medium,1.0,"1 medium green pepper, chopped",ok,
245,502,9,1.0,small,1.0,"1 small red pepper, chopped",ok,
245,561,10,30.0,ml,1.0,30 ml Soy sauce,ok,
245,391,11,3.0,tbsp,1.0,3 tbsp oil for frying,ok,
245,251,12,,,1.0,"I tsp garlic, finely chopped",ok,
246,554,1,8.0,medium,1.0,"8 medium sized potatoes, peeled and cubed",review,contains_conjunction
246,390,2,4.0,tbsp,1.0,4 tbsp oil,ok,
246,485,3,1.0,tsp,1.0,1 tsp Real Premium Spices Paprika,ok,
246,486,4,4.0,tsp,1.0,4 tsp Real Premium Spices Potato Mate,review,long_base_phrase
246,522,5,1.0,tsp,1.0,1 tsp salt,ok,
247,91,1,3.0,cups,1.0,3 cups brown flour,ok,
247,264,2,1.0,cup,1.0,1 cup The Grain Hub Mhunga (Pearl Millet),ok,
247,346,3,1.0,and,1.0,1 and 1/2 cup lukewarm water,review,contains_conjunction
247,390,4,4.0,tbsp,1.0,4 tbsp oil,ok,
247,95,5,3.0,tbsp,1.0,3 tbsp brown sugar,ok,
247,307,6,1.0,and,1.0,1 and 1/2 tsp instant yeast,review,contains_conjunction
247,522,7,1.0,tsp,1.0,1 tsp salt,ok,
248,342,1,3.0,cups,1.0,3 cups long grain rice,ok,
248,502,2,0.5,small,1.0,"1/2 small red pepper, chopped",ok,
248,251,3,2.0,tsp,1.0,"2 tsp garlic, finely chopped",ok,
248,399,4,0.5,medium,1.0,"1/2 medium onion, chopped",ok,
248,120,5,1.0,small,1.0,"1 small carrot, chopped",ok,
248,465,6,0.5,punnet,1.0,"1/2 punnet mushroom, chopped",ok,
248,468,7,0.5,punnet,1.0,1/2 punnet fresh peas,ok,
248,134,8,5.5,cups,1.0,5 1/2 cups chicken stock,ok,
248,522,9,1.0,tsp,1.0,1 tsp salt,ok,
248,484,10,1.0,tsp,1.0,1 tsp Real Premium Spices mild curry powder,review,long_base_phrase
248,488,11,0.5,tsp,1.0,1/2 tsp Real Premium Spices turmeric,ok,
248,478,12,0.25,tsp,1.0,1/4 tsp Real Premium Spices cayenne pepper,review,long_base_phrase
248,390,13,3.0,tbsp,1.0,3 tbsp oil,ok,
249,265,1,3.0,cups,1.0,3 cups The Grain Hub Mupunga (traditional brown rice),ok,
249,625,2,7.0,cups,1.0,7 cups water,ok,
249,522,3,1.0,tsp,1.0,1 tsp salt,ok,
250,323,1,1.0,kg,1.0,"1 kg Kariba Bream, gutted and scaled",review,contains_conjunction
250,399,2,0.5,medium,1.0,"1/2 medium onion, chopped",ok,
250,597,3,2.0,large,1.0,"2 large tomatoes, grated",ok,
250,435,4,0.75,cup,1.0,3/4 cup plain (all purpose) flour,ok,
250,483,5,1.0,tsp,1.0,"1 tsp Real Premium Spices’ Lemon, Garlic & Herb Seasoning",review,long_base_phrase
250,488,6,1.0,tsp,1.0,1 tsp Real Premium Spices’ Turmeric,ok,
250,522,7,2.0,tsp,1.0,2 tsp salt,ok,
250,484,8,1.0,tsp,1.0,1 tsp Real Premium Spices’ Mild Curry Powder,review,long_base_phrase
250,177,9,40.0,ml,1.0,40 ml cooking oil,ok,
250,251,10,1.0,tsp,1.0,"1 tsp garlic, grated",ok,
250,209,11,2.0,eggs,1.0,"2 eggs, beaten",ok,
250,598,12,1.0,tbsp,1.0,1 tbsp tomato paste,ok,
250,383,13,40.0,ml,1.0,40 ml Mr Sauce Tomato Sauce,ok,
250,625,14,150.0,ml,1.0,150 ml water,ok,
251,126,1,0.5,cup,1.0,½ cup castor sugar,ok,
251,540,2,1.0,,1.0,1 ½ cups Self-Raising Flour,ok,
251,267,3,0.5,cup,1.0,½ cup The Grain Hub Zviyo (Finger Millet),ok,
251,203,4,0.5,cup,1.0,½ cup custard powder,ok,
251,522,5,0.5,tsp,1.0,½ tsp salt,ok,
251,473,6,0.5,cup,1.0,"½ cup raisins, chopped",ok,
251,293,7,1.0,,1.0,1 ½ tsp heaped butter/ margarine,ok,
251,367,8,1.0,cup,1.0,1 cup milk maas,ok,
251,210,9,1.0,egg,1.0,"1 egg, lightly beaten",ok,
251,610,10,1.0,tsp,1.0,1 tsp vanilla essence,ok,
252,583,1,2.0,kg,1.0,2 kg T-bone steak,ok,
252,522,2,2.0,tsp,1.0,2 tsp salt,ok,
252,251,3,3.0,tsp,1.0,"3 tsp garlic, grated",ok,
252,378,4,50.0,ml,1.0,50 ml Mr Sauce Mustard Sauce,ok,
252,376,5,40.0,ml,1.0,40 ml Mr Sauce Lemon Juice,ok,
252,381,6,100.0,ml,1.0,100 ml Mr Sauce Sticky BBQ Basting,review,long_base_phrase
253,265,1,,,1.0,225g The Grain Hub Mupunga,ok,
253,173,2,100.0,ml,1.0,100 ml cold water,ok,
253,76,3,750.0,ml,1.0,750 ml boiling water,ok,
254,444,1,1.0,kg,1.0,1 kg pork fillet,ok,
254,390,2,2.0,tbsp,1.0,2 tbsp oil,ok,
254,253,3,1.0,tsp,1.0,1 tsp garlic powder,ok,
254,412,4,1.0,tsp,1.0,1 tsp paprika,ok,
254,400,5,0.5,tsp,1.0,1/2 tsp onion powder,ok,
254,591,6,0.5,tsp,1.0,1/2 tsp dried thyme,ok,
254,32,7,0.5,tsp,1.0,1/2 tsp dried basil,ok,
254,522,8,1.0,tsp,1.0,1 tsp salt,ok,
254,62,9,0.5,tsp,1.0,1/2 tsp freshly ground black pepper,ok,
254,380,10,3.0,tbsp,1.0,3 tbsp Mr Sauce Soy sauce,ok,
254,378,11,1.0,tbsp,1.0,1 tbsp Mr Sauce Mustard sauce,ok,
254,251,12,4.0,cloves,1.0,"4 cloves garlic, grated",ok,
254,577,13,4.0,tbsp,1.0,4 tbsp sugar,ok,
254,625,14,4.0,tbsp,1.0,4 tbsp water,ok,
254,390,15,1.0,tbsp,1.0,1 tbsp oil,ok,
255,145,1,1.0,kg,1.0,1 kg chicken thighs,ok,
255,669,2,1.5,tsp,1.0,1 1/2 tsp Zimspice Portuguese Chicken Masala,ok,
255,251,3,3.0,tsp,1.0,"3 tsp garlic, grated",ok,
255,522,4,1.0,tsp,1.0,1 tsp salt,ok,
255,336,5,1.0,tbsp,1.0,1 tbsp lemon rind,ok,
255,390,6,3.0,tbsp,1.0,3 tbsp oil,ok,
256,521,1,,,1.0,Sadza reMhunga (Pearl Millet Sadza),ok,
256,47,2,,,1.0,1kg beef short ribs,ok,
256,522,3,1.0,tsp,1.0,1 tsp salt,ok,
256,62,4,0.75,tsp,1.0,3/4 tsp freshly ground black pepper,ok,
256,390,5,2.0,tbsp,1.0,2 tbsp oil,ok,
256,372,6,80.0,ml,1.0,80 ml Mr Sauce BBQ sauce,ok,
257,145,1,1.0,kg,1.0,1 kg chicken thighs,ok,
257,207,2,1.0,kg,1.0,1 kg drumsticks,ok,
257,375,3,500.0,ml,1.0,500 ml Mr Sauce Lemon & Herb marinade,review,long_base_phrase
257,105,4,1.0,large,1.0,1 large butternut,ok,
257,399,5,1.0,large,1.0,1 large onion,ok,
257,463,6,1.0,punnet,1.0,1 punnet cauliflower,ok,
257,273,7,1.0,large,1.0,1 large green pepper,ok,
257,502,8,1.0,large,1.0,1 large red pepper,ok,
257,522,9,2.0,and,1.0,2 and 3/4 tsp salt,review,contains_conjunction
257,251,10,3.0,tsp,1.0,"3 tsp garlic, grated",ok,
257,390,11,3.0,tbsp,1.0,3 tbsp oil,ok,
258,466,1,4.0,punnets,1.0,4 punnets oyster mushroom,ok,
258,251,2,1.0,tsp,1.0,"1 tsp garlic, grated",ok,
258,522,3,1.0,tsp,1.0,1 tsp salt,ok,
258,667,4,1.0,tsp,1.0,1 tsp Zimspice curry powder,ok,
258,399,5,1.0,medium,1.0,"1 medium onion, finely chopped",ok,
258,597,6,3.0,large,1.0,"3 large tomatoes, grated",ok,
258,625,7,50.0,ml,1.0,50 ml water,ok,
258,374,8,3.0,tbsp,1.0,3 tbsp Mr Sauce Ketchup,ok,
258,390,9,5.0,tbsp,1.0,5 tbsp oil,ok,
259,385,1,,,1.0,200g mufushwa weMunyemba,ok,
259,522,2,2.0,tsp,1.0,2 tsp salt,ok,
259,625,3,300.0,ml,1.0,300 ml water,ok,
259,399,4,1.0,medium,1.0,"1 medium onion, chopped",ok,
259,597,5,3.0,large,1.0,"3 large tomatoes, grated",ok,
259,295,6,2.0,heaped,1.0,2 heaped tbsp peanut butter,ok,
259,390,7,3.0,tbsp,1.0,3 tbsp oil,ok,
260,594,1,1.0,kg,1.0,1 kg tilapia fish fillets,ok,
260,668,2,4.0,tbsp,1.0,4 tbsp Zimspice fish curry,ok,
260,670,3,1.0,tsp,1.0,1 tsp Zimspice turmeric,ok,
260,399,4,0.5,medium,1.0,"½ medium onion, finely chopped",ok,
260,251,5,1.0,tbsp,1.0,"1 tbsp garlic, finely grated",ok,
260,260,6,1.0,tbsp,1.0,"1 tbsp ginger, finely grated",ok,
260,95,7,1.0,tbsp,1.0,1 tbsp brown sugar,ok,
260,654,8,0.5,yellow,1.0,"1/2 yellow pepper, cubed",ok,
260,502,9,0.5,red,1.0,"1/2 red pepper, cubed",ok,
260,273,10,0.5,green,1.0,"1/2 green pepper, cubed",ok,
260,625,11,70.0,ml,1.0,70 ml water,ok,
260,167,12,,,1.0,Coconut milk x 1tin,ok,
260,417,13,,,1.0,Chopped parsley for garnish (optional),ok,
260,390,14,4.0,tbsp,1.0,4 tbsp oil,ok,
261,472,1,1.0,rack,1.0,1 rack of pork ribs,ok,
261,522,2,1.0,tsp,1.0,1 tsp salt,ok,
261,254,3,4.0,whole,1.0,4 whole cloves garlic,ok,
261,302,4,750.0,ml,1.0,750 ml hot water + 1 chicken stock cube,ok,
261,372,5,200.0,ml,1.0,200 ml Mr Sauce BBQ Sauce,ok,
261,376,6,50.0,ml,1.0,50 ml Mr Sauce lemon juice,ok,
262,354,1,200.0,g,1.0,200 g margarine (at room temperature),ok,
262,125,2,200.0,g,1.0,200 g caster sugar,ok,
262,364,3,160.0,ml,1.0,160 ml milk,ok,
262,209,4,2.0,large,1.0,2 large eggs,ok,
262,539,5,2.0,cups,1.0,2 cups self raising flour,ok,
262,666,6,2.0,tbsp,1.0,2 tbsp Zimspice blue poppy seeds,ok,
262,664,7,,,1.0,Zest from 1 lemon,ok,
262,376,8,30.0,ml,1.0,30 ml Mr Sauce lemon juice,ok,
262,332,9,1.0,tsp,1.0,1 tsp lemon essence,ok,
263,407,1,,,1.0,1kg Ox Kidneys,ok,
263,273,2,1.0,Green,1.0,"1 Green Pepper, diced",ok,
263,497,3,1.0,Red,1.0,"1 Red Onion, diced",ok,
263,597,4,1.0,Tomato,1.0,"1 Tomato, chopped",ok,
263,598,5,1.0,Tablespoon,1.0,1 Tablespoon Tomato Paste,ok,
263,251,6,4.0,Cloves,1.0,4 Cloves Garlic,ok,
263,615,7,2.5,Tablespoons,1.0,2 1/2 Tablespoons Vegetable oil,ok,
263,619,8,0.5,cup,1.0,1/2 cup Vinegar,ok,
263,561,9,2.0,Tablespoons,1.0,2 Tablespoons Soy Sauce,ok,
263,57,10,1.0,Tablespoon,1.0,1 Tablespoon Bisto or Gravy Thickener,review,contains_conjunction
263,528,11,,,1.0,"Salt and Pepper, to taste",review,mixed_seasoning;contains_conjunction
263,152,12,,,1.0,"Chili, optional",ok,
264,370,1,1.0,Kg,1.0,1 Kg of Mixed Offal,ok,
264,522,2,0.5,Teaspoon,1.0,1/2 Teaspoon Salt,ok,
264,597,3,2.0,medium,1.0,2 medium tomatoes – Grated,ok,
264,399,4,1.0,medium,1.0,1 medium onion,ok,
264,251,5,2.0,Cloves,1.0,2 Cloves of Garlic,ok,
264,615,6,2.0,Tablespoons,1.0,2 Tablespoons of Vegetable oil,ok,
264,56,7,1.0,Tablespoon,1.0,1 Tablespoon Bisto Gravy,ok,
264,411,8,1.0,Teaspoon,1.0,1 Teaspoon smoked Paprika,ok,
265,50,1,,,1.0,800g Beef Trotters,ok,
265,251,2,4.0,Cloves,1.0,4 Cloves Garlic,ok,
265,63,3,2.0,Teaspoons,1.0,2 Teaspoons Black pepper,ok,
265,253,4,1.0,Teaspoon,1.0,1 Teaspoon Garlic Powder,ok,
265,412,5,2.0,Teaspoons,1.0,2 Teaspoons Paprika,ok,
265,615,6,0.25,cup,1.0,1/4 cup Vegetable Oil,ok,
265,134,7,1.0,Chicken,1.0,1 Chicken Stock Cube,ok,
265,399,8,1.0,Large,1.0,1 Large Onion,ok,
265,273,9,1.0,Large,1.0,1 Large Green Pepper,ok,
265,597,10,1.0,Medium,1.0,"1 Medium Tomato, chopped",ok,
265,598,11,1.5,Tablespoon,1.0,1 1/2 Tablespoon Tomato paste,ok,
265,157,12,3.0,fresh,1.0,3 fresh Chilies (optional),ok,
265,260,13,1.0,Tablespoon,1.0,1 Tablespoon fresh Ginger (optional),ok,
266,393,1,,,1.0,500g Okra,ok,
266,557,2,2.0,Teaspoons,1.0,2 Teaspoons Soda,ok,
266,522,3,0.5,Teaspoon,1.0,1/2 Teaspoon Salt,ok,
266,513,4,1.0,Medium,1.0,1 Medium ripe Tomato,ok,
266,79,5,,,1.0,650g Bondwe (Amaranth leaves) – (Optional),ok,
266,625,6,,,1.0,300ml Water,ok,
267,80,1,,,1.0,800g Bondwe leaves,ok,
267,399,2,1.0,Onion,1.0,1 Onion,ok,
267,597,3,1.0,Tomato,1.0,1 Tomato,ok,
267,506,4,1.0,Teaspoon,1.0,1 Teaspoon or regular Salt or seasoned salt.,review,contains_conjunction
267,615,5,2.0,Tablespoons,1.0,2 Tablespoons Vegetable oil,ok,
268,322,1,,,1.0,300g Dried Kapenta,ok,
268,597,2,1.0,Large,1.0,1 Large Tomato,ok,
268,471,3,1.0,large,1.0,1 large purple Onion,ok,
268,273,4,1.0,Medium,1.0,1 Medium Green Pepper,ok,
268,153,5,0.25,Teaspoon,1.0,1/4 Teaspoon Chili Powder (Optional),ok,
268,522,6,0.25,Teaspoon,1.0,1/4 Teaspoon Salt,ok,
268,413,7,0.25,Teaspoon,1.0,1/4 Teaspoon Smoked Paprika or Curry Powder,review,contains_conjunction
268,615,8,2.5,Tablespoons,1.0,2 1/2 Tablespoons of Vegetable oil,ok,
269,306,1,,,1.0,400g Impwa (Garden Eggs),ok,
269,502,2,1.0,Red,1.0,1 Red Pepper,ok,
269,273,3,1.0,Green,1.0,1 Green Pepper,ok,
269,497,4,,,1.0,I Red Onion,ok,
269,397,5,3.0,Tablespoons,1.0,3 Tablespoons Olive Oil,ok,
269,33,6,,,1.0,Fresh Basil,ok,
269,597,7,1.0,Tomato,1.0,"1 Tomato, grated",ok,
269,251,8,2.0,Cloves,1.0,2 Cloves Garlic,ok,
269,412,9,0.5,Teaspoon,1.0,1/2 Teaspoon Paprika,ok,
269,400,10,0.5,Teaspoon,1.0,1/2 Teaspoon Onion Powder,ok,
269,238,11,1.0,Teaspoon,1.0,1 Teaspoon flavored Salt,ok,
269,63,12,0.25,Teaspoon,1.0,1/4 Teaspoon Black Pepper,ok,
269,587,13,0.5,Teaspooon,1.0,1/2 Teaspooon Chili powder/Curry (optional),ok,
270,319,1,,,1.0,600g Dry Kabulangeti Beans,ok,
270,597,2,1.0,Tomato,1.0,"1 Tomato, chopped",ok,
270,399,3,1.0,Onion,1.0,"1 Onion, chopped",ok,
270,275,4,1.0,Green,1.0,"1 Green/Yellow Pepper, chopped",ok,
270,251,5,3.0,Cloves,1.0,3 Cloves Garlic,ok,
270,615,6,4.0,Tablespoons,1.0,4 Tablespoons Vegetable oil,ok,
270,598,7,1.0,Tablespoon,1.0,1 Tablespoon Tomato paste,ok,
270,528,8,,,1.0,"Salt and Pepper, to taste",review,mixed_seasoning;contains_conjunction
271,321,1,,,1.0,300g Kalembula (Sweet Potato leaves),ok,
271,597,2,1.0,Medium,1.0,1 Medium Tomato,ok,
271,399,3,1.0,Medium,1.0,1 Medium Onion,ok,
271,522,4,0.5,Teaspoon,1.0,1/2 Teaspoon Salt,ok,
271,615,5,3.0,Tablespoons,1.0,3 Tablespoons Vegetable oil,ok,
272,347,1,,,1.0,800g Lumanda leaves,ok,
272,459,2,1.5,cup,1.0,1 1/2 cup pounded Groundnuts,ok,
272,399,3,1.0,Onion,1.0,1 Onion,ok,
272,597,4,1.0,Tomato,1.0,1 Tomato,ok,
272,557,5,2.5,Teaspoons,1.0,2 1/2 Teaspoons Soda,ok,
272,522,6,0.75,Teaspoon,1.0,3/4 Teaspoon Salt,ok,
272,625,7,300.0,ml,1.0,300 ml Water,ok,
273,653,1,,,1.0,500g Yellow Lusaka Beans,ok,
273,251,2,3.0,Cloves,1.0,3 Cloves of Garlic,ok,
273,497,3,1.0,Red,1.0,1 Red Onion,ok,
273,272,4,3.0,Green,1.0,3 Green Onions,ok,
273,513,5,1.0,ripe,1.0,"1 ripe Tomato, grated.",ok,
273,273,6,1.0,Green,1.0,1 Green Pepper,ok,
273,397,7,2.0,Tablespoons,1.0,2 Tablespoons Olive Oil,ok,
273,250,8,1.5,Teaspoons,1.0,1 1/2 Teaspoons Garam Masala,ok,
273,601,9,1.0,Teaspoon,1.0,1 Teaspoon Tumeric Powder,ok,
273,198,10,1.0,Teaspoon,1.0,1 Teaspoon Cumin powder,ok,
273,260,11,1.0,Teaspoon,1.0,1 Teaspoon fresh Ginger,ok,
273,411,12,1.0,Teaspoon,1.0,1 Teaspoon smoked Paprika,ok,
273,522,13,1.0,Teaspoons,1.0,1 Teaspoons Salt,ok,
273,598,14,2.0,Teaspoons,1.0,2 Teaspoons Tomato paste,ok,
273,179,15,,,1.0,Fresh Coriander,ok,
273,495,16,3.0,Red,1.0,3 Red Chilies (optional),ok,
274,357,1,3.0,cups,1.0,3 cups of Mealie Meal/ White Cornmeal,ok,
274,341,2,1.0,Litre,1.0,1 Litre Boiling water,ok,
274,173,3,1.5,cups,1.0,1 1/2 cups Cold Water,ok,
275,393,1,,,1.0,500g Okra,ok,
275,558,2,2.0,Teaspoons,1.0,2 Teaspoons Soda or Bicarbonate of Soda,review,contains_conjunction
275,522,3,0.5,Teaspoon,1.0,1/2 Teaspoon Salt,ok,
275,513,4,1.0,ripe,1.0,1 ripe Tomato,ok,
275,497,5,0.5,red,1.0,1/2 red Onion (optional),ok,
275,625,6,2.0,cups,1.0,2 cups Water,ok,
276,530,1,,,1.0,600g Samp,ok,
276,95,2,1.0,cup,1.0,1 cup Brown sugar,ok,
276,522,3,2.0,Teaspoons,1.0,2 Teaspoons Salt,ok,
276,459,4,2.0,cups,1.0,2 cups pounded groundnuts,ok,
276,556,5,3.0,Tablespoons,1.0,3 Tablespoons smooth peanut butter,ok,
276,625,6,,,1.0,Water,ok,
277,580,1,,,1.0,"700g Sweet Potatoes, peeled and cubed",review,contains_conjunction
277,459,2,,,1.0,300g pounded Groundnuts,ok,
277,522,3,1.0,Teaspoon,1.0,1 Teaspoon Salt,ok,
277,422,4,2.0,cups,1.0,2 cups Peanut Butter,ok,
277,625,5,,,1.0,Water,ok,
278,589,1,,,1.0,500g Tente Mushroom,ok,
278,273,2,1.0,Large,1.0,1 Large Green Pepper,ok,
278,497,3,1.0,Large,1.0,1 Large Red Onion,ok,
278,615,4,2.0,Tablespoons,1.0,2 Tablespoons Vegetable Oil,ok,
278,597,5,1.0,Large,1.0,"1 Large Tomato, grated",ok,
278,63,6,0.25,Teaspoon,1.0,1/4 Teaspoon Black Pepper,ok,
278,522,7,0.5,Teaspoon,1.0,1/2 Teaspoon Salt,ok,
278,561,8,1.0,Tablespoon,1.0,1 Tablespoon Soy Sauce (Optional),ok,
278,193,9,1.0,Tablespoon,1.0,1 Tablespoon Cream of Mushroom soup/Bisto or gravy thickener (Optional),review,long_base_phrase;contains_conjunction
