recipe_id,servings,ingredients_total,ingredients_used,energy_kcal,protein_g,fat_g,carbohydrate_g,sugars_g,sodium_mg
1,5,20,16,703.6,24.5,21.2,105.1,13.8,1564.8
2,7,14,11,431.1,24.7,28.3,18.2,6.9,794.4
3,9,17,14,970.1,49.3,79.3,12.1,4.1,1248.5
4,7,17,14,566.9,34.8,24.5,50.6,13.7,923.3
5,7,15,13,1064.6,86.8,71.0,19.2,3.1,1547.3
6,6,13,9,420.3,22.7,20.4,35.8,3.0,946.0
7,6,10,7,344.8,40.2,18.5,2.0,0.5,590.9
8,6,9,7,411.1,5.4,36.7,17.1,11.8,278.0
9,4,12,12,876.7,33.7,60.9,49.3,18.6,1733.2
10,5,13,10,281.4,13.6,15.3,22.5,2.5,757.0
11,5,14,8,203.5,4.2,8.4,28.2,10.0,281.0
12,5,12,7,85.0,3.7,1.6,14.5,1.2,555.4
13,6,12,9,408.1,26.7,21.0,27.7,2.2,673.4
14,3,14,12,793.3,18.9,69.6,22.7,7.0,1003.5
15,4,7,4,186.6,1.9,15.7,9.7,1.4,176.5
16,7,4,2,106.0,1.1,0.3,27.7,15.1,17.8
17,5,20,12,445.9,20.5,26.3,32.0,4.8,931.6
18,5,9,7,493.2,16.3,34.3,31.6,14.4,738.0
19,9,7,6,317.3,4.5,12.1,48.3,17.8,360.5
20,6,16,13,1637.5,42.0,96.2,155.3,12.8,2187.6
21,4,12,9,867.2,56.0,61.9,22.0,7.4,1647.9
22,5,10,9,572.1,22.7,13.0,92.8,14.4,766.4
23,5,8,5,96.9,4.1,2.7,14.5,1.6,222.0
24,5,12,10,470.4,19.8,34.8,20.2,1.7,546.8
25,5,10,7,486.0,6.3,39.5,27.4,1.4,532.3
26,4,7,3,72.0,3.3,4.2,5.1,1.2,161.6
27,5,9,6,891.6,16.1,14.5,175.0,41.1,1105.1
28,8,5,3,531.5,9.0,9.6,102.9,15.3,693.8
29,5,13,11,1036.3,75.7,71.9,22.1,2.0,1370.8
30,5,23,18,230.1,5.6,11.0,27.7,8.0,736.6
31,5,17,13,1108.1,42.0,42.6,138.8,5.2,1538.8
32,5,20,16,1085.6,70.8,56.8,77.8,33.0,5697.0
33,5,17,13,1383.7,57.6,98.0,64.3,6.1,1640.8
34,5,14,12,439.3,20.1,24.4,35.9,5.6,946.1
35,5,12,10,516.1,9.7,25.8,63.3,19.2,801.6
37,4,11,8,261.0,11.1,4.2,44.8,7.9,486.9
38,5,5,4,367.0,7.4,12.2,57.4,3.2,476.2
40,8,8,5,56.9,0.1,0.1,12.0,10.9,3.4
41,5,12,10,360.0,2.4,14.6,34.1,25.1,31.2
42,5,13,10,532.5,11.2,11.1,97.6,32.9,662.3
43,7,18,12,879.0,76.8,52.4,25.4,13.7,2364.4
44,5,13,11,459.5,18.4,29.7,30.3,11.3,1283.9
45,5,21,17,587.7,44.0,34.6,23.3,5.8,1085.6
46,5,12,8,491.3,50.0,29.9,2.2,0.5,731.0
47,5,13,9,383.7,10.5,21.4,38.4,5.9,447.0
49,5,18,15,491.2,23.2,27.0,37.6,3.3,747.2
50,5,21,18,663.4,20.4,30.1,79.4,21.4,910.5
51,7,11,7,78.1,3.8,4.9,4.8,2.2,185.1
52,5,17,13,164.1,3.7,10.9,12.7,5.7,64.4
53,5,4,3,251.7,6.1,7.9,39.4,3.2,330.1
54,4,10,8,164.0,0.9,15.9,4.9,2.4,35.2
55,7,17,11,277.4,3.2,18.4,25.4,8.1,487.9
56,7,7,5,914.2,36.1,79.1,15.2,4.0,549.5
58,2,7,3,195.3,6.4,16.8,4.6,1.4,664.6
59,5,15,10,839.8,50.3,55.1,33.7,5.6,1008.9
60,5,14,10,464.7,25.2,23.2,39.1,5.6,1024.1
61,5,13,12,799.3,24.6,45.7,79.5,24.2,1896.8
64,5,9,6,505.6,14.9,16.5,76.0,25.6,872.3
65,3,11,9,1909.7,75.0,138.6,88.7,12.2,2706.8
66,7,7,4,339.8,6.7,16.8,41.0,17.4,407.0
127,2,7,2,68.4,0.1,7.6,0.1,0.0,47.6
128,4,11,1,67.5,0.0,7.5,0.0,0.0,0.1
129,4,14,3,92.6,3.4,1.1,17.3,1.6,214.2
131,4,11,2,20.4,0.1,0.9,1.1,0.8,17.7
132,6,22,7,351.1,9.2,11.6,53.1,9.3,521.9
133,4,9,2,11.6,0.3,0.3,0.6,0.2,82.8
134,4,7,0,0.0,0.0,0.0,0.0,0.0,0.0
135,4,6,2,0.8,0.0,0.0,0.1,0.1,2.7
136,4,9,1,6.3,0.2,0.3,0.7,0.3,219.1
137,4,12,3,114.7,0.3,12.2,0.9,0.5,52.9
138,4,1,0,0.0,0.0,0.0,0.0,0.0,0.0
140,4,5,0,0.0,0.0,0.0,0.0,0.0,0.0
141,4,9,7,37.7,0.5,1.5,5.6,3.9,111.9
142,4,13,3,28.0,0.1,1.4,3.7,2.7,151.5
143,4,7,1,3.5,0.0,0.2,0.4,0.2,2.1
144,4,4,4,29.1,0.7,1.4,3.5,1.4,37.8
145,4,11,2,5.1,0.0,0.2,0.5,0.3,2.5
146,2,9,0,0.0,0.0,0.0,0.0,0.0,0.0
147,4,9,3,105.4,0.1,11.6,0.3,0.1,6.1
148,2,11,3,177.4,0.1,17.9,4.4,2.8,75.3
149,6,6,2,70.7,2.9,1.4,11.7,0.8,139.8
150,4,6,3,284.9,4.9,16.0,29.6,2.2,420.0
151,4,1,1,101.2,0.0,11.2,0.0,0.0,0.0
152,4,2,2,30.8,0.2,1.5,4.2,3.2,26.9
153,4,4,3,79.3,0.2,8.4,0.9,0.2,17.7
154,4,5,4,110.9,1.8,2.8,19.7,4.8,84.3
155,4,1,1,106.2,0.0,0.0,0.0,0.0,5.4
156,8,6,5,573.6,17.6,18.8,86.3,8.7,570.0
157,12,8,7,771.6,17.1,15.2,142.3,6.2,1127.9
158,4,5,3,148.8,0.3,13.5,6.6,4.9,53.5
159,4,5,5,246.3,4.5,4.3,29.7,21.3,63.9
161,6,2,1,17.2,0.4,0.2,3.6,0.0,12.6
163,12,8,7,137.0,4.1,3.5,21.9,3.4,307.8
164,4,2,2,41.2,0.9,0.5,8.5,0.2,28.3
165,4,2,1,101.2,0.0,11.2,0.0,0.0,0.0
166,4,4,2,65.7,1.7,5.4,3.6,0.5,1.8
167,4,4,2,21.8,0.1,0.1,5.4,5.3,11.7
168,4,3,2,325.8,8.8,9.6,50.7,1.0,378.6
169,4,3,1,52.5,1.2,0.6,10.6,0.0,37.5
170,4,3,1,7.2,0.1,0.4,0.8,0.5,4.4
171,4,5,3,83.3,0.6,4.6,10.2,10.1,10.1
172,4,1,1,547.2,25.1,21.7,62.6,6.9,847.2
173,4,3,1,101.2,0.0,11.2,0.0,0.0,0.2
174,4,2,1,0.0,0.0,0.0,0.0,0.0,0.1
175,4,4,2,67.2,0.0,7.4,0.1,0.0,0.3
176,4,3,1,494.4,11.8,9.9,90.3,3.5,758.4
177,4,3,2,30.1,0.0,0.0,7.5,7.5,7.3
178,4,4,3,163.8,1.4,1.9,35.5,12.3,87.8
179,6,3,3,79.1,0.2,7.9,1.8,1.6,18.2
180,4,3,2,104.6,0.0,11.6,0.1,0.0,5.8
181,4,3,3,1010.3,0.2,60.3,119.9,120.0,4.5
214,4,1,0,0.0,0.0,0.0,0.0,0.0,0.0
226,4,11,5,123.2,0.5,11.3,5.2,2.2,40.9
227,4,11,7,196.5,5.4,2.9,40.8,21.0,657.6
228,4,10,5,145.9,1.6,11.7,8.5,1.3,75.9
229,4,6,3,539.5,19.3,6.8,100.8,7.9,1052.1
230,4,15,6,209.7,3.7,13.2,19.6,3.8,432.5
231,5,13,5,118.9,1.5,9.5,7.0,0.6,111.7
232,9,8,6,326.7,4.9,12.2,49.5,14.9,293.4
233,4,9,5,342.2,7.5,20.0,33.9,2.0,227.5
234,4,5,2,104.8,0.2,11.3,0.7,0.0,0.4
235,5,13,4,286.9,6.6,9.3,45.2,17.4,623.3
236,5,7,4,133.6,0.7,13.5,2.3,0.3,30.7
237,7,7,4,61.9,0.1,6.5,0.6,0.2,18.6
238,12,9,8,408.6,7.6,19.6,49.9,9.2,549.4
239,5,9,8,374.5,2.5,11.1,23.6,8.5,184.8
240,7,10,8,824.6,11.1,53.2,75.3,12.4,904.0
241,4,3,0,0.0,0.0,0.0,0.0,0.0,0.0
242,5,15,9,372.5,5.9,20.3,42.5,17.6,515.7
243,4,7,4,400.6,6.8,13.6,64.0,7.0,517.7
244,4,4,1,70.8,2.1,0.6,14.1,0.1,100.8
245,4,12,8,626.3,18.3,36.3,56.6,24.5,945.0
246,4,5,4,735.1,28.0,22.1,106.4,21.0,866.8
247,8,7,4,399.7,8.4,15.0,57.0,8.8,682.0
248,4,13,10,1373.7,87.3,83.1,31.0,20.2,1506.2
249,4,3,2,232.2,4.8,0.5,50.4,0.1,451.8
250,4,14,8,194.1,5.6,4.9,31.8,3.8,585.3
251,20,10,1,1.2,0.0,0.1,0.2,0.1,1.0
252,8,6,1,2.7,0.1,0.0,0.5,0.0,0.3
253,4,3,0,0.0,0.0,0.0,0.0,0.0,0.0
254,4,15,13,189.6,1.9,12.3,17.9,15.4,710.1
255,4,6,3,107.7,0.3,11.3,1.4,0.1,0.7
256,4,6,2,69.1,0.1,7.6,0.2,0.1,54.8
257,8,11,6,113.7,2.3,6.3,12.4,2.5,90.9
258,4,9,6,271.0,3.4,20.1,19.8,5.6,516.4
259,4,7,3,188.1,3.2,12.5,16.3,3.2,407.1
260,5,14,6,137.5,0.8,12.9,4.7,3.3,48.3
261,4,6,0,0.0,0.0,0.0,0.0,0.0,0.0
262,8,9,4,381.3,8.3,23.0,34.9,4.4,627.1
263,6,12,6,68.7,0.7,6.4,1.4,0.2,298.0
264,5,8,6,123.0,3.0,7.1,12.1,1.8,237.1
265,6,13,10,169.9,2.9,11.0,14.9,2.3,293.5
266,6,6,2,4.5,0.1,0.1,0.7,0.4,45.0
267,4,5,1,67.5,0.0,7.5,0.0,0.0,0.0
268,4,8,6,188.3,3.8,10.7,19.5,2.7,274.5
269,4,13,6,108.0,0.2,11.3,1.3,0.2,31.9
270,4,8,3,140.0,0.2,15.0,1.0,0.1,9.7
271,5,5,3,137.5,2.1,9.7,10.6,1.2,159.7
272,6,7,2,353.4,14.6,29.8,12.8,2.9,3.9
273,8,16,8,40.4,0.2,4.1,0.7,0.2,23.1
274,4,3,2,348.3,11.7,7.6,45.3,0.4,418.5
276,6,6,3,657.1,20.2,41.5,60.6,44.9,50.7
277,6,5,1,478.4,17.8,41.1,17.8,8.4,340.8
278,6,9,7,119.0,2.8,6.0,13.6,2.1,337.0
279,12,16,10,421.8,16.0,24.3,26.6,11.7,493.7
280,4,24,15,689.9,64.1,40.6,13.7,9.7,1305.8
281,8,19,9,449.2,24.9,23.7,34.7,14.2,625.0
282,6,15,12,594.1,25.1,16.8,97.0,43.5,729.5
284,6,14,10,954.0,69.7,57.2,37.5,10.3,1188.6
285,6,19,12,491.4,15.8,32.3,36.8,14.0,489.6
287,5,9,7,369.8,3.0,29.5,23.2,7.2,336.9
288,8,14,10,373.1,25.4,20.8,20.9,15.8,455.8
290,8,17,11,474.3,10.1,14.9,74.7,27.6,558.7
291,4,18,12,489.7,33.5,24.9,38.7,24.2,659.7
292,8,9,9,1282.8,20.7,78.4,130.3,86.9,552.3
293,6,12,8,518.8,9.1,19.8,77.9,29.8,640.1
294,6,10,7,142.4,7.7,11.5,2.2,0.7,160.8
296,16,14,11,364.3,4.4,9.9,64.1,48.6,290.2
297,8,23,18,591.4,21.2,19.9,91.0,46.2,648.3
298,4,17,13,746.5,27.7,17.4,138.9,87.2,735.3
300,4,12,6,117.0,6.1,4.4,13.8,2.1,148.9
301,12,10,8,140.5,2.1,6.9,17.4,9.2,517.6
302,4,13,10,664.8,14.3,43.8,60.3,12.3,880.6
303,4,8,6,88.0,1.0,6.1,7.7,3.9,56.9
304,24,11,4,28.6,0.5,1.3,3.7,0.7,95.7
305,10,15,12,601.8,18.7,21.6,90.0,50.6,950.6
306,12,6,5,1292.4,16.9,74.5,139.7,9.1,1113.6
307,10,6,5,610.4,12.0,18.0,100.9,5.3,812.5
308,4,12,6,392.2,8.8,6.3,71.9,12.5,554.9
309,10,11,7,244.8,9.6,18.3,14.4,1.7,137.1
310,3,5,4,202.1,3.3,7.9,28.5,0.2,246.0
311,4,11,4,359.8,53.0,16.0,1.3,0.6,641.2
312,48,14,7,3.1,0.1,0.1,0.5,0.2,18.1
313,8,13,11,471.2,5.2,18.1,72.1,50.3,308.3
314,10,21,11,292.8,11.1,17.4,23.0,5.9,420.4
315,8,21,13,852.3,26.5,68.1,31.2,3.4,981.7
316,6,6,5,481.7,10.2,12.2,83.3,2.4,687.4
317,18,9,6,250.9,5.6,8.7,37.8,2.3,332.4
318,4,11,8,579.2,26.5,19.4,89.7,44.6,518.0
319,2,6,6,156.4,4.3,8.9,14.8,3.9,322.1
320,16,10,7,30.2,1.1,1.7,3.0,0.5,3.9
321,12,22,11,288.0,32.1,15.4,4.0,3.6,404.3
322,6,23,13,689.6,13.5,34.2,84.2,42.7,1062.2
323,4,8,4,312.1,7.6,17.1,32.1,1.1,279.5
324,4,10,5,168.0,3.2,8.9,19.4,7.8,248.2
325,24,13,9,186.8,11.2,10.7,10.6,2.8,259.4
326,6,17,12,379.8,7.4,15.5,54.1,33.1,353.3
327,10,13,11,405.0,3.8,14.1,66.5,48.8,173.7
328,10,3,2,156.3,0.8,10.1,17.5,9.7,65.1
329,6,14,9,761.4,48.6,51.9,23.4,11.6,1331.1
330,4,7,4,37.1,0.6,0.3,9.3,3.3,207.4
331,8,9,8,370.1,11.1,16.2,47.9,43.5,127.4
333,8,11,7,341.4,5.6,11.6,54.1,47.7,195.2
334,6,8,8,409.3,10.4,11.6,70.7,29.6,524.4
335,6,10,9,349.4,25.1,16.5,24.9,5.5,441.0
336,6,25,18,1109.9,75.9,59.5,73.5,32.9,1662.2
182,12,12,6,915.9,20.8,21.5,161.2,9.0,1356.7
183,40,12,9,24.5,0.5,0.1,5.3,1.3,35.4
184,6,9,6,417.9,10.9,8.5,75.0,16.8,549.6
185,15,27,16,183.9,10.1,10.3,12.3,2.7,240.1
186,8,22,12,431.4,31.7,30.2,7.2,4.8,456.7
187,9,26,17,406.3,43.3,19.2,14.8,7.6,777.2
188,4,3,2,367.2,9.8,9.6,59.3,4.5,847.2
189,10,24,10,543.7,28.7,28.8,41.3,5.0,841.4
190,1,17,5,134.2,4.3,6.0,17.2,8.9,448.7
191,9,17,9,386.8,27.9,18.6,26.4,8.0,489.3
192,6,12,5,221.4,7.1,10.2,25.7,4.4,227.3
193,15,19,13,323.7,12.8,15.7,34.5,3.1,410.7
194,8,21,15,1350.9,75.4,89.3,56.4,8.6,1969.4
195,2,6,3,133.2,6.1,3.2,19.9,5.9,151.2
196,4,5,3,130.7,5.8,5.7,13.8,0.1,277.1
197,4,3,1,67.5,0.0,7.5,0.0,0.0,0.0
198,8,9,6,144.2,0.7,5.6,23.5,23.4,43.1
199,6,19,8,891.7,32.8,77.0,14.7,9.0,159.3
200,4,8,4,1183.7,24.1,20.4,227.4,52.1,1549.0
201,6,3,1,720.0,0.0,80.0,0.0,0.0,0.0
202,6,8,5,352.3,19.1,7.8,53.0,10.6,717.4
203,4,3,0,0.0,0.0,0.0,0.0,0.0,0.0
205,24,7,5,178.9,7.7,15.3,2.2,2.1,178.8
206,4,19,8,59.2,1.8,3.7,4.8,1.5,161.6
207,2,2,2,229.2,1.7,3.6,47.5,2.1,183.6
208,8,13,6,190.3,5.3,15.9,6.7,1.4,145.8
209,8,13,3,49.2,0.7,0.2,12.0,8.7,14.4
210,6,18,10,183.2,2.4,12.6,15.5,9.5,279.0
211,5,11,6,106.4,4.4,5.4,11.0,2.6,157.4
212,5,11,5,802.7,26.2,37.0,93.7,13.1,868.9
213,10,14,6,353.2,37.3,20.8,2.4,1.6,550.5
215,24,15,4,6.4,0.1,0.6,0.2,0.0,9.5
216,4,12,9,168.5,0.2,18.0,1.8,0.7,48.5
217,10,12,6,30.5,0.1,3.1,0.6,0.2,44.0
218,4,13,6,686.2,24.2,54.1,28.1,11.5,1556.2
219,1,12,5,1168.0,2.0,120.8,15.5,4.5,679.5
220,4,6,4,401.9,11.0,9.9,67.1,10.7,850.3
221,6,20,10,493.6,42.6,32.9,5.0,2.9,598.6
222,22,6,4,132.5,15.1,8.0,0.1,0.0,243.1
223,4,20,13,1003.9,22.5,38.9,144.3,37.7,1203.3
224,2,7,6,426.0,15.8,11.7,68.1,54.3,381.9
225,4,12,8,448.2,28.3,31.3,11.4,5.9,667.8
338,4,7,3,65.8,0.6,1.0,13.6,7.6,45.7
339,12,3,0,0.0,0.0,0.0,0.0,0.0,0.0
340,6,11,0,0.0,0.0,0.0,0.0,0.0,0.0
341,10,10,7,79.4,2.0,1.5,14.5,5.6,90.8
342,6,9,2,8.1,0.3,0.3,1.1,0.7,17.6
344,10,11,3,118.6,3.1,2.5,21.1,1.4,178.0
345,6,12,7,142.7,3.9,3.5,23.6,5.1,289.1
346,25,10,6,165.7,4.0,3.2,30.5,2.4,243.1
347,8,13,6,18.9,0.4,0.2,3.8,0.7,43.0
348,7,11,4,5.6,0.3,0.1,1.0,0.0,9.3
349,12,18,12,358.9,9.0,25.1,23.7,4.7,522.3
350,5,12,5,131.4,0.4,12.4,4.7,1.4,33.0
351,10,9,3,10.6,0.3,0.1,2.2,0.7,6.4
352,6,12,5,28.4,0.6,0.3,5.8,1.4,52.2
353,6,13,3,55.0,2.5,1.1,8.8,0.9,141.6
354,6,12,4,27.7,0.6,0.4,5.3,2.5,13.5
355,4,16,4,12.0,0.3,0.2,2.3,0.1,37.4
356,6,9,4,355.8,10.2,9.3,58.2,4.4,568.2
357,8,27,13,118.0,1.9,4.1,18.4,6.4,245.2
358,6,17,9,90.0,0.7,7.7,4.8,3.2,24.2
359,6,6,3,39.3,0.3,0.2,9.0,6.3,15.4
360,6,13,5,34.5,0.2,3.2,1.4,0.8,38.8
361,10,17,9,211.1,3.4,4.7,39.7,18.4,160.1
362,12,21,8,238.2,4.4,3.6,48.6,17.7,264.8
363,6,8,3,402.0,9.2,7.8,74.3,1.8,604.4
364,5,17,3,8.6,0.2,0.0,1.9,1.3,6.6
365,20,12,4,2.0,0.1,0.1,0.2,0.1,15.8
367,4,11,2,84.0,4.3,5.7,3.6,0.1,127.9
368,6,13,4,18.7,0.2,1.0,2.3,1.4,37.7
369,12,12,5,395.5,33.8,27.1,1.6,0.8,542.6
370,4,13,6,127.7,7.8,5.3,16.6,2.9,52.7
371,3,7,1,7.0,0.2,0.0,1.6,1.1,0.2
372,6,13,5,933.2,80.0,62.9,7.3,1.9,1247.7
373,6,21,11,132.0,3.5,5.4,18.2,10.4,139.8
374,4,13,1,4.3,0.0,0.5,0.0,0.0,3.0
375,6,15,3,18.3,0.1,1.9,0.3,0.0,14.6
376,4,16,5,31.7,0.4,2.0,3.1,1.9,49.9
377,6,8,2,12.7,0.5,0.1,2.6,1.7,1.9
378,8,10,2,25.2,0.1,0.1,6.1,5.5,10.3
379,4,3,0,0.0,0.0,0.0,0.0,0.0,0.0
380,5,11,1,8.4,0.2,0.0,1.9,1.3,0.2
381,8,12,4,162.0,0.5,0.1,41.6,39.3,9.7
382,4,16,11,303.7,5.4,15.0,37.0,20.4,169.1
383,6,17,9,496.3,17.1,44.0,6.8,2.3,379.0
384,6,25,11,107.1,1.9,8.9,5.1,1.8,110.0
385,8,18,10,442.1,6.7,21.7,56.0,1.7,459.7
386,6,16,7,200.7,3.4,8.0,29.1,15.1,197.6
387,6,22,12,560.4,23.1,49.9,2.9,1.3,93.3
388,6,12,7,1042.7,47.3,92.1,2.5,1.6,897.3
389,6,19,8,58.1,1.0,5.3,1.8,1.2,25.9
390,10,10,6,309.7,6.0,10.4,48.3,17.6,359.4
391,8,15,8,161.0,0.5,6.9,23.6,20.4,73.5
392,8,13,4,307.6,7.2,6.1,56.4,2.4,427.7
393,9,14,6,327.2,20.0,21.6,11.5,6.9,346.4
394,25,8,5,120.1,3.0,3.7,18.9,1.4,209.7
395,12,10,4,169.0,4.0,2.7,32.2,0.8,192.1
396,6,12,3,30.4,0.8,1.2,4.1,0.3,50.1
397,4,14,4,120.1,3.5,3.9,17.7,1.7,235.5
398,15,12,4,232.5,3.7,12.9,25.2,5.0,369.8
399,6,16,7,104.4,0.3,10.7,1.9,1.1,18.3
400,6,22,10,104.3,0.4,10.1,3.0,1.2,13.8
401,8,14,8,89.8,0.5,7.7,4.6,2.6,9.0
402,8,5,4,375.0,7.1,11.6,61.2,1.8,495.1
403,8,14,4,158.2,4.7,4.6,24.6,1.8,273.0
404,5,7,0,0.0,0.0,0.0,0.0,0.0,0.0
406,8,12,5,144.5,0.5,15.2,1.5,0.6,15.3
407,4,13,3,72.3,4.4,3.9,4.7,0.9,124.1
408,8,12,4,514.0,31.0,43.1,0.4,0.0,422.7
409,6,13,6,94.7,1.5,5.3,10.5,2.4,253.3
410,4,10,2,17.4,0.0,1.9,0.2,0.0,28.8
411,4,13,6,181.6,0.8,16.1,8.5,4.7,24.7
412,24,11,7,80.5,1.6,2.2,13.6,0.3,65.3
413,4,15,4,99.1,1.8,3.7,14.9,4.4,225.2
414,3,10,2,28.5,0.1,3.1,0.1,0.0,19.8
415,6,15,6,30.0,0.3,2.5,1.6,0.6,33.1
416,6,19,8,144.8,4.7,7.3,15.0,5.1,134.0
417,8,9,6,316.6,6.7,11.9,46.9,2.4,363.9
418,3,7,2,46.6,0.0,0.0,11.6,11.5,0.1
419,4,3,0,0.0,0.0,0.0,0.0,0.0,0.0
420,4,4,0,0.0,0.0,0.0,0.0,0.0,0.0
421,8,32,18,682.1,52.2,38.6,30.6,14.8,758.4
422,6,13,7,61.6,0.6,5.2,3.5,2.1,24.3
423,4,18,2,25.6,0.4,0.5,5.1,0.5,77.2
424,16,12,5,62.9,1.6,0.9,12.7,1.4,63.5
425,3,13,1,1.9,0.1,0.0,0.4,0.0,0.2
426,5,14,3,4.9,0.2,0.2,0.6,0.3,142.1
427,4,16,6,172.0,1.0,14.0,11.3,5.0,407.9
428,4,4,1,31.9,0.0,0.0,8.7,8.6,0.4
429,4,8,5,88.3,0.1,0.2,22.3,21.9,9.3
430,8,12,8,67.1,0.7,5.0,5.1,2.0,25.9
431,2,4,0,0.0,0.0,0.0,0.0,0.0,0.0
432,8,13,4,82.8,1.3,2.7,13.3,2.0,125.7
433,18,10,6,392.1,7.7,7.2,74.3,4.3,570.9
434,3,10,3,13.6,0.1,1.3,0.5,0.1,14.8
435,4,11,4,245.0,16.7,8.8,23.9,13.2,296.1
436,12,13,4,61.4,0.6,4.5,4.8,1.6,120.6
437,6,17,7,133.8,1.4,10.4,9.0,2.9,61.3
438,12,6,3,178.8,0.4,3.7,36.7,35.8,4.2
439,4,13,1,20.9,0.5,0.0,4.7,3.2,0.6
440,4,10,3,3.5,0.2,0.1,0.5,0.0,6.9
441,6,8,3,351.2,0.1,39.3,0.8,0.5,4.2
442,6,20,9,578.1,55.0,36.9,7.4,3.5,714.4
443,4,10,1,27.9,1.5,1.6,2.0,0.8,105.3
444,6,12,6,1502.5,74.7,130.7,1.1,0.6,499.6
445,8,16,9,96.1,0.9,6.8,7.8,4.0,53.9
446,6,17,7,67.7,1.4,2.1,10.8,5.9,92.4
447,5,13,4,22.8,0.5,0.2,4.7,1.3,18.8
448,6,16,11,841.1,9.6,41.7,108.1,78.0,547.6
449,12,11,5,166.0,4.5,4.4,27.4,1.5,265.7
450,4,7,2,56.1,0.8,0.4,14.4,12.0,1.1
451,6,10,4,14.7,0.1,0.2,3.2,2.0,20.4
452,4,8,2,445.6,12.2,11.3,74.4,29.3,319.6
453,6,13,5,431.4,45.8,26.5,2.6,0.1,670.9
454,6,12,4,42.5,1.3,0.6,8.6,3.4,24.5
455,4,10,2,88.1,0.1,9.4,1.2,0.8,0.1
456,4,13,7,263.4,5.9,4.6,49.7,12.1,292.6
457,7,15,9,449.4,11.4,11.4,75.4,22.6,487.0
458,6,16,9,68.7,0.4,5.9,3.7,1.2,41.8
459,6,13,6,366.4,0.5,39.7,1.8,0.8,47.1
460,8,11,2,71.8,0.2,7.5,0.8,0.0,0.7
461,5,20,7,223.1,0.4,24.8,0.0,0.0,28.5
462,6,13,3,11.0,0.4,0.1,2.2,1.3,3.9
463,5,10,3,1124.9,2.0,122.0,4.9,2.7,126.7
464,20,12,2,150.2,3.6,3.0,27.4,1.1,231.9
465,6,14,4,42.7,1.0,1.4,6.7,1.7,209.0
466,6,18,11,402.8,26.0,23.3,22.5,11.1,392.2
467,4,14,2,1.5,0.1,0.1,0.1,0.0,10.9
468,8,7,3,77.9,1.5,2.0,13.5,13.0,69.3
469,4,11,4,457.8,51.0,23.2,8.8,3.7,739.4
470,6,14,9,220.4,4.3,12.4,23.9,5.6,407.7
471,6,11,3,13.1,1.0,0.6,0.9,0.1,32.5
472,4,15,9,850.8,17.8,69.5,38.6,8.5,615.2
473,13,17,8,203.9,3.0,7.9,30.1,20.1,184.4
474,8,9,5,153.6,4.2,7.3,17.5,3.8,235.3
475,7,10,4,78.1,0.0,8.6,0.1,0.0,8.8
476,6,17,9,749.6,90.8,38.3,6.5,5.3,1225.3
477,5,14,2,9.3,0.1,0.5,1.1,0.8,4.6
478,6,19,7,47.7,0.3,3.8,3.4,3.1,18.6
479,3,8,3,82.2,0.0,9.1,0.1,0.0,41.3
480,8,6,2,54.3,0.0,0.0,13.4,13.5,5.8
481,16,13,4,139.1,0.1,15.0,0.8,0.3,0.6
482,4,11,3,57.9,0.3,3.9,6.0,5.3,16.2
483,4,1,0,0.0,0.0,0.0,0.0,0.0,0.0
484,8,11,5,9.3,0.2,0.6,0.9,0.1,14.4
485,6,10,6,146.7,3.8,3.3,25.3,11.5,234.2
486,4,10,4,92.6,2.5,5.7,8.0,7.2,67.9
487,6,14,3,47.7,0.1,5.0,0.8,0.5,2.7
488,8,16,7,279.7,3.3,16.2,33.1,17.6,98.7
489,5,2,0,0.0,0.0,0.0,0.0,0.0,0.0
490,10,6,3,312.0,7.1,6.8,55.4,1.6,563.9
491,6,14,6,179.7,17.1,9.8,5.0,2.6,232.6
492,12,14,6,19.9,0.5,0.8,2.6,1.3,17.6
493,12,16,5,135.1,1.9,5.8,18.8,0.4,144.8
494,6,5,3,55.1,0.3,2.3,8.3,5.4,42.8
495,6,9,5,216.9,1.4,21.4,5.6,3.9,73.8
496,15,5,2,79.0,3.2,5.8,3.5,3.4,9.6
497,8,13,6,636.9,54.3,43.7,2.4,1.2,879.1
498,6,18,7,143.0,1.6,8.8,14.4,4.9,234.2
499,6,11,3,119.2,4.0,4.1,16.6,0.8,205.8
500,8,10,2,100.2,0.0,0.1,24.9,24.9,2.0
501,4,23,15,2400.9,96.7,210.3,24.8,20.3,1861.0
502,4,11,4,136.7,12.2,4.0,12.5,3.4,475.4
503,6,13,4,52.7,0.2,5.0,1.7,1.1,14.4
504,3,12,5,111.4,0.7,11.1,2.5,1.1,237.6
505,4,12,3,118.6,4.0,2.7,20.0,3.4,192.9
506,4,8,4,18.9,0.3,0.4,3.4,0.1,25.1
507,8,19,9,167.4,4.1,8.1,20.7,4.1,507.5
508,14,16,8,113.8,2.8,4.3,16.2,3.4,178.7
509,4,3,0,0.0,0.0,0.0,0.0,0.0,0.0
510,4,19,8,184.8,2.1,11.2,19.0,10.1,156.3
511,8,19,8,577.7,8.4,20.2,92.0,32.3,658.6
512,12,11,6,90.1,0.5,1.6,19.1,16.9,21.5
513,4,11,4,33.8,0.8,0.4,6.8,1.4,68.5
514,8,7,3,19.0,0.1,0.2,4.4,3.7,10.4
515,6,12,4,116.3,0.8,10.2,5.2,3.0,56.2
516,4,12,3,274.4,0.2,30.1,0.6,0.5,11.0
517,2,8,4,270.4,11.3,17.0,19.9,3.3,1392.1
518,6,20,7,357.4,12.3,10.5,54.3,7.5,834.0
519,4,14,3,171.8,1.8,9.2,21.0,3.4,120.1
520,1,7,5,831.2,44.5,9.5,179.6,120.0,655.3
521,6,21,8,140.1,1.0,13.7,3.9,2.7,42.2
522,8,18,6,490.6,39.5,20.4,23.8,19.6,559.7
523,3,11,3,278.5,10.6,10.4,11.5,1.0,419.2
524,4,26,8,79.8,1.6,1.4,15.4,13.7,73.7
526,8,9,4,341.7,6.0,5.1,68.2,24.3,388.9
527,4,14,10,351.6,18.0,4.5,74.6,48.7,174.8
528,1,4,0,0.0,0.0,0.0,0.0,0.0,0.0
530,6,17,5,83.3,4.3,4.2,6.9,5.6,103.4
531,4,22,11,1002.6,53.4,74.2,26.3,2.2,1006.8
532,4,7,4,714.7,10.3,55.3,44.8,2.7,530.2
533,15,8,4,237.2,1.4,11.1,33.2,32.5,59.0
534,1,4,0,0.0,0.0,0.0,0.0,0.0,0.0
535,1,7,2,247.2,32.4,13.1,0.0,0.0,487.2
536,1,12,0,0.0,0.0,0.0,0.0,0.0,0.0
537,1,5,2,44.7,2.7,1.9,4.2,4.2,33.1
538,8,10,2,6.5,0.2,0.4,0.5,0.0,0.3
539,4,7,1,0.8,0.0,0.1,0.0,0.0,1.5
540,12,14,9,173.3,4.3,6.5,25.2,9.1,550.7
541,8,10,5,16.4,1.1,0.1,2.7,1.2,64.5
542,6,9,5,118.9,0.6,10.3,5.9,3.6,9.3
543,4,2,2,223.2,3.9,4.7,41.2,3.2,407.7
544,8,13,7,138.9,1.4,10.6,9.6,4.5,111.6
545,4,8,6,210.0,7.2,16.1,10.8,5.2,192.5
546,6,7,4,182.4,6.4,15.4,7.8,3.3,190.1
547,4,7,3,171.9,10.3,9.2,13.5,5.7,316.4
548,6,12,7,129.7,4.9,10.8,5.5,2.4,239.9
549,6,13,5,120.9,9.8,2.1,16.1,8.1,21.0
550,2,17,4,540.2,20.1,46.3,20.3,9.5,385.7
551,8,7,4,431.8,7.7,20.7,54.3,41.0,263.5
552,1,8,2,506.6,10.5,9.7,94.6,45.0,299.3
553,8,7,1,5.4,0.1,0.0,1.3,1.2,7.8
554,1,12,5,1151.5,40.8,94.9,38.1,2.8,1290.2
556,6,12,7,440.0,17.3,30.7,24.4,14.9,410.4
557,1,4,1,96.1,3.1,7.9,3.2,0.7,34.8
558,5,8,2,248.8,0.2,13.1,33.5,26.7,338.4
559,10,9,3,68.4,0.1,4.0,8.2,8.1,42.9
560,12,9,5,599.6,23.8,50.8,10.4,9.7,991.4
561,2,6,2,548.8,3.8,33.6,62.7,44.3,342.1
562,40,12,5,12.0,0.3,0.6,1.3,1.1,35.9
563,4,8,1,5.7,0.1,0.0,1.3,0.9,0.1
564,6,26,8,92.4,2.0,4.7,8.5,7.9,124.8
565,1,11,6,462.0,6.2,26.8,51.1,47.3,655.6
566,4,11,5,43.6,1.4,0.2,9.6,8.2,885.9
567,6,11,3,442.8,20.1,36.1,8.0,0.1,569.2
568,4,12,4,211.8,9.5,12.1,16.0,0.8,395.3
569,6,6,3,380.2,29.7,25.1,6.7,0.2,695.4
570,2,9,4,560.2,33.2,40.1,14.0,0.1,641.0
571,4,11,4,53.1,2.5,0.7,9.6,1.6,503.2
572,12,9,8,245.2,6.4,8.5,36.1,13.0,395.0
573,15,12,7,91.5,3.2,4.4,6.2,2.3,132.9
574,4,12,6,1149.5,34.2,106.0,16.5,1.4,815.9
575,2,16,6,492.1,6.5,39.4,28.3,3.0,1117.9
576,4,10,6,480.9,18.4,35.5,20.9,7.8,657.5
577,12,5,3,81.2,1.6,1.6,14.9,5.7,140.2
578,4,7,3,293.9,0.6,30.2,4.9,3.2,6.1
579,6,9,2,217.5,2.5,15.3,17.5,1.7,400.1
580,4,15,6,1188.1,46.4,54.9,126.1,5.4,1527.3
581,4,14,4,9.2,0.7,0.2,1.4,0.8,11.9
582,8,15,7,274.7,12.8,14.0,24.2,9.6,473.6
583,3,19,11,552.9,46.8,33.2,17.3,4.9,826.5
584,6,9,2,4.2,0.4,0.3,0.0,0.0,6.7
585,1,12,2,876.6,28.1,49.0,83.4,25.4,2846.4
586,3,12,7,68.9,4.7,1.2,10.0,3.2,403.6
587,1,10,2,4.6,0.6,0.2,0.0,0.0,18.4
588,8,7,0,0.0,0.0,0.0,0.0,0.0,0.0
589,8,15,4,36.2,1.4,0.1,7.2,0.1,61.4
590,4,17,6,220.0,16.1,13.7,6.9,5.3,294.0
591,4,11,7,231.6,6.6,12.2,25.1,13.1,264.1
594,6,15,7,110.8,2.5,1.2,24.1,19.0,52.4
595,6,13,5,497.8,40.7,26.6,22.8,20.0,601.3
596,4,17,6,170.2,1.9,8.1,24.8,20.3,26.5
597,4,17,7,709.9,20.6,16.8,118.0,10.8,1372.6
598,15,19,6,297.2,0.5,32.6,0.8,0.2,13.7
599,4,16,7,306.9,9.4,16.8,30.9,8.0,246.3
600,4,8,5,586.5,28.0,23.7,64.4,46.0,745.4
601,4,3,0,0.0,0.0,0.0,0.0,0.0,0.0
602,5,9,4,345.4,12.8,18.4,29.0,15.8,502.5
603,4,6,4,1480.5,64.0,128.9,18.6,10.8,1208.1
604,4,8,3,112.1,0.3,11.5,2.2,0.8,246.7
605,4,9,5,185.3,1.8,7.8,14.1,7.2,102.4
606,3,12,7,295.5,2.8,5.3,66.1,54.2,34.1
607,1,8,4,544.8,23.9,26.9,24.1,0.4,944.4
608,1,12,5,1769.4,16.0,171.8,46.1,25.0,805.5
609,6,10,2,86.1,0.0,5.1,11.0,9.7,0.8
610,6,20,7,722.5,16.9,36.1,86.8,28.1,815.8
611,8,6,2,46.8,3.0,1.9,4.3,4.4,38.7
612,4,12,5,85.3,2.2,0.5,18.4,10.9,70.5
613,8,3,1,0.0,0.0,0.0,0.0,0.0,0.9
614,1,9,3,559.7,0.3,61.3,1.8,0.7,87.7
615,1,12,6,487.4,0.5,46.2,17.8,16.5,332.8
616,4,12,4,34.4,0.9,0.8,6.3,0.3,52.6
617,4,12,8,365.5,10.4,29.4,14.5,3.1,378.3
618,4,12,5,690.4,22.3,45.7,47.0,10.7,848.1
619,8,13,7,340.6,10.2,23.8,24.7,3.6,302.1
620,4,8,7,1180.6,92.1,82.3,10.7,7.8,1654.3
621,4,15,5,78.0,1.0,7.9,0.7,0.4,31.1
622,4,11,5,778.4,33.7,66.7,8.6,0.2,842.9
623,4,18,10,536.6,26.3,30.8,37.9,8.4,991.7
624,4,14,3,398.0,31.0,29.3,0.2,0.1,502.5
627,4,19,10,426.6,4.0,32.7,29.2,6.5,258.1
628,4,10,6,87.0,1.7,8.0,2.9,0.8,42.1
629,4,23,13,688.9,23.5,59.4,13.9,4.4,504.9
630,6,14,6,233.4,8.0,8.1,33.2,8.7,418.1
631,4,14,3,70.1,0.3,7.6,0.0,0.0,8.0
632,4,17,8,352.7,14.9,11.9,59.0,38.9,444.2
633,4,13,5,123.5,1.3,7.7,14.2,9.9,4.1
634,6,14,7,40.9,0.8,3.0,3.2,0.5,26.3
635,8,13,7,168.7,8.2,3.6,32.6,21.7,66.6
636,4,12,6,537.9,33.3,37.5,15.8,5.3,1448.8
637,4,14,1,2.7,0.2,0.1,0.5,0.1,4.2
638,4,8,5,316.2,13.4,23.6,14.1,1.7,470.8
639,4,11,5,237.2,16.1,17.0,3.7,0.3,300.9
640,2,7,3,28.8,1.1,1.0,3.9,3.6,26.8
641,4,8,2,115.7,6.1,6.8,7.3,1.2,241.7
642,4,9,8,768.2,30.7,24.5,131.9,87.8,1124.3
643,4,13,6,317.7,13.1,10.9,46.2,15.1,262.3
644,30,17,3,130.5,0.4,13.0,3.0,1.6,22.5
645,8,7,2,109.2,4.3,4.5,13.5,2.7,111.8
646,4,11,2,137.6,0.3,15.1,0.0,0.0,5.5
647,4,6,1,135.0,0.0,15.0,0.0,0.0,0.3
648,4,7,4,200.4,8.1,10.9,8.1,0.1,334.2
649,6,14,4,231.4,9.7,17.2,10.6,1.3,325.2
650,2,9,4,339.4,15.9,23.1,16.3,0.3,629.7
651,6,4,2,135.6,7.9,7.8,8.0,0.1,314.1
652,6,14,8,213.6,4.4,15.3,14.8,2.6,468.7
653,4,17,6,271.5,11.2,12.1,29.3,7.9,484.1
654,1,17,13,1480.3,54.0,73.5,158.9,89.8,1961.6
655,10,11,5,52.5,0.2,0.2,12.6,12.2,8.5
656,6,14,5,221.0,9.0,16.3,9.2,0.7,358.4
657,10,16,5,63.1,1.4,2.8,7.8,2.4,106.2
658,8,25,13,320.6,14.9,24.1,10.2,1.6,601.8
659,6,16,6,25.5,0.3,2.7,0.1,0.0,13.8
660,4,7,2,163.5,8.0,10.9,8.0,0.1,330.4
661,6,14,12,727.2,27.4,52.4,35.2,19.7,664.3
663,2,11,3,557.1,17.2,39.7,32.4,0.4,741.5
664,4,15,7,649.4,12.3,32.5,64.0,44.3,476.8
665,6,11,2,195.8,10.6,12.0,10.7,0.2,414.4
666,6,9,4,87.8,4.3,5.3,5.7,1.2,181.4
667,4,15,4,180.7,9.0,12.8,7.3,2.5,662.4
668,4,14,5,573.9,6.1,39.2,57.4,46.4,154.1
669,5,8,4,279.9,18.8,19.2,6.7,0.1,445.2
670,16,10,3,34.7,0.1,3.8,0.0,0.0,4.0
671,4,10,6,277.7,12.3,19.4,13.2,0.5,479.2
672,4,7,5,122.9,2.4,6.3,13.9,0.1,165.0
673,4,8,4,356.7,13.5,23.2,23.2,2.8,777.5
674,2,7,2,215.2,4.4,20.5,6.9,3.1,0.9
675,4,9,5,1270.5,53.8,105.5,27.0,1.4,1205.1
676,6,11,4,466.1,20.8,32.1,24.0,13.2,572.5
677,4,12,5,409.4,17.2,19.4,43.1,22.0,648.1
678,6,15,5,244.2,11.7,13.1,19.3,4.7,478.6
679,4,22,9,744.1,29.8,38.4,71.0,12.6,1504.9
680,1,7,2,542.4,31.8,31.1,32.1,0.5,1246.8
681,1,7,4,1866.5,72.7,165.7,23.9,2.5,1630.2
682,4,9,5,206.4,8.4,14.7,9.9,1.1,337.6
683,4,8,5,408.0,9.6,28.2,29.5,11.8,412.8
684,4,19,8,2098.7,7.7,225.2,14.7,3.2,185.3
685,8,20,7,59.0,0.9,3.6,6.3,4.9,57.0
686,4,15,7,158.2,5.3,10.6,11.9,8.7,154.1
687,8,15,6,15.8,0.3,1.1,1.2,0.7,25.7
688,4,14,5,69.1,0.5,3.9,8.6,7.8,4.9
689,6,10,6,134.2,1.9,5.4,20.7,13.0,149.6
690,4,10,7,701.4,31.5,54.8,21.7,2.9,631.6
691,5,15,9,484.0,16.7,21.2,58.4,19.3,608.4
692,6,15,10,919.7,19.7,39.1,126.6,64.5,922.0
693,1,19,6,1968.9,33.6,95.1,249.7,137.9,1492.6
694,4,10,1,0.2,0.0,0.0,0.0,0.0,7.9
695,4,9,4,181.7,0.2,18.8,2.9,2.2,0.3
696,4,25,12,639.1,22.4,19.1,109.0,63.5,454.4
697,4,18,8,116.3,1.6,8.2,9.4,5.2,517.9
698,4,19,8,96.7,2.1,1.0,20.1,5.7,140.5
699,12,10,0,0.0,0.0,0.0,0.0,0.0,0.0
700,24,10,4,71.7,2.9,4.6,4.7,1.0,132.4
701,4,15,6,102.7,0.8,3.9,18.1,15.1,4.8
702,1,5,0,0.0,0.0,0.0,0.0,0.0,0.0
703,6,16,11,529.2,43.6,32.1,15.9,4.8,782.2
704,6,16,7,31.9,0.4,3.3,0.2,0.0,90.1
705,6,14,6,45.5,0.9,4.5,0.4,0.3,52.5
706,4,8,4,25.8,1.2,0.4,4.8,0.5,49.9
707,2,8,3,60.8,1.1,0.3,13.7,7.8,104.7
708,4,12,6,655.3,31.1,10.4,133.7,81.9,755.3
709,2,6,2,27.4,0.4,0.5,6.2,0.8,30.1
710,4,4,0,0.0,0.0,0.0,0.0,0.0,0.0
711,6,6,2,87.9,0.0,9.9,0.1,0.0,0.2
713,4,9,2,34.5,0.2,3.1,1.5,1.0,19.8
714,1,11,7,1725.2,42.7,20.3,343.5,9.9,1190.2
715,4,25,14,585.7,52.0,36.8,9.2,4.6,858.6
716,4,8,2,5.3,0.6,0.1,0.5,0.1,28.1
717,4,9,4,316.9,17.1,3.6,68.5,46.1,129.4
718,4,30,9,500.0,16.6,28.8,44.6,9.4,369.5
719,4,8,5,154.2,1.8,12.0,10.5,5.1,22.0
720,4,11,5,125.0,2.3,9.5,8.4,5.7,103.9
721,4,6,2,136.9,0.3,15.1,0.0,0.0,4.0
722,4,18,11,363.5,6.9,20.6,40.1,17.2,578.6
723,6,6,3,680.8,46.8,47.3,16.1,1.1,1057.0
724,6,19,8,99.4,2.1,8.3,3.9,3.5,76.6
725,10,12,2,41.0,0.1,4.4,0.2,0.0,30.0
726,4,8,3,40.7,0.2,3.8,1.5,1.0,0.2
727,4,4,1,45.1,0.0,0.0,11.2,11.2,0.1
728,4,7,4,78.0,0.2,7.7,2.0,1.0,6.9
729,2,12,6,219.7,1.2,22.8,3.1,0.8,35.1
730,12,9,3,14.9,0.3,0.7,1.9,1.2,6.9
731,6,6,3,363.0,6.7,17.8,44.3,12.8,457.9
732,6,4,0,0.0,0.0,0.0,0.0,0.0,0.0
733,8,6,2,35.4,0.0,3.9,0.0,0.0,3.0
734,4,9,3,95.5,1.0,0.4,24.5,20.2,13.7
735,2,4,1,106.2,0.0,0.1,8.6,8.4,15.9
736,6,10,8,612.8,25.0,48.8,22.2,7.2,514.0
737,6,10,3,94.2,5.4,5.2,6.2,0.7,208.5
738,8,12,4,51.1,2.0,2.1,6.5,1.4,50.6
739,4,13,5,104.2,0.3,11.3,0.4,0.2,4.9
740,4,11,5,140.1,2.0,12.5,5.3,3.2,47.7
741,6,12,6,484.0,12.6,24.8,54.0,21.0,466.4
742,2,13,5,289.6,9.3,20.7,16.5,11.9,239.0
743,6,24,8,153.7,2.5,3.5,30.2,20.8,86.9
744,4,15,8,245.6,9.1,19.1,10.0,1.0,372.6
745,4,12,5,15.4,1.2,0.4,2.5,0.7,44.0
746,6,9,2,1.7,0.2,0.1,0.0,0.0,3.5
747,4,10,4,113.6,5.7,0.6,21.4,1.0,243.5
748,4,7,2,142.7,2.7,9.8,11.6,0.7,163.1
749,10,8,4,150.0,5.9,9.7,9.5,1.1,333.2
750,6,8,4,112.2,0.5,10.1,5.2,4.9,302.6
751,10,8,1,1.3,0.0,0.1,0.0,0.0,2.3
752,4,8,3,110.6,1.6,8.0,8.0,0.6,84.7
753,2,9,3,606.9,39.1,41.8,16.1,0.2,989.9
754,4,11,4,118.7,5.8,8.8,4.0,0.1,169.2
756,4,9,3,211.0,8.6,12.3,16.2,0.2,370.6
757,4,9,4,77.1,0.6,7.7,2.0,0.5,10.2
758,4,12,6,580.4,39.9,33.6,27.8,15.6,1172.5
759,4,4,1,1080.0,0.0,120.0,0.0,0.0,2.4
760,16,7,3,53.8,0.4,0.2,13.8,13.8,8.2
761,4,14,7,154.2,1.0,7.8,22.0,19.6,53.6
762,4,18,5,37.2,0.1,0.0,9.4,9.3,17.9
763,4,17,9,291.9,2.8,28.5,6.6,1.5,149.2
764,5,9,5,250.0,4.8,7.6,41.0,1.7,398.0
765,24,9,6,30.6,1.0,1.1,4.1,1.8,40.1
766,12,6,2,84.3,2.0,1.7,15.4,0.7,129.2
767,20,3,1,174.0,3.0,9.9,18.1,1.4,257.1
768,8,12,6,541.6,6.5,31.7,66.8,49.3,247.2
769,4,16,5,188.9,7.9,7.7,23.3,3.6,213.8
770,6,14,4,149.7,3.4,13.9,5.3,1.0,30.2
771,6,9,2,103.9,0.2,10.3,2.7,0.0,20.1
772,6,10,0,0.0,0.0,0.0,0.0,0.0,0.0
773,6,11,6,257.8,18.4,16.4,7.8,1.7,414.3
774,4,11,4,479.5,28.7,33.1,15.1,5.8,597.9
775,6,12,7,316.1,5.3,21.4,29.3,14.0,322.7
776,4,11,6,86.1,0.3,4.0,13.6,11.6,4.5
777,6,13,11,582.1,19.3,20.6,81.6,25.1,1272.4
778,4,4,1,0.8,0.2,0.0,0.0,0.0,6.8
779,4,13,9,571.9,21.3,22.5,74.4,30.9,940.1
780,4,9,4,234.3,6.8,0.8,51.8,16.1,702.0
781,4,13,6,602.6,29.2,39.4,30.9,13.7,539.8
782,4,3,0,0.0,0.0,0.0,0.0,0.0,0.0
783,4,21,6,92.2,5.1,2.0,13.6,9.6,34.6
784,4,12,2,60.9,1.8,2.4,8.3,4.1,672.0
785,3,7,0,0.0,0.0,0.0,0.0,0.0,0.0
786,6,4,3,88.8,0.6,4.2,12.2,8.3,62.6
787,1,6,2,501.0,3.9,46.5,19.4,12.6,19.2
788,4,6,1,22.5,0.9,0.3,4.5,3.0,4.5
789,2,10,8,3128.9,70.6,60.8,578.9,16.7,4654.6
790,8,11,0,0.0,0.0,0.0,0.0,0.0,0.0
791,6,6,4,1567.0,34.9,32.9,284.7,8.2,2351.2
792,10,8,5,295.7,4.9,16.8,32.5,14.6,290.0
793,4,14,5,335.0,12.6,10.1,49.5,5.7,434.3
794,20,12,5,288.1,1.4,8.8,51.3,45.8,134.9
795,4,12,5,1070.3,89.1,73.5,6.9,3.4,1430.6
796,6,14,3,59.6,0.2,5.0,3.6,3.1,0.4
797,2,7,3,306.3,1.2,30.9,6.1,0.1,55.4
798,4,12,4,87.8,0.4,9.5,0.1,0.0,18.4
799,4,14,5,31.8,0.6,1.9,3.1,1.3,97.8
800,3,15,6,998.8,37.6,85.8,18.7,7.6,760.2
803,6,21,4,4.7,0.1,0.2,0.6,0.1,12.4
804,4,19,9,613.0,13.8,40.7,48.2,10.2,832.5
805,6,20,8,199.0,13.5,9.9,14.7,9.5,282.8
806,8,9,0,0.0,0.0,0.0,0.0,0.0,0.0
807,4,14,7,152.8,5.1,3.6,27.1,18.6,163.0
808,4,6,5,202.1,8.2,14.2,10.2,0.2,366.9
809,4,9,5,70.7,2.8,1.0,12.4,1.2,137.9
810,4,9,4,213.8,10.0,14.4,10.8,0.5,418.5
811,4,20,7,77.2,0.4,7.6,1.8,1.1,8.2
812,2,15,8,765.4,52.0,48.7,26.8,3.2,1196.9
813,8,7,3,211.4,8.5,15.7,8.8,0.2,328.1
814,2,11,4,606.0,16.6,37.4,16.7,0.3,693.5
815,6,13,4,303.0,11.3,1.9,48.9,19.2,230.7
816,6,15,4,199.5,4.3,12.7,17.7,3.7,347.0
817,6,16,5,10.4,0.7,0.2,1.3,0.5,54.6
818,10,4,2,96.2,0.0,0.1,23.9,24.0,10.3
819,14,14,3,5.0,0.2,0.1,0.9,0.6,2.3
820,5,5,2,270.5,13.6,20.7,6.4,0.1,388.0
821,2,8,3,273.9,0.4,30.2,0.2,0.1,8.8
822,1,8,2,21.6,0.3,1.7,1.4,0.8,42.2
823,4,18,5,82.8,0.6,7.7,3.0,1.8,4.1
824,6,11,4,940.1,2.7,95.9,16.7,11.8,267.2
825,4,7,3,135.6,6.7,8.8,7.2,2.5,302.7
826,4,8,3,143.5,9.0,8.1,9.6,3.6,308.7
827,6,9,5,455.8,31.7,33.4,5.0,3.4,593.8
828,2,9,3,75.8,3.1,3.9,7.4,5.6,69.1
829,1,18,9,3194.9,147.1,85.7,558.6,325.7,2278.7
830,4,10,4,118.3,1.0,12.6,1.0,0.3,3.5
831,8,14,4,428.1,19.3,35.4,6.7,0.1,501.1
832,4,12,7,409.1,28.3,30.1,4.4,2.5,470.7
833,4,14,5,508.5,35.8,34.6,11.4,0.6,815.5
834,4,14,2,73.9,0.0,7.5,0.2,0.0,0.4
835,6,7,0,0.0,0.0,0.0,0.0,0.0,0.0
836,6,10,5,99.6,0.1,10.3,1.5,0.6,73.8
837,1,12,8,9918.5,53.8,531.5,1225.7,994.7,3734.5
838,4,11,5,49.9,0.4,3.9,3.7,3.1,4.8
839,4,12,5,164.5,5.5,6.4,22.3,4.7,178.9
840,4,8,5,337.6,12.0,18.3,34.8,20.4,398.2
841,6,9,3,94.4,0.1,10.0,1.0,0.7,5.1
842,8,10,0,0.0,0.0,0.0,0.0,0.0,0.0
843,3,22,11,159.8,1.4,16.5,2.4,0.7,511.3
844,30,10,4,31.9,0.1,3.4,0.3,0.3,21.4
845,2,9,4,2683.9,61.7,59.1,480.7,14.0,3951.0
846,1,12,4,3359.8,37.0,129.8,513.8,252.4,2939.8
847,4,15,6,284.5,12.5,14.1,27.3,14.7,435.1
848,6,15,7,81.9,1.6,5.6,6.4,1.4,113.3
849,6,14,9,485.9,31.5,25.2,33.9,12.1,580.0
850,5,13,9,86.4,1.0,6.4,6.3,3.4,57.8
851,6,16,9,612.1,36.8,39.8,27.6,18.7,543.2
852,1,14,4,1496.1,7.9,141.0,48.8,5.1,1087.5
854,2,17,8,575.8,27.6,33.5,42.7,19.2,747.1
855,4,14,7,328.6,15.8,18.2,25.3,5.5,416.9
856,3,13,2,14.3,1.4,0.6,0.9,0.4,62.1
857,4,5,3,565.8,14.8,14.4,92.6,10.4,1261.8
858,4,6,4,1047.9,23.3,26.7,176.9,7.3,1945.2
859,4,8,2,84.5,0.2,9.3,0.0,0.1,60.5
860,1,21,7,947.9,3.1,95.3,20.4,3.8,888.5
861,6,10,8,278.5,4.1,11.8,39.6,23.0,249.4
862,3,8,7,719.6,8.6,41.4,80.0,36.1,572.6
864,4,11,0,0.0,0.0,0.0,0.0,0.0,0.0
865,4,11,7,413.1,4.7,27.3,38.5,18.0,266.2
866,4,9,7,576.0,11.4,23.5,81.0,31.6,680.3
868,6,10,4,131.8,2.3,0.9,28.9,12.7,126.4
869,6,17,8,417.9,12.9,20.7,46.5,6.8,538.4
870,4,10,6,708.5,13.3,40.5,73.9,6.4,1039.2
871,3,5,0,0.0,0.0,0.0,0.0,0.0,0.0
872,4,11,3,42.5,0.2,0.9,8.9,8.6,17.9
874,4,14,4,145.0,4.9,11.7,5.3,0.2,171.6
875,2,12,7,1618.8,58.7,131.5,49.9,3.6,1612.8
876,2,16,7,530.4,12.7,19.1,83.6,48.1,292.7
877,4,15,9,171.6,3.2,6.6,26.4,18.0,102.9
878,4,13,6,63.5,0.8,3.9,7.4,5.0,5.5
879,3,11,6,714.6,43.2,42.7,38.7,7.6,816.0
880,3,13,5,151.0,1.6,11.1,11.9,1.4,82.1
881,4,17,8,113.6,0.2,11.6,2.3,1.7,117.4
882,4,11,3,7.0,0.5,0.2,0.8,0.7,8.5
883,5,13,4,224.6,10.8,19.8,0.1,0.1,201.9
884,8,11,5,46.7,0.5,3.9,2.6,1.7,5.9
885,6,15,8,200.0,7.7,7.4,26.9,5.0,247.7
886,4,15,3,65.2,0.3,1.4,14.4,11.7,1.1
887,6,15,9,202.6,11.4,14.1,5.3,1.8,196.4
888,5,11,5,484.9,22.3,16.6,72.2,35.0,420.0
889,4,13,8,815.1,45.2,36.8,80.0,36.9,797.2
890,4,17,8,141.9,3.9,5.7,20.7,13.4,109.2
891,4,18,10,1175.4,55.7,44.4,163.5,84.9,948.2
892,4,19,7,363.8,27.3,25.7,4.2,3.7,433.7
894,8,14,7,1069.2,46.0,95.4,3.2,2.3,928.0
895,4,14,10,790.6,44.5,44.2,55.8,15.2,911.2
896,4,22,8,317.1,14.0,21.1,17.1,3.3,525.3
897,4,15,8,44.1,0.7,4.0,1.5,0.4,25.1
898,4,10,5,1632.1,69.9,146.1,3.9,2.5,256.0
899,4,13,4,811.9,36.4,72.7,0.1,0.1,734.6
900,6,17,11,529.9,17.8,24.2,60.3,28.5,553.3
901,4,19,11,160.5,3.3,7.0,21.4,11.8,187.3
902,8,12,4,133.9,5.0,6.8,13.8,2.4,114.7
903,6,11,6,112.5,3.7,5.8,14.4,9.5,40.8
907,4,15,9,465.7,15.7,22.8,51.3,11.3,825.6
908,4,17,12,281.7,3.7,17.0,29.2,16.0,201.1
909,4,16,7,213.6,3.6,5.8,38.6,26.2,175.7
910,5,18,8,662.9,29.3,32.5,73.3,39.0,512.3
911,8,10,1,60.1,0.0,0.0,14.9,15.0,0.1
912,4,6,2,4.9,0.0,0.0,1.2,1.2,5.4
913,4,5,2,536.9,0.1,6.5,119.5,119.8,40.5
914,2,6,1,4.5,0.1,0.2,0.5,0.2,4.3
915,4,10,1,141.6,0.0,0.0,0.0,0.0,7.2
916,4,16,5,759.4,22.9,31.8,97.5,39.0,1104.1
917,4,11,7,223.8,9.6,16.9,7.9,0.7,284.1
918,4,15,3,288.3,11.4,12.1,34.7,6.2,319.7
919,1,3,0,0.0,0.0,0.0,0.0,0.0,0.0
920,1,11,6,122.9,2.8,1.4,24.8,20.7,674.8
921,4,15,10,405.5,33.7,23.9,15.3,9.7,527.5
922,4,15,12,552.2,20.2,11.0,97.1,30.3,785.4
923,12,19,7,104.9,3.2,2.2,18.4,2.4,145.6
924,4,17,7,248.1,3.0,19.4,8.5,4.5,91.3
925,4,8,5,530.6,21.2,19.8,85.0,57.7,167.2
926,4,11,8,2083.3,32.0,89.8,288.5,113.0,2577.6
927,3,13,10,257.4,5.7,16.0,22.9,1.3,276.0
928,3,12,5,7.7,0.3,0.3,1.4,0.5,19.0
929,4,15,2,3.3,0.2,0.1,0.3,0.1,77.1
930,8,12,8,419.5,8.5,11.5,71.0,5.4,556.5
931,4,9,4,58.7,1.7,5.4,1.8,0.6,33.9
932,4,6,2,3.8,0.1,0.3,0.1,0.0,6.6
933,1,4,1,45.0,0.0,5.0,0.0,0.0,0.1
934,4,11,5,105.7,2.7,3.6,15.5,1.6,270.5
935,4,14,6,604.0,12.2,44.4,40.4,8.7,447.4
936,1,6,0,0.0,0.0,0.0,0.0,0.0,0.0
937,10,7,1,0.3,0.0,0.0,0.1,0.0,0.0
938,2,12,6,667.3,24.4,28.1,82.1,18.4,649.1
939,4,8,2,153.6,2.6,8.1,17.9,1.7,409.3
940,4,15,9,307.8,1.5,31.4,5.3,2.4,586.3
941,4,9,4,601.4,58.8,38.4,1.3,0.2,879.3
942,4,10,3,311.2,1.8,23.4,23.6,13.8,127.0
943,25,8,3,10.6,0.1,1.1,0.2,0.1,8.5
944,2,12,7,157.6,0.9,15.4,4.4,3.2,51.3
945,2,19,9,1572.3,67.3,122.6,49.1,30.5,1582.9
946,4,22,10,517.4,7.8,26.5,66.2,36.1,544.9
947,2,19,7,109.0,8.1,3.4,11.4,8.5,111.8
948,4,12,7,364.4,23.5,26.6,6.1,4.2,388.7
949,2,17,9,207.8,9.1,12.3,15.2,0.9,391.4
950,6,16,8,57.4,0.9,3.5,5.7,2.4,41.3
951,7,21,11,679.1,54.4,47.6,4.7,2.8,879.4
952,4,15,8,414.0,6.6,30.8,28.5,11.8,237.9
953,6,11,7,537.7,25.2,12.9,96.9,56.8,304.6
954,6,11,7,93.2,3.4,4.5,9.6,4.8,112.1
955,4,9,5,199.0,3.1,10.9,22.1,1.4,281.5
956,8,7,0,0.0,0.0,0.0,0.0,0.0,0.0
957,6,25,11,366.9,30.4,22.4,9.1,4.4,516.8
958,35,18,11,77.4,5.4,5.9,0.4,0.2,93.0
960,16,23,10,247.9,10.5,18.5,9.5,4.0,301.3
961,4,10,6,200.5,1.6,16.7,11.2,4.9,97.4
962,2,15,8,830.5,51.7,65.4,5.0,2.0,985.7
963,4,12,2,28.6,0.5,0.6,5.5,0.1,82.6
964,3,4,0,0.0,0.0,0.0,0.0,0.0,0.0
966,4,4,1,177.0,0.0,0.0,0.0,0.0,9.0
967,4,15,8,494.5,16.0,27.0,47.9,23.1,622.9
968,4,12,5,562.8,24.7,16.5,93.0,46.5,527.5
969,2,9,3,75.4,0.8,7.7,0.9,0.1,13.6
970,8,13,5,330.0,8.0,7.3,57.7,40.4,424.3
971,4,11,6,367.2,6.0,15.2,52.5,28.4,356.3
972,1,9,4,4053.6,41.0,161.1,605.5,377.8,3503.6
973,4,6,3,272.2,3.5,18.2,23.9,2.3,568.7
974,3,10,1,45.0,0.0,5.0,0.0,0.0,0.1
975,3,9,2,68.2,0.0,6.9,1.6,0.6,49.8
976,4,10,5,420.2,31.7,26.6,11.3,2.2,681.7
977,1,8,4,154.7,0.3,16.3,1.8,0.7,86.8
978,4,18,2,5.8,0.1,0.5,0.3,0.1,16.6
979,4,11,5,887.3,36.5,80.2,2.1,1.6,698.3
980,4,9,3,25.4,0.9,0.6,4.6,2.9,25.7
981,6,16,9,154.7,1.7,13.0,7.0,3.5,65.9
982,12,13,5,451.7,7.0,5.6,94.5,49.2,398.8
983,1,2,0,0.0,0.0,0.0,0.0,0.0,0.0
984,4,16,5,208.5,0.3,22.7,1.0,0.3,45.2
985,4,17,6,55.9,1.7,0.6,11.3,3.8,39.4
986,4,14,6,10.9,0.5,0.8,0.6,0.3,21.8
987,20,12,6,174.6,5.3,16.3,1.3,1.0,137.2
988,3,15,5,991.0,62.4,78.8,3.4,2.3,1134.2
989,4,17,8,258.5,0.5,14.2,11.0,10.3,75.4
990,1,11,4,582.0,3.2,61.3,6.9,2.4,42.3
991,4,13,5,1383.7,117.8,94.9,5.6,0.3,1882.0
992,1,9,5,6182.7,275.2,549.6,13.5,12.0,5344.4
993,4,7,2,19.9,1.1,1.0,1.7,1.0,53.3
994,4,12,7,267.4,5.9,11.5,35.5,15.4,293.3
995,4,12,6,254.4,0.6,27.8,0.8,0.3,136.1
996,4,7,4,179.8,0.5,13.6,13.8,8.0,94.9
997,4,11,5,369.6,3.0,31.8,18.2,9.4,175.4
998,6,17,11,1200.8,70.4,94.4,14.5,2.7,1367.3
999,4,3,2,303.8,2.8,23.8,19.7,1.9,450.0
1000,4,10,4,74.7,0.4,7.8,0.8,0.3,39.5
1001,4,13,5,51.0,0.1,5.5,0.2,0.1,45.4
1002,3,10,6,16.6,1.3,0.7,1.4,1.0,126.5
1003,4,7,3,31.5,0.7,2.8,1.0,0.8,12.1
1004,1,11,4,46.5,2.8,1.7,5.1,4.9,51.7
1005,1,6,3,102.2,1.4,10.5,0.7,0.3,20.3
1006,5,10,2,15.9,1.7,0.7,0.8,0.4,61.9
1007,4,9,4,15.7,0.2,1.3,0.8,0.7,10.4
1008,4,8,4,71.8,0.1,7.8,0.3,0.1,7.7
1009,2,8,3,51.9,1.3,0.4,10.9,5.5,87.5
1010,4,4,1,22.5,0.0,2.5,0.0,0.0,0.1
1011,4,11,9,92.3,1.0,8.1,4.1,2.5,31.0
1012,2,13,4,404.1,31.4,25.2,11.9,9.8,497.6
1013,6,19,14,527.1,18.7,14.8,82.0,16.7,993.4
1014,4,15,5,215.3,3.9,9.1,30.0,12.9,476.2
1015,10,12,7,45.4,0.8,4.0,1.7,0.5,17.7
1016,4,14,3,12.6,0.9,0.3,1.9,1.1,11.7
1017,4,12,3,0.8,0.0,0.1,0.0,0.0,9.1
1018,3,6,0,0.0,0.0,0.0,0.0,0.0,0.0
1019,6,10,6,26.3,0.1,2.5,0.7,0.6,4.5
1020,3,7,4,336.5,5.0,21.1,32.1,3.1,733.2
1021,12,10,7,337.9,6.6,14.3,48.2,25.7,287.3
1022,4,15,6,141.9,1.1,13.6,3.8,0.8,43.4
1023,4,8,3,56.7,1.7,0.8,10.8,0.1,46.0
1024,6,14,10,673.2,25.6,56.7,13.4,7.3,572.4
1025,4,15,2,543.8,24.2,48.4,1.0,1.0,464.4
1026,8,17,11,438.2,21.5,16.6,58.6,29.0,315.4
1027,8,16,9,303.5,6.1,15.9,40.6,26.9,91.8
1028,4,10,4,19.7,0.4,0.9,2.6,1.7,16.5
1029,30,6,2,11.7,0.0,0.4,2.0,2.0,2.6
1030,8,13,8,464.4,31.2,30.1,17.6,13.2,439.5
1031,4,12,1,21.6,1.8,0.5,3.8,0.5,33.6
1032,4,13,3,79.8,1.0,5.2,7.4,4.3,0.1
1033,4,15,6,1093.8,41.6,85.6,39.4,24.8,930.0
1034,8,11,3,52.5,0.0,5.8,0.1,0.0,3.4
1035,3,9,7,127.9,1.6,10.8,7.4,5.5,24.5
1036,8,14,5,191.7,0.1,20.0,1.9,1.5,2.2
1037,4,11,3,24.8,0.5,1.0,3.5,2.3,36.1
1038,4,13,7,525.0,22.6,27.5,48.7,7.6,960.8
1039,4,5,4,103.8,1.3,0.7,24.2,13.5,39.6
1040,4,10,3,389.4,8.5,19.5,32.6,11.0,305.0
1041,1,20,9,2593.6,25.7,81.6,439.8,324.1,1740.2
1042,4,13,9,786.2,41.1,45.0,55.1,29.9,921.4
1043,4,7,3,89.1,9.7,5.6,0.0,0.0,107.2
1044,4,11,6,865.4,26.1,56.3,71.9,46.8,631.2
1045,4,11,7,703.8,15.7,29.4,96.0,49.2,675.3
1046,2,12,7,571.7,16.6,20.3,69.9,41.8,678.6
1047,4,18,9,523.9,13.0,19.8,77.6,39.0,428.0
1048,6,15,7,503.8,23.2,34.0,25.2,3.3,560.1
1049,4,15,5,519.9,27.9,24.9,46.3,11.9,655.1
1050,8,11,4,43.5,0.6,3.2,3.0,0.4,68.5
1051,6,16,10,426.2,20.6,7.9,84.8,57.6,206.3
1052,4,19,9,709.3,26.3,28.0,90.3,24.6,981.5
1053,4,13,7,184.0,15.8,12.8,0.3,0.1,261.3
1054,4,20,13,650.6,24.7,20.4,94.0,24.6,985.9
1055,6,16,7,282.2,14.3,6.4,49.8,31.8,265.5
1056,4,20,9,293.4,4.3,16.4,32.8,17.9,223.8
1057,2,13,9,184.2,1.6,17.2,6.0,1.4,67.0
1058,4,18,6,718.4,27.9,64.2,6.8,0.7,564.1
1059,6,19,7,578.0,39.2,32.1,32.0,14.7,877.6
1060,4,6,5,627.6,25.6,54.9,10.0,1.3,557.8
1061,10,8,5,421.8,5.9,27.5,37.1,4.2,527.6
1062,4,11,4,198.6,17.6,13.4,1.5,1.0,225.0
1063,4,15,6,450.4,21.8,35.1,12.4,0.7,510.4
1064,4,9,1,101.2,0.0,11.2,0.0,0.0,0.2
1065,2,8,2,1070.4,0.0,120.0,0.0,0.0,0.0
1066,10,8,1,1.0,0.0,0.0,0.2,0.2,0.0
1067,16,10,4,73.2,0.1,7.5,1.2,0.8,5.1
1068,4,5,3,734.1,62.2,50.0,4.1,2.5,981.9
1070,6,8,4,1.8,0.1,0.1,0.1,0.0,3.7
1071,2,6,4,136.6,8.1,5.2,14.4,14.5,96.9
1073,2,9,2,797.8,18.5,9.5,159.8,0.6,573.3
1074,4,14,6,242.5,1.5,20.3,2.8,1.2,74.2
1075,4,17,9,665.5,20.4,35.3,70.8,46.8,129.7
1076,4,5,3,476.5,29.3,38.6,1.0,0.4,464.7
1077,6,16,8,122.8,3.2,5.4,15.6,0.6,144.2
1078,3,11,4,13.1,0.6,0.4,1.9,1.7,81.7
1079,4,10,5,29.3,0.8,2.4,1.3,1.2,43.4
1080,4,17,9,345.2,3.0,33.8,8.1,4.3,471.0
1081,4,33,10,247.4,5.8,19.9,11.2,6.9,276.8
1082,4,8,2,34.2,0.0,0.0,9.3,9.2,0.6
1083,2,17,10,871.8,32.2,26.4,151.4,89.2,592.2
1084,4,9,4,21.3,1.9,0.7,1.8,1.7,27.7
1085,4,9,5,119.3,2.7,5.7,15.4,11.9,87.0
1087,6,14,5,325.4,9.3,16.2,36.8,5.4,403.0
1088,2,7,4,168.0,6.6,3.9,26.8,10.3,282.3
1089,4,11,3,179.8,3.4,15.4,9.2,2.8,54.5
1090,6,13,7,489.5,23.5,27.2,37.8,18.2,913.9
1091,8,13,7,300.2,11.6,21.2,17.2,9.7,381.7
1092,4,5,2,33.8,0.0,3.8,0.0,0.0,3.7
1093,2,6,1,628.8,34.7,30.4,53.9,32.6,1327.2
1094,4,12,4,701.6,38.3,33.5,59.9,9.0,1563.2
1095,4,7,4,175.8,1.1,13.6,12.4,7.1,82.8
1096,12,10,5,490.8,5.4,5.2,105.0,77.9,435.8
1097,4,12,4,208.2,3.1,20.7,4.4,2.9,15.6
1098,2,13,3,1193.5,53.6,101.1,13.4,0.2,1292.2
1099,2,13,3,195.5,10.0,9.7,16.9,6.6,420.4
1100,2,9,4,329.8,14.0,19.6,24.1,3.2,826.4
1101,4,6,1,339.4,12.6,29.1,12.7,6.0,241.8
1102,6,14,7,801.3,28.6,30.6,115.5,41.0,863.6
1103,4,12,6,293.9,17.8,16.4,17.7,5.3,648.6
1104,4,14,1,2.9,0.0,0.0,0.7,0.4,48.8
1105,4,5,0,0.0,0.0,0.0,0.0,0.0,0.0
1107,1,10,3,914.7,0.1,87.4,32.6,29.2,84.7
1108,4,8,2,67.8,0.0,7.5,0.1,0.0,0.2
1109,2,17,2,595.7,24.3,54.6,0.0,0.0,503.7
1110,2,5,3,69.2,0.1,7.5,0.1,0.0,32.1
1111,8,7,2,1213.3,73.6,68.7,70.0,59.9,3078.3
1112,6,13,8,1085.1,80.4,78.4,9.3,4.5,1393.4
1113,4,17,2,115.2,0.3,11.6,2.5,1.1,10.0
1114,2,10,5,801.3,33.2,57.0,37.9,9.6,1088.3
1115,4,12,3,1416.0,0.4,157.0,0.5,0.5,238.3
1116,4,9,2,407.9,21.6,4.5,88.3,59.6,161.1
1118,8,8,0,0.0,0.0,0.0,0.0,0.0,0.0
1119,6,14,6,395.6,18.3,17.3,42.2,6.3,635.6
1120,3,17,2,722.6,10.8,67.3,19.7,8.3,1268.7
1122,1,10,6,130.8,6.7,6.8,11.1,7.1,361.7
1123,6,10,2,248.1,11.7,10.8,27.0,13.2,436.9
1124,1,10,6,38.7,4.1,1.6,1.9,1.2,69.4
1125,4,16,5,908.6,46.5,72.2,15.0,14.1,754.7
1126,4,5,0,0.0,0.0,0.0,0.0,0.0,0.0
1127,3,12,4,14.5,0.7,0.7,1.4,1.3,17.8
1128,4,8,5,219.1,9.5,11.8,18.6,3.4,584.2
1129,8,6,2,73.7,0.2,7.5,1.3,0.8,0.1
1130,4,7,3,179.8,2.1,14.2,11.0,0.6,169.0
1131,8,11,5,116.4,1.9,11.5,1.5,0.1,6.6
1132,4,9,5,173.5,8.1,11.6,8.8,0.2,337.4
1133,2,6,1,14.0,0.6,0.2,2.8,1.8,2.8
1134,2,11,5,210.7,0.3,23.0,0.6,0.2,27.9
1135,6,14,2,90.0,0.0,10.0,0.0,0.0,0.2
1136,4,16,6,321.3,11.2,12.2,43.2,13.1,634.7
1137,2,18,8,3192.0,157.3,231.2,113.5,41.8,2046.4
1138,4,7,3,127.2,1.0,11.6,5.2,3.2,23.9
1139,8,14,6,245.8,8.6,19.4,9.3,0.8,321.3
1140,6,7,3,165.5,8.3,7.8,16.0,6.6,315.2
1141,8,7,4,307.8,11.5,22.9,15.3,1.4,384.8
1142,4,9,4,182.5,12.0,11.0,8.2,0.2,400.4
1143,4,15,6,960.3,38.6,79.5,20.2,8.2,949.4
1144,2,10,1,0.0,0.0,0.0,0.0,0.0,1.2
1145,48,12,5,6.2,0.2,0.1,1.1,0.1,12.6
1146,4,11,4,120.5,1.4,8.0,10.9,5.3,160.7
1147,4,10,7,607.7,16.2,33.2,61.5,35.0,678.2
1148,4,9,1,275.4,7.4,7.2,44.4,3.3,630.0
1149,4,9,4,114.7,1.3,7.8,9.7,6.6,7.4
1150,4,11,8,1106.8,72.3,57.1,87.0,44.6,1134.0
1151,8,12,4,199.9,2.2,10.0,25.1,12.7,85.4
1152,12,11,5,297.3,6.9,6.8,51.6,4.8,580.3
1153,2,5,1,0.0,0.0,0.0,0.0,0.0,14.4
1154,1,6,3,128.1,0.5,0.4,30.6,30.7,17.0
1155,8,32,6,31.9,0.7,1.1,5.1,3.1,36.1
1156,2,14,9,495.8,12.9,35.4,33.7,12.8,658.3
1157,1,13,2,227.2,14.4,13.0,13.1,6.5,630.2
1158,4,6,1,67.5,0.0,7.5,0.0,0.0,0.1
1159,4,14,8,275.0,3.3,18.4,24.9,13.3,276.2
1160,6,18,11,178.7,7.0,5.5,30.6,19.6,92.3
1161,6,10,4,441.7,19.0,14.0,75.9,51.2,189.5
1162,2,12,4,287.5,17.3,16.1,17.7,0.8,1601.1
1163,4,13,5,544.5,15.3,49.7,9.6,3.2,321.2
1164,4,17,7,139.6,0.6,8.9,15.4,13.5,50.8
1165,4,14,7,575.1,55.5,30.2,17.0,2.7,1014.3
1166,6,14,5,80.3,2.7,0.9,15.7,5.3,127.4
1167,6,12,5,255.3,17.1,15.1,11.8,7.4,317.2
1168,6,13,6,793.3,41.0,62.2,15.9,13.1,721.3
1169,30,14,4,36.6,0.2,2.7,2.8,1.1,25.3
1170,8,15,6,118.9,2.9,2.9,20.6,7.8,97.6
1171,1,3,0,0.0,0.0,0.0,0.0,0.0,0.0
1172,3,16,10,314.9,1.3,10.4,16.8,13.4,26.8
1173,14,8,3,124.3,1.5,1.5,26.0,17.9,127.1
1174,4,6,3,28.6,0.3,0.0,4.0,2.7,1.0
1175,10,8,5,90.7,0.6,1.0,17.6,15.3,157.9
1177,6,17,7,212.2,19.5,13.8,1.0,0.6,325.1
1178,6,7,5,148.4,0.5,14.0,5.8,3.8,5.2
1179,2,9,6,1472.9,65.2,102.1,78.7,22.2,1246.1
1180,6,15,6,857.8,35.3,77.2,2.8,1.5,187.1
1181,1,5,0,0.0,0.0,0.0,0.0,0.0,0.0
1182,6,8,5,354.3,5.4,14.6,50.3,35.4,286.0
1183,7,11,7,1089.2,8.4,30.3,198.1,160.4,574.0
1184,2,10,5,197.9,0.9,14.5,16.4,13.3,140.9
1185,1,9,6,1849.2,156.1,125.5,12.0,6.7,2468.3
1186,4,5,3,21.3,0.2,0.0,2.9,2.0,0.7
1187,6,4,2,82.3,4.3,3.0,9.6,9.2,70.1
1188,6,5,4,184.2,0.3,0.2,46.6,44.2,3.3
1189,8,11,4,156.7,2.7,7.7,19.5,4.7,336.8
1190,4,10,7,2668.6,5.2,201.8,209.7,188.0,400.3
1191,2,10,5,1077.3,8.1,27.9,201.4,170.4,628.9
1192,2,16,10,1636.0,18.4,86.1,195.9,103.5,1722.9
1193,24,6,2,18.6,0.0,2.1,0.0,0.0,13.2
1194,2,9,3,210.0,0.2,22.7,1.5,0.6,146.7
1195,4,9,1,7.5,0.3,0.1,1.5,1.0,1.5
1196,40,11,3,6.9,0.3,0.4,0.7,0.3,1.2
1197,2,16,3,1335.5,21.4,29.0,248.3,29.9,1727.8
1198,4,14,5,14.2,0.2,0.4,2.7,0.3,29.7
1199,4,12,8,817.0,12.6,35.9,110.0,68.1,942.4
1200,6,11,6,258.4,5.9,8.7,41.0,18.1,197.2
1201,2,15,5,249.3,13.8,12.5,20.3,9.2,574.3
1202,3,14,6,102.1,1.5,7.7,6.6,0.2,62.5
1203,4,5,1,540.0,24.2,48.4,0.0,0.0,464.4
1204,4,9,5,456.1,10.6,20.9,59.7,42.4,486.4
1205,6,13,4,186.9,5.9,10.4,18.1,3.2,190.1
1206,4,12,4,294.4,9.0,15.4,32.2,19.8,334.5
1207,10,13,5,203.4,4.0,5.2,31.6,12.3,642.8
1208,6,11,4,13.3,0.3,1.1,0.7,0.1,10.1
1209,2,12,3,31.1,0.7,2.8,1.1,0.3,16.8
1210,6,10,6,67.0,2.0,5.1,3.8,2.1,447.2
1211,4,10,5,113.4,2.7,4.0,16.5,2.6,118.5
1212,2,13,9,1138.4,47.8,40.7,173.2,89.6,749.6
1213,4,11,4,770.9,36.8,62.8,12.1,0.2,940.6
1214,6,7,3,23.2,0.0,2.5,0.4,0.1,0.5
1215,1,11,3,977.9,6.0,104.7,3.0,2.3,767.2
1216,4,14,10,472.3,8.2,20.0,66.4,34.3,434.9
1217,4,11,3,92.4,1.7,8.2,3.0,1.6,13.8
1218,4,11,5,144.1,0.1,15.7,0.7,0.4,28.3
1219,4,10,4,64.0,0.5,4.3,6.0,0.2,55.8
1220,8,12,7,279.6,6.9,14.6,31.1,13.0,223.2
1221,8,10,5,319.4,21.8,22.4,7.2,0.5,516.7
1222,4,16,8,706.9,28.1,35.6,69.7,17.4,1152.9
1223,4,9,5,315.5,18.5,10.0,19.3,3.4,714.4
1224,7,11,6,289.5,8.8,23.6,11.1,2.0,293.5
1225,4,7,2,116.7,0.4,11.7,2.5,1.8,74.6
1226,6,13,3,316.9,15.9,20.6,16.1,0.3,646.0
1227,6,19,7,336.0,15.7,5.1,65.7,28.7,266.6
1228,6,15,4,634.9,32.7,29.6,75.5,51.1,758.9
1229,4,5,1,141.6,0.0,0.0,0.0,0.0,7.2
1230,6,8,2,179.8,2.2,18.5,2.2,1.0,42.6
1231,4,7,3,285.8,8.3,25.0,7.0,0.3,30.3
1232,2,11,4,522.5,16.4,20.8,68.0,23.2,918.1
1233,4,12,4,392.8,8.0,30.3,8.6,0.3,314.0
1234,2,11,3,4.8,0.1,0.1,1.5,0.5,10.8
1235,4,7,2,274.8,9.8,14.6,28.1,5.0,236.2
1236,4,7,1,50.6,0.0,5.6,0.0,0.0,0.0
1237,4,8,4,79.1,0.3,7.6,2.4,0.7,48.0
1239,6,14,7,37.8,0.4,0.1,9.7,7.9,24.1
1240,6,14,8,378.7,15.8,34.2,3.8,1.2,208.5
1241,4,7,2,145.9,4.8,13.0,4.6,0.9,102.4
1242,6,10,7,1897.8,73.4,146.7,67.3,41.3,1689.7
1243,4,15,8,915.0,24.4,36.7,135.6,86.8,655.8
1244,2,11,5,1083.1,16.5,61.4,118.0,59.1,897.3
1245,4,9,3,392.8,5.1,31.8,27.7,20.6,8.6
1246,6,11,4,281.5,12.7,12.5,20.8,2.4,433.6
1247,4,16,10,908.4,28.8,63.7,55.4,31.8,692.2
1248,8,15,3,3.6,0.1,0.3,0.1,0.1,15.0
1249,4,12,2,0.4,0.0,0.0,0.1,0.1,0.1
1250,6,14,8,445.6,7.8,16.7,67.2,34.1,691.7
1251,4,10,7,839.1,43.4,61.9,24.8,8.0,1195.0
1252,8,6,1,22.8,0.0,0.0,6.2,6.2,0.3
1253,4,8,4,474.8,6.2,22.2,62.7,13.6,563.8
1254,4,3,2,60.8,0.1,0.0,16.5,16.4,4.4
1255,3,17,8,444.2,8.8,26.9,46.0,33.4,281.8
1256,4,10,6,209.6,0.8,21.4,3.7,1.8,32.7
1257,4,11,5,560.1,24.5,49.4,9.1,2.1,395.8
1258,8,9,7,193.6,8.0,9.9,19.8,10.4,284.9
1259,4,13,3,43.9,1.7,0.6,8.1,0.6,98.3
1260,4,11,4,340.8,15.8,4.8,70.7,44.8,159.1
1261,4,18,9,417.1,11.2,29.2,27.6,2.4,491.2
1262,1,8,2,172.1,6.6,7.2,21.4,3.9,177.8
1263,6,12,2,168.1,5.9,8.4,18.1,3.2,170.4
1264,4,24,12,260.1,5.3,16.9,21.8,1.0,260.6
1265,1,8,6,777.6,2.7,77.7,15.6,4.2,263.5
1266,10,12,8,693.2,51.8,45.0,17.0,5.5,888.2
1267,4,12,5,825.6,78.3,51.9,7.5,0.7,1236.5
1268,2,12,3,130.8,6.6,8.2,7.9,1.5,245.6
1269,4,8,0,0.0,0.0,0.0,0.0,0.0,0.0
1270,4,13,8,361.1,1.9,38.2,3.2,1.1,64.4
1271,4,11,6,629.0,38.3,50.2,4.1,1.3,490.1
1272,4,12,7,399.2,5.1,18.3,54.6,6.4,420.3
1273,4,10,7,165.2,3.8,10.5,14.5,7.7,150.6
1274,3,13,8,435.7,20.7,31.7,17.9,3.4,918.0
1275,4,17,7,444.3,13.9,17.7,59.0,21.3,505.0
1276,4,13,10,668.2,24.3,47.3,42.0,17.3,1500.4
1277,4,11,7,149.5,2.5,6.8,19.7,7.9,228.3
1278,10,22,7,214.9,6.7,9.3,27.1,7.0,451.4
1279,6,5,4,65.0,0.4,2.6,9.9,6.4,50.5
1280,4,5,0,0.0,0.0,0.0,0.0,0.0,0.0
1282,4,8,3,226.7,4.9,4.8,40.7,13.2,423.7
1283,2,13,4,227.5,0.3,15.1,24.7,24.6,11.2
1284,6,13,8,711.1,39.2,35.6,57.0,7.4,1065.4
1285,4,9,1,67.5,0.0,7.5,0.0,0.0,0.0
1286,10,21,6,83.4,1.0,6.5,5.3,0.9,144.5
1287,6,14,3,291.4,10.5,3.5,54.8,4.3,570.8
1288,4,24,10,790.3,42.5,58.1,21.6,11.5,788.7
1289,4,8,2,751.4,26.7,65.4,26.8,12.6,511.2
1290,3,12,5,214.5,2.4,17.1,13.3,8.7,125.6
1291,4,17,0,0.0,0.0,0.0,0.0,0.0,0.0
1292,10,9,1,5.3,0.1,0.0,1.2,0.8,0.1
1293,4,16,10,1024.5,18.0,66.0,92.2,39.3,824.1
1294,4,10,3,143.7,8.2,7.8,9.8,1.1,311.1
1295,4,13,6,474.7,16.1,20.1,57.5,7.6,521.6
1296,2,9,3,345.1,15.9,23.1,16.3,0.3,622.0
1297,6,11,4,55.3,0.3,5.1,2.1,1.4,51.3
1298,35,18,4,3.6,0.4,0.1,0.3,0.3,51.6
1299,8,10,3,270.4,0.0,30.0,0.1,0.0,0.5
1300,4,5,5,681.8,14.1,31.4,78.0,38.8,705.3
1301,4,12,11,431.8,30.6,27.3,17.3,10.0,339.0
