fdc_id,g_per_ml,source_portion
2705383,1.025,1 cup
2705384,1.0167,1 cup
2705385,1.0167,1 cup
2705386,1.0167,1 cup
2705387,1.0167,1 cup
2705388,1.0167,1 cup
2705389,1.0167,1 cup
2705390,1.0167,1 cup
2705391,1.0167,1 cup
2705392,1.0167,1 cup
2705393,1.0167,1 cup
2705394,1.0167,1 cup
2705395,1.0167,1 cup
2705396,1.0167,1 cup
2705397,1.0167,1 cup
2705398,1.05,1 cup
2705399,1.05,1 cup
2705400,1.05,1 cup
2705401,1.05,1 cup
2705402,1.2667,1 cup
2705403,1.0167,1 cup
2705404,1.0167,1 cup
2705405,1.0167,1 cup
2705406,1.0167,1 cup
2705407,1.0167,1 cup
2705408,1.0167,1 cup
2705409,1.0167,1 cup
2705410,1.0167,1 cup
2705411,1.0167,1 cup
2705412,1.0167,1 cup
2705413,1.0167,1 cup
2705414,1.0208,1 cup
2705415,1.0208,1 cup
2705416,1.0208,1 cup
2705417,1.0208,1 cup
2705418,1.0208,1 cup
2705419,1.0208,1 cup
2705420,1.0208,1 cup
2705421,1.0208,1 cup
2705422,1.0208,1 cup
2705423,1.0208,1 cup
2705424,1.0208,1 cup
2705425,1.0208,1 cup
2705426,1.0208,1 cup
2705427,1.0208,1 cup
2705428,1.0208,1 cup
2705429,1.0208,1 cup
2705430,1.0208,1 cup
2705431,1.0208,1 cup
2705432,1.0208,1 cup
2705433,1.0208,1 cup
2705434,1.0208,1 cup
2705435,1.0208,1 cup
2705436,1.0208,1 cup
2705437,1.0208,1 cup
2705438,1.0208,1 cup
2705439,1.0208,1 cup
2705440,1.0208,1 cup
2705441,1.0208,1 cup
2705442,1.0208,1 cup
2705444,1.0,1 tablespoon
2705445,1.0,1 tablespoon
2705446,1.0,1 tablespoon
2705447,1.0,1 tablespoon
2705448,1.0,1 tablespoon
2705449,1.0,1 tablespoon
2705451,0.7292,1 cup
2705452,0.7292,1 cup
2705453,0.7292,1 cup
2705454,0.7292,1 cup
2705455,0.7292,1 cup
2705463,1.0,1 tablespoon
2705464,1.0,1 tablespoon
2705465,1.0,1 tablespoon
2705466,1.0333,1 cup
2705467,1.0333,1 cup
2705468,1.0333,1 cup
2705469,1.0333,1 cup
2705470,1.0333,1 cup
2705471,1.0333,1 cup
2705472,1.0333,1 cup
2705473,1.0333,1 cup
2705474,1.0333,1 cup
2705475,1.0333,1 cup
2705476,1.0333,1 cup
2705477,1.0333,1 cup
2705478,1.0333,1 cup
2705479,1.0333,1 cup
2705480,1.0333,1 cup
2705481,1.0333,1 cup
2705482,1.0333,1 cup
2705483,1.0333,1 cup
2705484,1.0333,1 cup
2705485,1.0333,1 cup
2705486,1.0333,1 cup
2705487,1.0333,1 cup
2705488,1.0333,1 cup
2705489,1.0333,1 cup
2705490,1.0333,1 cup
2705491,1.0333,1 cup
2705492,1.0333,1 cup
2705493,1.0333,1 cup
2705494,1.0333,1 cup
2705495,1.0333,1 cup
2705496,1.0333,1 cup
2705497,1.0333,1 cup
2705498,1.0333,1 cup
2705499,1.0333,1 cup
2705500,1.0333,1 cup
2705501,1.0667,1 cup
2705502,1.0667,1 cup
2705503,0.9333,1 cup
2705504,0.9333,1 cup
2705505,0.9333,1 cup
2705506,0.9333,1 cup
2705507,0.9468,1 fl oz
2705508,0.9333,1 cup
2705509,0.9333,1 cup
2705510,1.0333,1 cup
2705511,1.0333,1 cup
2705512,0.9,1 cup
2705513,0.9,1 cup
2705514,0.9,1 cup
2705515,0.9,1 cup
2705516,0.9,1 cup
2705517,1.0333,1 cup
2705518,1.0313,1 fl oz
2705519,1.0313,1 fl oz
2705520,1.0313,1 fl oz
2705521,1.0313,1 fl oz
2705522,1.0313,1 fl oz
2705523,1.0313,1 fl oz
2705524,1.0313,1 fl oz
2705525,1.0313,1 fl oz
2705526,1.0313,1 fl oz
2705527,1.0313,1 fl oz
2705528,1.0313,1 fl oz
2705529,1.0313,1 fl oz
2705530,1.0313,1 fl oz
2705531,1.0313,1 fl oz
2705532,1.0313,1 fl oz
2705533,1.0313,1 fl oz
2705534,1.0313,1 fl oz
2705535,1.0313,1 fl oz
2705536,1.0313,1 fl oz
2705537,1.0313,1 fl oz
2705538,1.0313,1 fl oz
2705539,1.0313,1 fl oz
2705540,1.0313,1 fl oz
2705541,1.0313,1 fl oz
2705542,1.0313,1 fl oz
2705543,1.0313,1 fl oz
2705544,1.0313,1 fl oz
2705545,1.0482,1 fl oz
2705546,1.0313,1 fl oz
2705547,1.0313,1 fl oz
2705548,1.0482,1 fl oz
2705549,1.0313,1 fl oz
2705550,1.0313,1 fl oz
2705551,1.0313,1 fl oz
2705552,1.0313,1 fl oz
2705553,1.0313,1 fl oz
2705554,1.0313,1 fl oz
2705555,1.0313,1 fl oz
2705556,1.0313,1 fl oz
2705557,1.0313,1 fl oz
2705558,1.0313,1 fl oz
2705559,1.0313,1 fl oz
2705560,1.0313,1 fl oz
2705561,1.0313,1 fl oz
2705562,1.0313,1 fl oz
2705563,1.0313,1 fl oz
2705564,1.0313,1 fl oz
2705565,1.0313,1 fl oz
2705566,1.0313,1 fl oz
2705567,1.0313,1 fl oz
2705568,1.0313,1 fl oz
2705569,1.0313,1 fl oz
2705570,1.0313,1 fl oz
2705571,1.0313,1 fl oz
2705572,1.0313,1 fl oz
2705573,1.0313,1 fl oz
2705574,1.0313,1 fl oz
2705575,1.0313,1 fl oz
2705576,1.0313,1 fl oz
2705577,1.0313,1 fl oz
2705578,1.0313,1 fl oz
2705579,1.0313,1 fl oz
2705580,1.0313,1 fl oz
2705581,1.0313,1 fl oz
2705582,1.0313,1 fl oz
2705583,1.0313,1 fl oz
2705584,1.0313,1 fl oz
2705585,0.5333,1 cup
2705586,0.5,1 tablespoon
2705587,0.3333,1 tablespoon
2705588,0.6667,1 tablespoon
2705589,0.6667,1 tablespoon
2705590,0.3667,1 tablespoon
2705591,0.6667,1 tablespoon
2705592,1.0,1 cup
2705593,1.0,1 cup
2705594,1.0,1 cup
2705595,1.0,1 cup
2705596,1.0,1 cup
2705597,1.0,1 cup
2705598,0.1667,1 cup
2705599,1.0,1 cup
2705600,1.0,1 cup
2705601,1.0,1 cup
2705602,1.0,1 cup
2705603,1.0,1 cup
2705604,1.0,1 cup
2705605,1.0,1 cup
2705606,0.3917,1 cup
2705607,0.3917,1 cup
2705608,0.3917,1 cup
2705609,0.3917,1 cup
2705610,1.0,1 cup
2705611,0.3125,1 cup
2705612,0.3125,1 cup
2705613,0.3125,1 cup
2705614,1.0,1 cup
2705615,1.0,1 cup
2705616,1.0,1 cup
2705617,1.0,1 cup
2705618,1.0,1 tablespoon
2705619,1.0,1 tablespoon
2705620,1.0,1 tablespoon
2705621,1.0,1 tablespoon
2705622,1.0,1 tablespoon
2705623,1.0,1 tablespoon
2705624,1.0,1 tablespoon
2705625,1.0,1 tablespoon
2705626,1.0,1 tablespoon
2705627,1.0,1 tablespoon
2705628,1.0,1 tablespoon
2705629,0.5625,1 cup
2705630,0.5625,1 cup
2705631,0.5833,1 cup
2705632,0.5625,1 cup
2705633,0.5833,1 cup
2705634,0.7292,1 cup
2705635,0.7292,1 cup
2705636,0.7292,1 cup
2705637,0.7292,1 cup
2705638,0.5542,1 cup
2705640,0.8454,1 miniature Snicker bar (1 fl oz)
2705656,0.8,1 cup
2705657,0.8,1 cup
2705658,0.5833,1 cup
2705659,0.5833,1 cup
2705661,0.5833,1 cup
2705662,0.5833,1 cup
2705663,0.5625,1 cup
2705664,0.5625,1 cup
2705665,0.5625,1 cup
2705666,0.5625,1 cup
2705667,0.8958,1 cup
2705677,0.7292,1 cup
2705679,1.0833,1 cup
2705680,0.8333,1 cup
2705681,1.0833,1 cup
2705682,1.0833,1 cup
2705683,1.0833,1 cup
2705684,1.0833,1 cup
2705685,1.0833,1 cup
2705686,1.0833,1 cup
2705687,1.0833,1 cup
2705688,1.0833,1 cup
2705689,1.0833,1 cup
2705690,1.0833,1 cup
2705691,1.0833,1 cup
2705692,1.0833,1 cup
2705693,1.0833,1 cup
2705694,1.0833,1 cup
2705695,1.0833,1 cup
2705696,1.0833,1 cup
2705697,0.7917,1 cup
2705698,0.7083,1 cup
2705699,1.25,1 cup
2705700,1.2815,1 cubic inch
2705701,0.6042,1 cup
2705702,0.6042,1 cup
2705703,1.0,1 cup
2705704,0.4708,1 cup
2705705,0.5625,"1 cup, crumbled"
2705706,0.4708,"1 cup, NFS"
2705707,1.025,1 cup
2705708,0.6,"1 cup, NFS"
2705709,0.4708,"1 cup, NFS"
2705710,0.4708,"1 cup, NFS"
2705711,0.4708,"1 cup, NFS"
2705712,0.4708,"1 cup, NFS"
2705713,0.4708,"1 cup, NFS"
2705714,0.625,"1 cup, crumbled"
2705715,0.45,"1 cup, NFS"
2705716,0.5833,"1 cup, crumbled"
2705717,0.55,"1 cup, diced"
2705718,0.45,"1 cup, NFS"
2705719,0.5583,1 cup
2705720,0.4708,"1 cup, NFS"
2705721,0.4708,"1 cup, NFS"
2705722,0.4708,"1 cup, NFS"
2705723,0.4708,"1 cup, NFS"
2705724,0.4708,"1 cup, NFS"
2705725,0.4708,"1 cup, NFS"
2705726,0.55,"1 cup, diced"
2705727,0.4708,"1 cup, shredded"
2705728,0.4167,1 cup
2705729,0.4417,1 cup
2705730,0.6285,1 cubic inch
2705731,0.5,1 cup
2705732,0.4708,"1 cup, NFS"
2705733,0.55,"1 cup, diced"
2705734,0.55,"1 cup, diced"
2705735,0.45,"1 cup, NFS"
2705736,0.45,"1 cup, NFS"
2705737,0.45,"1 cup, NFS"
2705738,0.45,"1 cup, NFS"
2705739,0.4708,"1 cup, NFS"
2705740,1.025,1 cup
2705741,1.0167,"1 cup, melted"
2705742,0.4708,"1 cup, shredded"
2705743,0.55,"1 cup, crumbled"
2705744,0.4708,"1 cup, NFS"
2705745,0.5625,1 cup
2705746,0.4167,1 cup
2705747,0.875,1 cup
2705748,0.875,1 cup
2705749,0.875,1 cup
2705750,1.025,1 cup
2705751,0.9417,1 cup
2705752,0.9417,1 cup
2705753,0.875,"1 cup, NFS"
2705754,0.875,"1 cup, NFS"
2705755,0.5333,1 cup
2705756,0.9417,1 cup
2705757,0.9417,1 cup
2705758,0.9417,1 cup
2705759,0.9458,1 cup
2705760,1.0,1 cup
2705761,1.0,1 cup
2705762,1.0,1 cup
2705763,1.0679,1 cubic inch
2705764,0.4708,"1 cup, NFS"
2705765,0.4708,"1 cup, NFS"
2705766,0.4708,"1 cup, NFS"
2705767,0.4708,"1 cup, NFS"
2705768,0.4708,"1 cup, NFS"
2705769,1.0,1 cup
2705771,0.4708,"1 cup, NFS"
2705772,0.4708,"1 cup, NFS"
2705773,1.0167,1 cup
2705774,1.0167,1 cup
2705775,1.0,1 cup
2705776,0.9375,1 cup
2705777,0.4708,"1 cup, NFS"
2705778,1.0,1 cup
2705779,1.0,1 cup
2705780,1.0,1 cup
2705781,1.0,1 tablespoon
2705782,1.0,1 tablespoon
2705783,1.0,1 tablespoon
2705784,1.0,1 tablespoon
2705785,1.0,1 tablespoon
2705786,1.0,1 tablespoon
2705787,0.8958,1 cup
2705788,0.7,1 cup
2705789,0.7,1 cup
2705790,0.7,1 cup
2705791,0.8667,1 tablespoon
2705792,0.3958,1 cup
2705793,1.0,1 tablespoon
2705808,1.0667,1 tablespoon
2705809,1.0833,1 cup
2705810,1.0833,1 cup
2705811,1.0833,1 cup
2705812,1.0833,1 cup
2705813,1.0833,1 cup
2705814,1.0833,1 cup
2705815,1.0833,1 cup
2705816,1.0833,1 cup
2705817,0.4792,1 cup
2705818,0.6667,1 cup
2705819,0.5625,1 cup
2705820,0.5208,1 cup
2705821,1.0,1 tablespoon
2705822,0.5625,1 cup
2705823,0.5625,1 cup
2705824,0.5625,1 cup
2705825,0.5625,1 cup
2705826,0.5625,1 cup
2705827,0.5625,1 cup
2705828,0.5625,1 cup
2705829,0.5625,1 cup
2705830,0.5625,1 cup
2705831,0.5625,1 cup
2705832,0.5625,1 cup
2705833,0.5625,1 cup
2705834,0.5625,1 cup
2705835,0.5625,1 cup
2705836,0.5625,1 cup
2705837,0.5625,1 cup
2705838,0.5625,1 cup
2705839,0.5625,1 cup
2705840,0.5625,1 cup
2705841,0.5625,1 cup
2705842,0.5625,1 cup
2705843,0.5625,1 cup
2705844,0.2292,1 cup
2705845,0.5625,1 cup
2705846,0.5625,1 cup
2705847,0.5625,1 cup
2705848,0.5625,1 cup
2705849,0.5625,1 cup
2705850,0.5625,1 cup
2705851,0.5625,1 cup
2705852,0.4583,1 cup
2705853,0.9375,1 cup
2705854,0.5208,1 cup
2705855,0.5208,1 cup
2705856,0.35,"1 cup, pieces"
2705857,0.35,"1 cup, pieces"
2705858,0.5042,1 cup
2705859,0.5333,"1 cup, diced"
2705860,0.375,"1 cup, pieces"
2705861,1.0,1 tablespoon
2705862,0.5625,1 cup
2705863,0.5208,1 cup
2705864,0.5625,1 cup
2705865,0.525,"1 cup, pieces"
2705866,0.5625,1 cup
2705867,0.5625,1 cup
2705868,0.5625,1 cup
2705869,0.5625,1 cup
2705870,0.5625,1 cup
2705871,0.5625,1 cup
2705872,0.5625,1 cup
2705873,0.5625,1 cup
2705874,0.5625,1 cup
2705875,0.5625,1 cup
2705876,0.5625,1 cup
2705877,0.5625,1 cup
2705878,0.5625,1 cup
2705879,0.2333,1 cup
2705880,0.5625,1 cup
2705881,0.5208,1 cup
2705882,0.5625,1 cup
2705884,1.0984,"1 cubic inch, cooked"
2705885,0.3333,"1 cup, pieces"
2705886,0.3333,"1 cup, pieces"
2705887,0.3333,"1 cup, pieces"
2705888,0.3333,"1 cup, pieces"
2705889,0.3333,"1 cup, pieces"
2705891,0.3333,"1 cup, pieces"
2705892,0.5333,"1 cup, cooked"
2705893,0.5625,1 cup
2705894,0.5625,1 cup
2705895,0.375,1 cup
2705897,0.2292,1 cup
2705898,0.3333,1 cup
2705900,0.5833,1 cup
2705901,0.5625,1 cup
2705902,0.125,1 cup
2705903,1.0,1 tablespoon
2705905,0.5625,1 cup
2705906,0.5625,1 cup
2705907,0.5208,1 cup
2705908,0.5625,1 cup
2705909,0.5625,1 cup
2705910,0.5208,1 cup
2705912,0.5625,1 cup
2705913,0.5625,1 cup
2705914,0.5625,1 cup
2705915,0.5833,1 cup
2705916,0.5625,1 cup
2705917,0.5625,1 cup
2705918,0.5625,1 cup
2705919,0.5625,1 cup
2705920,0.5625,1 cup
2705921,0.5625,1 cup
2705922,0.5625,1 cup
2705923,0.5625,1 cup
2705924,0.5625,1 cup
2705925,0.5625,1 cup
2705926,0.5625,1 cup
2705927,0.5625,1 cup
2705928,0.5625,1 cup
2705929,0.5625,"1 cup, cooked, diced"
2705930,0.5625,"1 cup, cooked, diced"
2705931,0.5625,"1 cup, cooked, diced"
2705932,0.5625,"1 cup, cooked, diced"
2705933,0.5625,"1 cup, cooked, diced"
2705934,0.5625,"1 cup, cooked, diced"
2705935,0.5625,"1 cup, cooked, diced"
2705936,0.5625,"1 cup, cooked, diced"
2705937,0.5625,"1 cup, cooked, diced"
2705938,0.5625,"1 cup, cooked, diced"
2705939,0.5625,"1 cup, cooked, diced"
2705940,0.5625,"1 cup, cooked, diced"
2705941,0.5625,"1 cup, cooked, diced"
2705942,0.5625,"1 cup, cooked, diced"
2705943,0.5625,"1 cup, cooked, diced"
2705944,0.6875,"1 cup, cooked, diced"
2705945,0.6875,"1 cup, cooked, diced"
2705946,0.6875,"1 cup, cooked, diced"
2705947,0.5625,"1 cup, cooked, diced"
2705948,0.5625,"1 cup, cooked, diced"
2705949,0.5625,"1 cup, cooked, diced"
2705950,0.5625,"1 cup, cooked, diced"
2705951,0.5625,"1 cup, cooked, diced"
2705952,0.5625,"1 cup, cooked, diced"
2705953,0.5625,"1 cup, cooked, diced"
2705954,0.5625,"1 cup, cooked, diced"
2705955,0.5625,"1 cup, cooked, diced"
2705956,0.5625,"1 cup, cooked, diced"
2705957,0.5625,"1 cup, cooked, diced"
2705958,0.5625,"1 cup, cooked, diced"
2705959,0.5625,"1 cup, cooked, diced"
2705960,0.5625,"1 cup, cooked, diced"
2705961,0.5625,"1 cup, cooked, diced"
2705962,0.5625,"1 cup, cooked, diced"
2705963,0.5625,"1 cup, cooked, diced"
2705964,0.5625,"1 cup, cooked, diced"
2705965,0.5625,"1 cup, cooked, diced"
2705966,0.5625,"1 cup, cooked, diced"
2705967,0.5625,"1 cup, cooked, diced"
2705968,0.5625,"1 cup, cooked, diced"
2705969,0.6875,"1 cup, cooked, diced"
2705970,0.6875,"1 cup, cooked, diced"
2705971,0.5625,"1 cup, cooked, diced"
2705972,0.5625,"1 cup, cooked, diced"
2705973,0.5625,"1 cup, cooked, diced"
2705974,0.5625,"1 cup, cooked, diced"
2705975,0.5625,"1 cup, cooked, diced"
2705976,0.5625,"1 cup, cooked, diced"
2705977,0.5625,"1 cup, cooked, diced"
2705978,0.5625,"1 cup, cooked, diced"
2705979,0.5625,"1 cup, cooked, diced"
2705980,0.5625,"1 cup, cooked, diced"
2705981,0.5625,"1 cup, cooked, diced"
2705982,0.5625,"1 cup, cooked, diced"
2705983,0.5625,"1 cup, cooked, diced"
2705984,0.5625,"1 cup, cooked, diced"
2705985,0.5625,"1 cup, cooked, diced"
2705986,0.5625,"1 cup, cooked, diced"
2705987,0.5625,"1 cup, cooked, diced"
2705988,0.5625,"1 cup, cooked, diced"
2705989,0.5625,"1 cup, cooked, diced"
2705990,0.5625,"1 cup, cooked, diced"
2705991,0.5625,"1 cup, cooked, diced"
2705992,0.6875,"1 cup, cooked, diced"
2705993,0.6875,"1 cup, cooked, diced"
2705994,0.5625,"1 cup, cooked, diced"
2705995,0.5625,"1 cup, cooked, diced"
2705996,0.5625,"1 cup, cooked, diced"
2705997,0.5625,"1 cup, cooked, diced"
2705998,0.5625,"1 cup, cooked, diced"
2705999,0.5625,"1 cup, cooked, diced"
2706000,0.5625,"1 cup, cooked, diced"
2706001,0.5625,"1 cup, cooked, diced"
2706002,0.5625,"1 cup, cooked, diced"
2706003,0.5625,"1 cup, cooked, diced"
2706004,0.5625,"1 cup, cooked, diced"
2706005,0.5625,"1 cup, cooked, diced"
2706006,0.5625,"1 cup, cooked, diced"
2706007,0.5625,"1 cup, cooked, diced"
2706008,0.5625,"1 cup, cooked, diced"
2706009,0.5625,"1 cup, cooked, diced"
2706010,0.5625,"1 cup, cooked, diced"
2706011,0.5625,"1 cup, cooked, diced"
2706012,0.6875,"1 cup, cooked, diced"
2706013,0.6875,"1 cup, cooked, diced"
2706014,0.5625,"1 cup, cooked, diced"
2706015,0.5625,"1 cup, cooked, diced"
2706016,0.5625,"1 cup, cooked, diced"
2706017,0.5625,"1 cup, cooked, diced"
2706018,0.5625,"1 cup, cooked, diced"
2706019,0.5625,"1 cup, cooked, diced"
2706020,0.5625,"1 cup, cooked, diced"
2706021,0.5625,"1 cup, cooked, diced"
2706022,0.5625,"1 cup, cooked, diced"
2706023,0.5625,"1 cup, cooked, diced"
2706024,0.5625,"1 cup, cooked, diced"
2706025,0.5625,"1 cup, cooked, diced"
2706026,0.5625,"1 cup, cooked, diced"
2706027,0.5625,"1 cup, cooked, diced"
2706028,0.5625,"1 cup, cooked, diced"
2706029,0.5625,"1 cup, cooked, diced"
2706030,0.5625,"1 cup, cooked, diced"
2706031,0.5625,"1 cup, cooked, diced"
2706032,0.5625,"1 cup, cooked, diced"
2706033,0.5625,"1 cup, cooked, diced"
2706034,0.5625,"1 cup, cooked, diced"
2706035,0.5625,"1 cup, cooked, diced"
2706036,0.5625,"1 cup, cooked, diced"
2706037,0.5625,"1 cup, cooked, diced"
2706038,0.5625,"1 cup, cooked, diced"
2706039,0.5625,"1 cup, cooked, diced"
2706040,0.5625,"1 cup, cooked, diced"
2706041,0.6875,"1 cup, cooked, diced"
2706042,0.6875,"1 cup, cooked, diced"
2706043,0.5625,"1 cup, cooked, diced"
2706044,0.5625,"1 cup, cooked, diced"
2706045,0.5625,"1 cup, cooked, diced"
2706046,0.5625,"1 cup, cooked, diced"
2706047,0.5625,"1 cup, cooked, diced"
2706048,0.5625,"1 cup, cooked, diced"
2706049,0.5625,"1 cup, cooked, diced"
2706050,0.5625,"1 cup, cooked, diced"
2706051,0.5625,"1 cup, cooked, diced"
2706052,0.5625,"1 cup, cooked, diced"
2706053,0.5625,"1 cup, cooked, diced"
2706054,0.5625,"1 cup, cooked, diced"
2706055,0.5625,"1 cup, cooked, diced"
2706086,0.8542,1 cup
2706087,0.5625,"1 cup, diced"
2706088,1.0374,1 cubic inch
2706089,1.0374,1 cubic inch
2706090,1.0374,1 cubic inch
2706091,0.5417,"1 cup, cooked"
2706092,0.5833,1 cup
2706093,0.5833,1 cup
2706094,0.5833,1 cup
2706095,0.5833,1 cup
2706096,0.5833,1 cup
2706097,0.5833,1 cup
2706098,0.5833,1 cup
2706099,0.5833,1 cup
2706100,0.5833,1 cup
2706101,0.5833,1 cup
2706102,0.5833,1 cup
2706103,0.5833,1 cup
2706104,0.5625,"1 cup, diced, cooked"
2706105,0.5625,"1 cup, cooked, diced"
2706106,0.5625,"1 cup, diced, cooked"
2706107,0.5625,"1 cup, cooked, diced"
2706108,0.5625,"1 cup, diced, cooked"
2706109,0.5625,"1 cup, cooked, diced"
2706110,0.5625,"1 cup, diced, cooked"
2706111,0.5625,"1 cup, cooked, diced"
2706112,0.5625,"1 cup, diced, cooked"
2706113,0.5625,"1 cup, cooked, diced"
2706114,0.5625,"1 cup, diced, cooked"
2706115,0.5625,"1 cup, cooked, diced"
2706116,0.5625,"1 cup, diced, cooked"
2706117,0.5625,"1 cup, cooked, diced"
2706118,0.5625,"1 cup, diced, cooked"
2706119,0.5625,"1 cup, cooked, diced"
2706120,0.5625,"1 cup, cooked, diced"
2706121,0.5625,"1 cup, cooked, diced"
2706122,0.5625,"1 cup, diced, cooked"
2706123,0.5625,"1 cup, cooked, diced"
2706124,0.5625,"1 cup, diced, cooked"
2706125,0.5625,"1 cup, diced, cooked"
2706126,0.5625,"1 cup, cooked, diced"
2706127,0.5625,"1 cup, diced, cooked"
2706128,0.5625,"1 cup, cooked, diced"
2706129,0.5625,"1 cup, diced, cooked"
2706132,0.5625,"1 cup, drained"
2706133,0.5417,"1 cup, cooked"
2706134,0.5833,1 cup
2706135,0.3417,"1 cup, pieces"
2706136,0.3417,"1 cup, pieces"
2706137,0.5833,"1 cup, cooked, diced"
2706138,0.5833,"1 cup, cooked, diced"
2706139,0.5833,"1 cup, cooked, diced"
2706140,0.5833,"1 cup, cooked, diced"
2706141,0.5833,"1 cup, diced, cooked"
2706142,0.5833,"1 cup, cooked, diced"
2706143,0.5833,"1 cup, diced, cooked"
2706144,0.5833,"1 cup, cooked, diced"
2706145,0.5833,"1 cup, diced, cooked"
2706146,0.5833,"1 cup, cooked, diced"
2706147,0.5833,"1 cup, diced, cooked"
2706148,0.5833,"1 cup, diced, cooked"
2706149,0.5625,"1 cup, diced, cooked"
2706150,0.5625,"1 cup, diced, cooked"
2706151,1.0,1 tablespoon
2706152,1.0,1 tablespoon
2706153,0.5208,1 cup
2706154,0.5833,1 cup
2706155,0.875,1 cup
2706156,0.6042,1 cup
2706157,0.5833,1 cup
2706159,0.5833,1 cup
2706162,0.5833,1 cup
2706163,0.5208,1 cup
2706164,0.5833,1 cup
2706165,0.6042,1 cup
2706166,0.625,"1 cup, sliced"
2706167,0.625,"1 cup, sliced"
2706168,0.625,"1 cup, sliced"
2706169,0.625,"1 cup, sliced"
2706170,0.625,"1 cup, sliced"
2706171,0.575,"1 cup, NFS"
2706172,0.575,"1 cup, NFS"
2706173,0.575,"1 cup, NFS"
2706174,0.9154,1 cubic inch
2706175,0.5833,"1 cup, NFS"
2706176,0.5833,"1 cup, pieces"
2706177,0.5833,"1 cup, pieces"
2706178,0.5833,"1 cup, pieces"
2706179,0.5833,"1 cup, NFS"
2706180,0.5833,"1 cup, diced"
2706181,1.0374,1 cubic inch
2706183,0.5833,"1 cup, pieces"
2706184,0.5833,"1 cup, pieces"
2706185,0.5833,"1 cup, NFS"
2706186,0.5833,"1 cup, NFS"
2706187,0.5833,"1 cup, NFS"
2706188,0.575,"1 cup, NFS"
2706189,0.575,"1 cup, NFS"
2706190,0.575,"1 cup, NFS"
2706191,0.575,"1 cup, NFS"
2706192,0.575,"1 cup, NFS"
2706193,0.575,"1 cup, NFS"
2706194,0.575,"1 cup, NFS"
2706195,0.5833,1 cup
2706196,0.5833,1 cup
2706197,0.5833,1 cup
2706198,1.0496,1 cubic inch
2706199,0.5833,1 cup
2706200,0.575,"1 cup, NFS"
2706201,0.575,"1 cup, NFS"
2706202,0.575,"1 cup, NFS"
2706203,0.6292,1 cup
2706205,0.5833,"1 cup, pieces"
2706206,0.5833,"1 cup, pieces"
2706207,0.5833,"1 cup, pieces"
2706208,0.5833,"1 cup, pieces"
2706209,0.5833,"1 cup, pieces"
2706210,0.5833,"1 cup, pieces"
2706211,0.5833,"1 cup, pieces"
2706212,0.5833,"1 cup, pieces"
2706213,0.8875,"1 cup, solid pack"
2706214,0.5833,"1 cup, pieces"
2706215,0.5833,"1 cup, pieces"
2706216,0.5833,"1 cup, pieces"
2706217,0.5833,1 cup
2706218,0.5833,"1 cup, pieces"
2706219,0.5833,"1 cup, pieces"
2706220,0.9375,1 cup
2706221,0.8667,1 cup
2706222,1.0542,1 cup
2706223,0.5625,1 cup
2706224,0.5625,1 cup
2706225,0.5625,1 cup
2706226,0.5625,1 cup
2706227,0.5625,1 cup
2706228,0.5625,1 cup
2706229,0.5625,1 cup
2706230,0.5625,1 cup
2706233,0.5625,1 cup
2706234,0.5625,1 cup
2706235,0.5625,1 cup
2706236,0.5625,1 cup
2706237,0.5625,1 cup
2706238,0.5625,1 cup
2706239,0.5625,1 cup
2706240,0.5625,1 cup
2706241,0.5625,1 cup
2706242,0.5625,1 cup
2706243,0.5625,1 cup
2706244,0.5625,1 cup
2706245,0.5625,1 cup
2706246,0.5625,1 cup
2706247,0.5625,1 cup
2706248,0.5625,1 cup
2706249,0.5625,1 cup
2706250,0.5625,1 cup
2706251,0.5625,1 cup
2706252,0.5625,1 cup
2706253,0.5625,1 cup
2706254,0.5625,1 cup
2706255,0.5625,1 cup
2706256,0.5625,1 cup
2706257,0.5625,1 cup
2706258,0.5625,1 cup
2706259,0.5625,1 cup
2706260,0.5625,1 cup
2706261,0.5625,1 cup
2706262,0.5625,1 cup
2706263,0.5625,1 cup
2706264,0.5625,1 cup
2706265,0.5625,1 cup
2706266,0.5625,1 cup
2706267,0.5625,1 cup
2706268,0.5625,1 cup
2706269,0.5625,1 cup
2706270,0.5625,1 cup
2706271,0.5625,1 cup
2706272,0.5625,1 cup
2706273,0.5625,1 cup
2706274,0.5625,1 cup
2706275,0.5625,1 cup
2706276,0.5625,1 cup
2706277,0.5625,1 cup
2706278,0.5625,1 cup
2706279,0.5625,1 cup
2706280,0.5625,1 cup
2706281,0.5625,1 cup
2706282,0.5625,1 cup
2706283,0.5625,1 cup
2706284,0.5625,1 cup
2706285,0.5625,1 cup
2706286,0.5625,1 cup
2706287,0.5625,1 cup
2706288,0.5625,1 cup
2706289,0.5625,1 cup
2706290,0.5625,1 cup
2706291,0.5625,1 cup
2706292,0.5625,1 cup
2706293,1.0374,1 cubic inch
2706294,0.5625,1 cup
2706295,0.5625,1 cup
2706296,0.5625,1 cup
2706297,0.5625,1 cup
2706298,0.5625,1 cup
2706299,0.5625,1 cup
2706300,0.5625,1 cup
2706301,0.5625,1 cup
2706302,0.5625,1 cup
2706303,0.5625,1 cup
2706304,0.5625,1 cup
2706305,0.5625,1 cup
2706306,0.5625,1 cup
2706307,0.5625,1 cup
2706308,0.5625,1 cup
2706309,0.5625,1 cup
2706310,0.5625,1 cup
2706311,0.5625,1 cup
2706312,0.5625,1 cup
2706313,0.5625,1 cup
2706314,0.5625,1 cup
2706315,0.5625,1 cup
2706316,0.5625,1 cup
2706317,0.5625,1 cup
2706318,0.5625,1 cup
2706319,0.5625,1 cup
2706320,0.5625,1 cup
2706321,0.5625,1 cup
2706322,0.5625,1 cup
2706323,0.5625,1 cup
2706324,0.5625,1 cup
2706325,0.5625,1 cup
2706326,0.5625,1 cup
2706327,0.5625,1 cup
2706328,0.5625,1 cup
2706329,0.5625,1 cup
2706331,0.5625,1 cup
2706332,1.0667,1 tablespoon
2706333,0.5625,1 cup
2706334,0.5625,1 cup
2706335,0.5625,1 cup
2706336,0.5625,1 cup
2706337,0.5625,1 cup
2706338,0.9375,1 cup
2706339,0.5625,1 cup
2706340,0.5625,1 cup
2706341,0.5625,1 cup
2706342,0.5625,1 cup
2706343,0.9375,1 cup
2706344,0.5625,1 cup
2706345,0.5625,1 cup
2706347,0.5625,1 cup
2706348,0.5625,1 cup
2706349,0.5625,1 cup
2706350,0.5625,1 cup
2706351,0.9375,1 cup
2706352,0.5625,1 cup
2706353,0.5625,1 cup
2706354,0.5625,1 cup
2706355,0.9375,1 cup
2706356,0.5625,1 cup
2706357,0.5625,1 cup
2706358,0.5625,1 cup
2706359,0.5625,1 cup
2706360,0.5625,1 cup
2706361,0.5625,1 cup
2706362,0.5625,1 cup
2706363,0.5625,1 cup
2706364,0.5625,1 cup
2706365,0.5625,1 cup
2706366,0.5625,1 cup
2706367,0.5625,1 cup
2706369,1.0,1 cup
2706370,1.0375,1 cup
2706371,1.0167,1 cup
2706372,1.0625,1 cup
2706373,1.0625,1 cup
2706374,1.0625,1 cup
2706375,1.0625,1 cup
2706376,1.0625,1 cup
2706377,1.0625,1 cup
2706378,1.0417,1 cup
2706379,1.0167,1 cup
2706380,1.0167,1 cup
2706381,1.0667,1 cup
2706382,1.0667,1 cup
2706383,1.025,1 cup
2706384,1.025,1 cup
2706385,1.0667,1 cup
2706386,1.0167,1 cup
2706387,1.0167,1 cup
2706388,1.0,1 cup
2706389,0.8333,1 cup
2706390,1.0,1 cup
2706391,0.5625,1 cup
2706392,1.05,1 cup
2706393,0.925,1 cup
2706394,0.9375,1 cup
2706396,0.8333,1 cup
2706397,0.8333,1 cup
2706398,1.0167,1 cup
2706399,1.0,1 cup
2706400,0.5625,1 cup
2706401,0.9417,1 cup
2706402,1.0167,1 cup
2706403,1.0167,1 cup
2706404,1.0375,1 cup
2706405,1.0333,1 cup
2706406,1.0,1 cup
2706407,1.0625,1 cup
2706408,1.0167,1 cup
2706410,1.0167,1 cup
2706411,0.9833,1 cup
2706412,0.8333,1 cup
2706413,1.0167,1 cup
2706414,0.7375,1 cup
2706415,0.5833,1 cup
2706417,0.8708,1 cup
2706419,1.0375,1 cup
2706420,1.0167,1 cup
2706421,1.0167,1 cup
2706422,1.0833,1 cup
2706423,1.0833,1 cup
2706424,1.0167,1 cup
2706425,1.0625,1 cup
2706426,1.0625,1 cup
2706427,1.0625,1 cup
2706428,1.0167,1 cup
2706429,1.0167,1 cup
2706430,1.0167,1 cup
2706431,1.0042,1 cup
2706432,1.0667,1 cup
2706433,1.0167,1 cup
2706434,1.0,1 cup
2706435,1.05,1 cup
2706436,1.05,1 cup
2706437,1.0,1 cup
2706438,0.8333,1 cup
2706439,1.0167,1 cup
2706440,1.0042,1 cup
2706441,0.5833,1 cup
2706442,0.8708,1 cup
2706443,1.05,1 cup
2706444,1.05,1 cup
2706447,1.0375,1 cup
2706448,0.7292,1 cup
2706449,1.0417,1 cup
2706450,0.9875,1 cup
2706451,1.0417,1 cup
2706452,1.0667,1 tablespoon
2706453,1.0833,1 cup
2706454,1.0833,1 cup
2706455,0.7708,1 cup
2706456,0.7333,1 cup
2706457,1.0667,1 tablespoon
2706458,1.0417,1 cup
2706459,0.925,1 cup
2706460,1.0,1 cup
2706461,0.8333,1 cup
2706462,0.8375,1 cup
2706463,1.0417,1 cup
2706464,0.7083,1 cup
2706465,0.8833,1 cup
2706466,1.0625,1 cup
2706467,0.9792,1 cup
2706469,1.0375,1 cup
2706470,1.0833,1 cup
2706471,1.0833,1 cup
2706472,0.925,1 cup
2706473,1.0167,1 cup
2706474,0.7917,1 cup
2706475,1.05,1 cup
2706476,0.7917,1 cup
2706477,0.9167,"1 cup, NFS"
2706478,1.0375,1 cup
2706479,0.925,1 cup
2706480,0.65,1 cup
2706481,1.025,1 cup
2706482,1.0375,1 cup
2706483,1.0625,1 cup
2706484,1.0375,1 cup
2706485,1.0375,1 cup
2706486,1.0667,1 cup
2706487,1.0375,1 cup
2706488,1.0375,1 cup
2706489,0.8167,1 cup
2706490,0.8167,1 cup
2706491,1.0167,1 cup
2706492,0.7333,1 cup
2706493,0.925,1 cup
2706494,1.0333,1 cup
2706495,1.0333,1 cup
2706496,0.7333,1 cup
2706497,1.0167,1 cup
2706498,1.0333,1 cup
2706499,0.5833,1 cup
2706500,0.7417,1 cup
2706503,0.8833,1 cup
2706504,0.5833,1 cup
2706505,1.0167,1 cup
2706506,1.0333,1 cup
2706507,0.8333,1 cup
2706508,0.5833,1 cup
2706509,1.0167,1 cup
2706510,1.0167,1 cup
2706511,1.0167,1 cup
2706512,1.0167,1 cup
2706513,1.0167,1 cup
2706514,0.6542,1 cup
2706515,0.8167,1 cup
2706516,1.05,1 cup
2706517,1.0375,1 cup
2706518,0.8583,"1 serving (2 pig's feet, 3"" x 2"", two slices Spanish sausage, 1"" x 1/4"", 1/2 cup sauce) (yield after bone removed)"
2706519,1.0625,1 cup
2706520,1.0625,1 cup
2706521,0.5833,1 cup
2706522,1.05,1 cup
2706523,1.05,1 cup
2706524,1.0375,1 cup
2706525,0.5833,1 cup
2706526,1.0375,1 cup
2706527,0.7917,1 cup
2706528,1.0083,1 cup
2706529,0.6542,1 cup
2706530,0.9333,1 cup
2706531,0.9333,1 cup
2706532,0.9333,1 cup
2706533,0.9333,1 cup
2706534,1.025,1 cup
2706535,0.9333,1 cup
2706536,0.9333,1 cup
2706537,0.8167,1 cup
2706538,0.8167,1 cup
2706539,1.0333,1 cup
2706540,1.0333,1 cup
2706541,1.0167,1 cup
2706542,1.0167,1 cup
2706543,1.0167,1 cup
2706544,0.8333,1 cup
2706545,0.5833,1 cup
2706546,0.6625,1 cup
2706547,0.5833,1 cup
2706548,0.7417,1 cup
2706550,0.8543,1 cubic inch
2706551,1.0417,1 cup
2706552,1.0374,1 cubic inch
2706553,0.6542,1 cup
2706554,0.9333,1 cup
2706555,0.9333,1 cup
2706556,0.9333,1 cup
2706557,0.9333,1 cup
2706558,0.9333,1 cup
2706559,0.9333,1 cup
2706566,0.5833,1 cup
2706567,0.7323,1 cubic inch
2706568,0.5625,1 cup
2706569,0.6625,1 cup
2706570,0.9333,1 cup
2706571,0.9333,1 cup
2706572,1.0333,1 cup
2706573,1.0333,1 cup
2706574,1.0333,1 cup
2706575,1.0333,1 cup
2706576,0.9333,1 cup
2706577,0.9333,1 cup
2706578,0.8833,1 cup
2706579,0.5833,1 cup
2706580,0.9792,1 cup
2706581,0.5833,1 cup
2706582,0.5833,1 cup
2706583,0.7417,1 cup
2706584,0.7917,1 cup
2706585,0.7292,1 cup
2706586,0.925,1 cup
2706587,0.675,1 cup
2706588,0.675,1 cup
2706589,0.675,1 cup
2706590,0.675,1 cup
2706591,1.0625,1 cup
2706592,1.0625,1 cup
2706593,1.0625,1 cup
2706594,0.8333,1 cup
2706595,1.05,1 cup
2706596,1.05,1 cup
2706597,1.05,1 cup
2706598,1.05,1 cup
2706599,1.05,1 cup
2706600,1.05,1 cup
2706601,1.05,1 cup
2706602,1.05,1 cup
2706603,1.05,1 cup
2706604,1.05,1 cup
2706605,0.675,1 cup
2706606,0.675,1 cup
2706607,0.9167,1 cup
2706608,0.9042,1 cup
2706609,0.9042,1 cup
2706610,1.0375,1 cup
2706611,1.0375,1 cup
2706612,1.0375,1 cup
2706613,1.0375,1 cup
2706614,1.0375,1 cup
2706615,1.0375,1 cup
2706616,0.675,1 cup
2706617,0.675,1 cup
2706618,1.0375,1 cup
2706619,1.0375,1 cup
2706620,0.675,1 cup
2706621,0.675,1 cup
2706622,1.0375,1 cup
2706623,1.0375,1 cup
2706624,1.0375,1 cup
2706625,1.0375,1 cup
2706626,1.0375,1 cup
2706627,1.0375,1 cup
2706628,0.9042,1 cup
2706629,0.9042,1 cup
2706630,0.8333,1 cup
2706631,1.0375,1 cup
2706632,1.0375,1 cup
2706634,0.675,1 cup
2706635,0.675,1 cup
2706636,1.0042,1 cup
2706637,0.675,1 cup
2706638,1.0375,1 cup
2706639,1.0375,1 cup
2706640,1.0375,1 cup
2706641,1.05,1 cup
2706642,1.05,1 cup
2706643,1.05,1 cup
2706644,1.05,1 cup
2706645,1.05,1 cup
2706646,1.05,1 cup
2706647,0.675,1 cup
2706648,0.9167,1 cup
2706649,0.9042,1 cup
2706650,0.9042,1 cup
2706651,1.0375,1 cup
2706652,1.0375,1 cup
2706653,0.675,1 cup
2706654,0.675,1 cup
2706655,1.0167,1 cup
2706656,1.05,1 cup
2706657,1.05,1 cup
2706658,1.05,1 cup
2706659,0.675,1 cup
2706660,1.0625,1 cup
2706661,0.9125,"1 cup, NFS"
2706662,1.05,1 cup
2706663,1.05,1 cup
2706664,1.0375,1 cup
2706665,1.0375,1 cup
2706667,0.675,1 cup
2706668,0.675,1 cup
2706669,1.05,1 cup
2706670,1.05,1 cup
2706671,1.05,1 cup
2706672,1.05,1 cup
2706673,1.05,1 cup
2706674,1.05,1 cup
2706675,1.05,1 cup
2706676,1.05,1 cup
2706677,1.0625,1 cup
2706678,1.0625,1 cup
2706679,0.675,1 cup
2706680,0.675,1 cup
2706681,0.9333,1 cup
2706682,0.9333,1 cup
2706683,0.9333,1 cup
2706684,0.9333,1 cup
2706685,0.9333,1 cup
2706686,0.9333,1 cup
2706687,0.9167,1 cup
2706688,1.0167,1 cup
2706689,1.0167,1 cup
2706690,0.675,1 cup
2706691,0.675,1 cup
2706692,1.05,1 cup
2706693,1.05,1 cup
2706695,0.9042,1 cup
2706696,0.9042,1 cup
2706697,1.05,1 cup
2706698,1.05,1 cup
2706699,1.0375,1 cup
2706700,1.0375,1 cup
2706701,1.0375,1 cup
2706702,1.0375,1 cup
2706703,0.8333,1 cup
2706704,0.675,1 cup
2706705,0.675,1 cup
2706706,1.0167,1 cup
2706707,1.0167,1 cup
2706708,1.0375,1 cup
2706709,1.0375,1 cup
2706710,0.9292,"1 cup, NFS"
2706711,1.0,1 cup
2706712,0.9167,1 cup
2706713,1.0125,1 cup
2706714,0.9333,1 cup
2706715,1.0167,1 cup
2706716,1.0167,1 cup
2706717,1.0625,1 cup
2706718,0.9333,1 cup
2706719,0.7208,1 cup
2706720,0.7292,1 cup
2706721,1.0625,1 cup
2706722,0.9167,1 cup
2706723,1.0,1 cup
2706724,0.9167,1 cup
2706725,1.1667,1 cup
2706726,1.0167,1 cup
2706727,1.0167,1 cup
2706728,0.675,1 cup
2706729,0.675,1 cup
2706730,0.6417,1 cup
2706731,1.0375,1 cup
2706732,1.0375,1 cup
2706734,1.0375,1 cup
2706735,1.05,1 cup
2706736,1.05,1 cup
2706737,0.9042,1 cup
2706738,0.9042,1 cup
2706739,0.9042,1 cup
2706740,0.9042,1 cup
2706741,0.9042,1 cup
2706742,0.9167,1 cup
2706743,0.675,1 cup
2706744,0.9042,1 cup
2706745,0.9042,1 cup
2706746,1.05,1 cup
2706747,0.9042,1 cup
2706748,0.7917,1 cup
2706749,0.7583,1 cup
2706750,0.85,1 cup
2706751,0.675,1 cup
2706752,1.05,1 cup
2706753,1.05,1 cup
2706754,0.7458,1 cup
2706755,0.8333,1 cup
2706756,0.7583,1 cup
2706757,0.6125,1 cup
2706758,0.675,1 cup
2706759,0.6,1 cup
2706760,0.9042,1 cup
2706761,1.05,1 cup
2706762,0.675,1 cup
2706763,0.675,1 cup
2706764,0.6292,1 cup
2706765,1.0667,1 cup
2706766,0.7917,1 cup
2706767,0.675,1 cup
2706768,0.675,1 cup
2706769,0.675,1 cup
2706770,0.9042,1 cup
2706771,0.9167,1 cup
2706772,1.0375,1 cup
2706773,1.0375,1 cup
2706774,1.0375,1 cup
2706775,1.0375,1 cup
2706776,0.6417,1 cup
2706777,0.9042,1 cup
2706778,0.9042,1 cup
2706779,0.6417,1 cup
2706780,0.6417,1 cup
2706781,0.675,1 cup
2706782,0.675,1 cup
2706783,0.6417,1 cup
2706784,1.025,1 cup
2706785,1.05,1 cup
2706786,1.05,1 cup
2706787,1.0042,1 cup
2706788,1.0042,1 cup
2706789,0.9833,1 cup
2706790,0.9042,1 cup
2706791,0.9042,1 cup
2706792,1.0375,1 cup
2706793,1.0375,1 cup
2706794,0.6083,1 cup
2706795,0.9,1 cup
2706796,0.675,1 cup
2706797,1.0083,1 cup
2706798,0.9167,1 cup
2706799,0.9417,1 cup
2706800,0.9417,1 cup
2706801,0.9417,1 cup
2706802,0.9417,1 cup
2706803,0.9417,1 cup
2706804,0.9417,1 cup
2706805,0.9417,1 cup
2706806,0.9417,1 cup
2706807,0.9417,1 cup
2706808,0.9417,1 cup
2706809,0.9417,1 cup
2706810,0.375,1 cup
2706811,0.375,1 cup
2706812,0.375,1 cup
2706813,0.375,1 cup
2706814,0.375,1 cup
2706815,0.375,1 cup
2706816,0.375,1 cup
2706817,0.375,1 cup
2706818,0.375,1 cup
2706820,1.0375,1 cup
2706821,1.0375,1 cup
2706822,0.9292,1 cup
2706823,0.9292,1 cup
2706824,0.8667,1 cup
2706825,0.7583,1 cup
2706826,0.8667,1 cup
2706827,0.9167,1 cup
2706828,0.9917,1 cup
2706829,0.9917,1 cup
2706830,0.9917,1 cup
2706831,0.9917,1 cup
2706832,0.9917,1 cup
2706833,0.9917,1 cup
2706834,0.9917,1 cup
2706835,0.9917,1 cup
2706836,0.9917,1 cup
2706837,0.7583,1 cup
2706838,0.8667,1 cup
2706839,0.9917,1 cup
2706840,0.9917,1 cup
2706841,0.3958,1 cup
2706842,0.3958,1 cup
2706843,0.8667,1 cup
2706844,0.2625,1 cup
2706845,0.3958,1 cup
2706846,0.3958,1 cup
2706847,0.3958,1 cup
2706848,0.3958,1 cup
2706850,0.975,1 cup
2706851,0.675,1 cup
2706852,0.675,1 cup
2706853,0.9042,1 cup
2706854,0.9042,1 cup
2706855,0.6417,1 cup
2706856,1.025,1 cup
2706857,0.675,1 cup
2706858,0.9333,1 cup
2706859,0.9042,1 cup
2706860,0.9042,1 cup
2706861,0.9333,1 cup
2706862,0.9333,1 cup
2706863,0.9333,1 cup
2706864,0.9333,1 cup
2706865,0.9042,1 cup
2706866,0.9042,1 cup
2706867,0.6417,1 cup
2706869,1.0083,1 cup
2706870,0.75,1 cup
2706871,0.6042,1 cup
2706872,0.9167,1 cup
2706874,0.4792,1 cup
2706875,0.8667,1 cup
2706876,0.8417,1 cup
2706877,1.0,1 cup
2706878,1.0833,1 cup
2706879,1.0167,1 cup
2707123,1.0208,1 cup
2707124,1.0208,1 cup
2707125,1.0208,1 cup
2707126,1.0208,1 cup
2707127,1.0208,1 cup
2707128,1.0208,1 cup
2707129,1.0208,1 cup
2707130,1.0208,1 cup
2707131,1.0208,1 cup
2707132,1.0,1 cup
2707133,1.0208,1 cup
2707134,1.0208,1 cup
2707135,1.0208,1 cup
2707136,1.0208,1 cup
2707137,1.0625,1 cup
2707138,1.0208,1 cup
2707139,1.0625,1 cup
2707140,1.0625,1 cup
2707141,1.0167,1 cup
2707142,1.0167,1 cup
2707143,1.0208,1 cup
2707144,1.0,1 cup
2707145,1.0,1 cup
2707146,1.0,1 cup
2707147,1.0,1 cup
2707148,1.0,1 cup
2707149,1.0,1 cup
2707150,1.0667,1 tablespoon
2707151,1.0667,1 tablespoon
2707152,1.0208,1 cup
2707153,0.5625,1 cup
2707154,0.5625,1 cup
2707155,0.5625,1 cup
2707156,0.5625,1 cup
2707157,0.5625,1 cup
2707158,0.5625,1 cup
2707159,0.5625,1 cup
2707160,0.5625,1 cup
2707161,0.5625,1 cup
2707162,0.5625,1 cup
2707163,0.5625,1 cup
2707164,0.5625,1 cup
2707165,0.5625,1 cup
2707166,0.5625,1 cup
2707168,1.0208,1 cup
2707169,0.5625,1 cup
2707170,0.5625,1 cup
2707171,0.5625,1 cup
2707172,1.0208,1 cup
2707173,0.5625,1 cup
2707174,0.5625,1 cup
2707175,0.5625,1 cup
2707176,0.5625,1 cup
2707179,0.5625,1 cup
2707182,0.925,1 cup
2707183,0.925,1 cup
2707184,0.925,1 cup
2707185,0.925,1 cup
2707186,0.925,1 cup
2707187,0.925,1 cup
2707188,0.925,1 cup
2707189,0.925,1 cup
2707190,0.925,1 cup
2707191,0.5625,1 cup
2707192,0.6833,1 cup
2707193,0.7292,1 cup
2707194,0.7292,1 cup
2707195,0.7292,1 cup
2707196,0.7292,1 cup
2707197,0.7292,1 cup
2707198,0.5625,1 cup
2707199,0.5625,1 cup
2707200,0.5625,1 cup
2707201,0.5625,1 cup
2707202,0.5625,1 cup
2707203,0.5625,1 cup
2707204,0.5625,1 cup
2707205,0.5625,1 cup
2707206,0.5625,1 cup
2707207,0.5625,1 cup
2707208,0.5625,1 cup
2707209,0.5625,1 cup
2707210,0.5625,1 cup
2707211,0.5625,1 cup
2707212,0.5625,1 cup
2707213,0.5625,1 cup
2707214,0.5625,1 cup
2707215,0.5625,1 cup
2707216,0.5625,1 cup
2707217,0.5625,1 cup
2707218,0.5625,1 cup
2707219,0.5625,1 cup
2707220,0.5625,1 cup
2707221,0.5625,1 cup
2707222,0.5625,1 cup
2707223,0.5625,1 cup
2707224,0.5625,1 cup
2707225,0.5625,1 cup
2707226,0.5625,1 cup
2707227,0.5625,1 cup
2707228,0.5625,1 cup
2707229,0.5625,1 cup
2707230,0.5625,1 cup
2707231,0.5625,1 cup
2707232,0.5625,1 cup
2707233,0.5625,1 cup
2707234,0.5625,1 cup
2707235,0.5625,1 cup
2707236,0.5625,1 cup
2707237,0.5625,1 cup
2707238,0.5625,1 cup
2707239,0.5625,1 cup
2707240,0.5625,1 cup
2707241,0.5625,1 cup
2707242,0.5625,1 cup
2707243,0.5625,1 cup
2707244,0.5625,1 cup
2707245,0.5625,1 cup
2707246,0.5625,1 cup
2707247,0.5625,1 cup
2707248,0.5625,1 cup
2707249,0.5625,1 cup
2707250,0.5625,1 cup
2707251,0.5625,1 cup
2707252,0.5625,1 cup
2707253,0.5625,1 cup
2707254,0.5625,1 cup
2707255,0.5625,1 cup
2707256,0.5625,1 cup
2707257,0.5625,1 cup
2707258,0.5625,1 cup
2707259,0.5625,1 cup
2707260,0.5625,1 cup
2707261,0.5625,1 cup
2707262,0.5625,1 cup
2707263,0.5625,1 cup
2707264,0.5625,1 cup
2707265,0.5625,1 cup
2707266,0.5625,1 cup
2707267,0.5625,1 cup
2707268,0.5625,1 cup
2707269,0.5625,1 cup
2707270,0.5625,1 cup
2707271,0.5625,1 cup
2707272,0.5625,1 cup
2707273,0.5625,1 cup
2707274,0.5625,1 cup
2707275,0.5625,1 cup
2707276,0.5625,1 cup
2707277,0.5625,1 cup
2707278,0.5625,1 cup
2707279,0.5625,1 cup
2707282,1.0208,1 cup
2707283,0.5625,1 cup
2707284,0.5625,1 cup
2707285,0.5625,1 cup
2707286,0.5625,1 cup
2707287,0.5625,1 cup
2707288,0.5625,1 cup
2707289,0.5625,1 cup
2707290,0.5625,1 cup
2707291,0.5625,1 cup
2707292,0.5625,1 cup
2707293,0.5625,1 cup
2707294,0.5625,1 cup
2707295,0.5625,1 cup
2707296,0.5625,1 cup
2707298,0.5625,"1 cup, cooked"
2707299,0.5625,"1 cup, cooked"
2707300,0.9167,"1/4 cup, raw (equivalent to 1 large egg) yields"
2707301,0.9167,"1/4 cup, raw (equivalent to 1 large egg) yields"
2707302,0.9167,"1/4 cup, raw (equivalent to 1 large egg) yields"
2707303,0.9167,"1/4 cup, raw (equivalent to 1 large egg) yields"
2707304,0.9167,"1/4 cup, raw (equivalent to 1 large egg) yields"
2707305,0.9167,"1/4 cup, raw (equivalent to 1 large egg) yields"
2707306,0.9167,"1/4 cup, raw (equivalent to 1 large egg) yields"
2707347,0.7708,1 cup
2707348,0.7708,1 cup
2707349,0.75,1 cup
2707350,0.7708,1 cup
2707351,0.75,1 cup
2707352,1.0833,1 cup
2707353,0.7708,1 cup
2707354,0.7708,1 cup
2707355,0.75,1 cup
2707356,0.7708,1 cup
2707357,0.75,1 cup
2707358,0.7708,1 cup
2707359,0.7708,1 cup
2707360,0.7708,1 cup
2707361,0.75,1 cup
2707362,0.7708,1 cup
2707363,0.75,1 cup
2707364,0.7708,1 cup
2707365,1.0833,1 cup
2707366,1.0833,1 cup
2707367,0.7708,1 cup
2707368,0.7708,1 cup
2707369,0.7708,1 cup
2707370,0.7708,1 cup
2707371,0.7708,1 cup
2707372,0.7708,1 cup
2707373,0.75,1 cup
2707374,0.7708,1 cup
2707375,0.75,1 cup
2707376,0.7708,1 cup
2707377,1.0833,1 cup
2707378,1.0833,1 cup
2707379,0.7708,1 cup
2707380,0.7708,1 cup
2707381,0.75,1 cup
2707382,0.7708,1 cup
2707383,0.75,1 cup
2707384,0.7708,1 cup
2707385,1.0833,1 cup
2707386,1.0833,1 cup
2707387,0.7708,1 cup
2707388,0.7708,1 cup
2707389,0.7708,1 cup
2707390,1.0833,1 cup
2707391,1.0833,1 cup
2707392,1.0833,1 cup
2707393,1.0625,1 cup
2707394,1.0833,1 cup
2707395,0.9625,1 cup
2707396,1.0833,1 cup
2707397,1.0833,1 cup
2707398,1.0833,1 cup
2707399,1.0833,1 cup
2707400,1.0,1 tablespoon
2707401,1.0,1 tablespoon
2707402,1.0,1 tablespoon
2707403,1.0,1 tablespoon
2707404,1.0667,1 tablespoon
2707405,1.0833,1 cup
2707406,1.0833,1 cup
2707407,1.0833,1 cup
2707410,1.0833,1 cup
2707411,1.0625,1 cup
2707412,0.7708,1 cup
2707413,0.7708,1 cup
2707414,0.7708,1 cup
2707415,0.7708,1 cup
2707416,0.75,1 cup
2707417,0.7708,1 cup
2707418,0.75,1 cup
2707419,0.7708,1 cup
2707420,0.75,1 cup
2707421,0.7708,1 cup
2707422,0.5,1 cup
2707423,0.7708,1 cup
2707424,0.7708,1 cup
2707425,0.75,1 cup
2707426,0.7708,1 cup
2707427,1.0,1 cup
2707428,0.125,1 cup
2707430,1.0333,1 cup
2707431,1.0,1 cup
2707432,0.8333,1 cup
2707433,0.3958,1 cup
2707434,0.125,1 cup
2707435,1.0333,"1 cup (1/2"" cubes)"
2707436,0.6667,1 cup
2707437,0.9375,1 cup
2707438,1.0667,1 tablespoon
2707439,1.1458,1 cup
2707440,0.7333,1 cup
2707441,1.0667,1 tablespoon
2707442,1.0667,1 tablespoon
2707443,1.0667,1 tablespoon
2707444,1.0208,1 cup
2707445,1.0667,1 tablespoon
2707446,1.0667,1 tablespoon
2707447,1.0667,1 tablespoon
2707449,1.0374,1 cubic inch
2707450,0.5833,1 cup
2707451,0.2833,"1 cup, NFS"
2707452,0.6875,1 cup
2707453,1.0625,1 cup
2707454,1.0625,1 cup
2707455,1.0208,1 cup
2707456,1.0625,1 cup
2707457,1.0625,1 cup
2707458,1.0625,1 cup
2707459,1.0625,1 cup
2707460,1.0625,1 cup
2707461,1.0625,1 cup
2707462,1.0625,1 cup
2707463,1.0625,1 cup
2707464,1.0208,1 cup
2707466,0.4667,1 tablespoon
2707468,0.7,1 cup
2707469,0.5417,"1 cup, NFS"
2707470,0.5833,"1 cup, sliced"
2707472,0.6,1 cup
2707473,0.5208,1 cup
2707474,0.9,"1 cup, with gravy"
2707475,0.8333,1 cup
2707476,0.9042,1 cup
2707477,0.9042,1 cup
2707479,1.0292,1 cup
2707480,0.5208,"1 cup, cooked"
2707484,0.5917,1 cup
2707485,0.5875,1 cup
2707486,0.5875,1 cup
2707487,0.5875,1 cup
2707488,0.5875,1 cup
2707489,0.5875,1 cup
2707490,0.5875,1 cup
2707491,0.5875,1 cup
2707492,0.5542,1 cup
2707493,0.5417,1 cup
2707494,0.5417,1 cup
2707495,0.5417,1 cup
2707496,0.5417,1 cup
2707497,0.5417,1 cup
2707498,0.5417,1 cup
2707499,0.5958,1 cup
2707500,0.3542,1 cup
2707501,0.3542,1 cup
2707502,0.5625,1 cup
2707503,0.55,1 cup
2707504,0.5917,1 cup
2707505,0.5917,1 cup
2707506,0.5917,1 cup
2707507,0.5917,1 cup
2707508,0.5917,1 cup
2707509,0.5917,1 cup
2707510,0.5917,1 cup
2707511,0.5917,1 cup
2707512,0.6083,"1 cup, NFS"
2707513,0.6083,1 cup
2707514,0.6083,"1 cup, NFS"
2707515,0.6083,"1 cup, NFS"
2707516,0.6083,"1 cup, NFS"
2707517,0.6083,"1 cup, NFS"
2707518,0.6083,"1 cup, NFS"
2707519,0.6083,"1 cup, NFS"
2707520,0.6083,1 cup
2707521,0.4167,1 cup
2707522,0.4167,1 cup
2707523,0.4167,1 cup
2707524,0.4167,1 cup
2707525,0.4167,1 cup
2707526,0.5625,1 cup
2707527,0.2417,"1 cup, NFS"
2707528,0.2417,"1 cup, NFS"
2707529,0.2417,"1 cup, NFS"
2707530,0.2417,"1 cup, NFS"
2707531,0.5,1 cup
2707532,0.5,1 cup
2707533,1.0667,1 tablespoon
2707534,1.0667,1 tablespoon
2707535,0.9458,"1 cup, well packed"
2707536,1.0667,1 tablespoon
2707537,1.0667,1 tablespoon
2707538,1.0667,1 tablespoon
2707539,1.0667,1 tablespoon
2707540,1.0667,1 tablespoon
2707541,1.0667,1 tablespoon
2707542,1.0667,1 tablespoon
2707543,1.0667,1 tablespoon
2707544,1.0667,1 tablespoon
2707545,1.0667,1 tablespoon
2707546,1.0667,1 tablespoon
2707547,1.0208,1 cup
2707548,1.0,1 cup
2707568,1.0144,1 fl oz
2707569,0.9417,1 cup
2707570,0.9417,1 cup
2707571,0.7777,1 fl oz (with ice)
2707572,0.7777,1 fl oz (with ice)
2707573,1.0144,1 fl oz (NFS)
2707574,0.5833,1 cup
2707575,0.5833,1 cup
2707576,0.5833,1 cup
2707577,0.5833,1 cup
2707578,0.5833,1 cup
2707579,0.1917,"1 cup, NFS"
2707580,0.1917,"1 cup, NFS"
2707581,0.1917,"1 cup, NFS"
2707582,0.1917,"1 cup, NFS"
2707583,0.1917,"1 cup, NFS"
2707584,0.1917,"1 cup, NFS"
2707585,0.1917,"1 cup, NFS"
2707586,0.5333,1 cup
2707587,1.0,1 tablespoon
2707588,0.7,1 cup
2707589,0.6042,1 cup
2707590,0.7,1 cup
2707593,0.2868,1 cubic inch
2707594,0.2624,1 cubic inch
2707596,0.1404,1 cubic inch
2707598,0.1667,1 cup
2707599,0.1667,1 cup
2707600,0.2868,1 cubic inch
2707601,0.2624,1 cubic inch
2707610,0.1875,"1 cup, NFS"
2707611,0.2075,1 cubic inch
2707614,0.1587,1 cubic inch
2707615,0.1465,1 cubic inch
2707618,0.1587,1 cubic inch
2707619,0.1465,1 cubic inch
2707624,0.2258,1 cubic inch
2707633,0.2868,1 cubic inch
2707634,0.2624,1 cubic inch
2707646,0.1587,1 cubic inch
2707647,0.1465,1 cubic inch
2707650,0.2868,1 cubic inch
2707651,0.2624,1 cubic inch
2707653,0.5833,1 cup
2707654,0.177,1 cubic inch
2707655,0.1404,1 cubic inch
2707666,0.3967,1 cubic inch
2707667,0.3967,1 cubic inch
2707668,0.3967,1 cubic inch
2707670,0.3967,1 cubic inch
2707671,0.3967,1 cubic inch
2707672,0.3967,1 cubic inch
2707673,0.3967,1 cubic inch
2707677,0.2685,1 cubic inch
2707687,0.8333,"1 cup, NFS"
2707688,0.7083,1 cup
2707690,0.1917,1 cup
2707691,0.1917,1 cup
2707697,0.1667,1 cup
2707702,0.125,"1 cup, NFS"
2707709,0.1953,1 cubic inch
2707711,0.2868,1 cubic inch
2707712,0.2624,1 cubic inch
2707720,0.1953,1 cubic inch
2707721,0.177,1 cubic inch
2707722,0.2868,1 cubic inch
2707723,0.2624,1 cubic inch
2707728,0.1875,"1 cup, crumbs"
2707729,0.2075,1 cubic inch
2707745,0.1917,1 cup
2707757,0.1709,1 cubic inch
2707758,0.1526,1 cubic inch
2707768,0.2624,1 cubic inch
2707796,0.2833,"1 cup, pieces"
2707797,0.1667,1 cup
2707798,0.1667,1 cup
2707799,0.1917,1 cup
2707800,0.177,1 cubic inch
2707801,0.5187,1 cubic inch
2707802,0.5187,1 cubic inch
2707803,0.5187,1 cubic inch
2707804,0.5187,1 cubic inch
2707810,0.3708,"1 cup, crumbled"
2707811,0.3708,"1 cup, crumbled"
2707812,0.8333,"1 cup, NFS"
2707813,0.4333,1 cubic inch
2707814,0.4333,1 cubic inch
2707816,0.3708,"1 cup, crumbled"
2707818,0.4167,1 cup (pieces)
2707819,0.6333,1 cup
2707820,0.3967,1 cubic inch
2707821,0.7792,1 cup
2707848,0.5309,1 cubic inch
2707849,0.6102,1 cubic inch
2707850,0.5309,1 cubic inch
2707851,0.4028,1 cubic inch
2707852,0.4272,1 cubic inch
2707853,0.4167,1 cup
2707854,0.2083,1 cup
2707855,0.5,1 cup
2707856,0.5,1 cup
2707857,0.5,1 cup
2707858,0.2917,1 cup
2707859,0.5,1 cup
2707860,0.5,1 cup
2707861,0.75,1 cup
2707862,0.75,1 cup
2707863,0.75,1 cup
2707864,0.4167,1 cup
2707865,0.4167,1 cup
2707866,0.4167,1 cup
2707867,0.4167,1 cup
2707868,0.3125,1 cup
2707869,0.5,1 cup
2707870,0.4167,1 cup
2707871,0.5,1 cup
2707872,0.5,1 cup
2707873,0.1875,1 regular cupcake
2707874,0.1875,1 regular cupcake
2707875,0.5,1 cup
2707876,0.4167,1 cup
2707877,0.575,1 cup
2707878,0.4167,1 cup
2707879,0.4167,1 cup
2707880,0.4167,1 cup
2707881,0.4167,1 cup
2707882,0.4167,1 cup
2707883,0.5,1 cup
2707884,0.5,1 cup
2707885,0.4167,1 cup
2707886,0.2083,1 cup
2707887,0.4167,1 cup
2707888,0.5,1 cup
2707889,0.5,1 cup
2707890,0.5,1 cup
2707891,0.4167,1 cup
2707892,0.4167,1 cup
2707893,0.4167,1 cup
2707894,0.4167,1 cup
2707895,0.3125,1 cup
2707896,0.625,1 cup
2707897,0.5,1 cup
2707898,1.0417,1 cup
2707909,0.3375,"1 cup, bite size"
2707968,0.2667,"1 cup, NFS"
2707970,0.3542,"1 cup, crushed"
2707993,1.0417,1 cup
2707995,1.0417,1 cup
2707997,1.0417,1 cup
2707998,1.0417,1 cup
2707999,1.0417,1 cup
2708000,1.0417,1 cup
2708001,1.0417,1 cup
2708002,1.0417,1 cup
2708003,1.0417,1 cup
2708004,1.0417,1 cup
2708005,1.0417,1 cup
2708006,1.0417,1 cup
2708007,1.0417,1 cup
2708009,1.0417,1 cup
2708010,1.0417,1 cup
2708011,1.0417,1 cup
2708012,1.0417,1 cup
2708013,1.0417,1 cup
2708014,1.0417,1 cup
2708015,1.0417,1 cup
2708016,1.0417,1 cup
2708019,1.0417,1 cup
2708020,1.0417,1 cup
2708021,1.0417,1 cup
2708022,1.0417,1 cup
2708023,1.0417,1 cup
2708026,1.0417,1 cup
2708027,1.0417,1 cup
2708028,1.0417,1 cup
2708039,0.5187,1 cubic inch
2708040,0.5187,1 cubic inch
2708041,0.5187,1 cubic inch
2708042,0.5187,1 cubic inch
2708043,0.5187,1 cubic inch
2708044,0.7933,1 cubic inch
2708045,1.2205,1 cubic inch
2708048,1.1595,1 cubic inch
2708049,1.1595,1 cubic inch
2708055,0.8543,1 cubic inch
2708056,0.1167,"1 cup, chips"
2708059,0.3967,1 cubic inch
2708060,0.3967,1 cubic inch
2708061,0.5553,1 cubic inch
2708062,0.25,1 cup
2708079,0.2746,1 cubic inch
2708080,0.3967,1 cubic inch
2708081,0.3967,1 cubic inch
2708107,0.4875,1 cup
2708130,0.25,1 cup
2708132,0.2083,"1 cup, NFS"
2708133,0.3542,"1 cup, crushed"
2708134,0.2917,"1 cup, NFS"
2708139,0.2917,"1 cup, NFS"
2708141,0.2083,"1 cup, NFS"
2708143,0.2083,"1 cup, NFS"
2708144,0.2083,"1 cup, NFS"
2708145,0.2917,"1 cup, NFS"
2708146,0.2083,"1 cup, NFS"
2708147,0.2083,"1 cup, NFS"
2708148,0.2083,"1 cup, NFS"
2708149,0.2083,"1 cup, NFS"
2708150,0.2083,"1 cup, NFS"
2708151,0.2083,"1 cup, NFS"
2708152,0.2083,"1 cup, NFS"
2708153,0.2083,"1 cup, NFS"
2708154,0.2083,1 cup
2708155,0.2083,"1 cup, NFS"
2708160,0.2083,"1 cup, NFS"
2708161,0.125,1 cup
2708162,0.125,"1 cup, NFS"
2708163,0.1667,"1 cup, NFS"
2708164,0.2083,"1 cup, NFS"
2708167,0.2083,"1 cup, NFS"
2708168,0.2083,"1 cup, NFS"
2708169,0.2083,"1 cup, NFS"
2708170,0.2083,"1 cup, NFS"
2708171,0.2917,"1 cup, NFS"
2708172,0.2917,"1 cup, NFS"
2708173,0.2917,"1 cup, NFS"
2708174,0.2917,"1 cup, NFS"
2708175,0.2917,"1 cup, NFS"
2708176,0.2917,"1 cup, NFS"
2708177,0.2917,"1 cup, NFS"
2708178,0.25,"1 cup, NFS"
2708179,0.2083,"1 cup, NFS"
2708180,0.2917,"1 cup, NFS"
2708181,0.2917,"1 cup, NFS"
2708182,0.2917,"1 cup, NFS"
2708183,0.2917,"1 cup, NFS"
2708184,0.2083,"1 cup, NFS"
2708185,0.2083,"1 cup, NFS"
2708186,0.2083,"1 cup, NFS"
2708187,0.2083,"1 cup, NFS"
2708188,0.2083,"1 cup, NFS"
2708189,0.2083,"1 cup, NFS"
2708190,0.25,1 cup
2708195,0.3958,1 cup
2708196,0.1875,1 cup
2708197,0.1875,1 cup
2708198,0.1875,1 cup
2708199,0.1875,1 cup
2708200,0.1458,1 cup
2708201,0.1458,1 cup
2708202,0.125,1 cup
2708203,0.1458,1 cup
2708204,0.125,1 cup
2708205,0.1875,1 cup
2708206,0.125,1 cup
2708207,0.125,1 cup
2708208,0.125,1 cup
2708209,0.125,1 cup
2708210,0.125,1 cup
2708211,0.125,1 cup
2708212,0.125,1 cup
2708213,0.25,1 cup
2708214,0.1042,1 cup
2708215,0.25,1 cup
2708216,0.8042,"1 cup, unpopped, yields"
2708219,0.5625,"1 cup, unpopped, yields"
2708220,0.8792,"1 cup, unpopped, yields"
2708221,0.7375,"1 cup, unpopped, yields"
2708222,0.8042,"1 cup, unpopped, yields"
2708239,0.1458,1 cup
2708240,0.175,1 cup
2708241,0.1458,1 cup
2708242,0.125,1 cup
2708243,0.125,1 cup
2708244,0.125,1 cup
2708246,0.1667,1 cup
2708247,0.1667,1 cup
2708248,0.1667,1 cup
2708249,0.1667,1 cup
2708250,0.1667,1 cup
2708251,0.1667,1 cup
2708252,0.1667,1 cup
2708253,0.1667,1 cup
2708254,0.1667,1 cup
2708255,0.1667,1 cup
2708256,0.1667,1 cup
2708257,0.1667,1 cup
2708258,0.1667,1 cup
2708259,0.3583,1 cup
2708260,0.3583,1 cup
2708261,0.3583,1 cup
2708262,0.3583,1 cup
2708263,0.3583,1 cup
2708264,0.4,1 cup
2708265,0.4,1 cup
2708266,0.4,1 cup
2708267,0.6125,"1 cup, nuggets"
2708268,0.6125,"1 cup, nuggets"
2708269,0.6125,"1 cup, nuggets"
2708270,0.6125,"1 cup, nuggets"
2708271,0.6125,"1 cup, nuggets"
2708272,0.6125,"1 cup, nuggets"
2708273,0.7,"1 cup, nuggets"
2708274,0.7,"1 cup, nuggets"
2708275,0.7,"1 cup, nuggets"
2708276,0.7,"1 cup, nuggets"
2708277,0.6125,"1 cup, nuggets"
2708278,0.6125,"1 cup, nuggets"
2708279,0.6125,"1 cup, nuggets"
2708280,0.6125,"1 cup, nuggets"
2708281,0.6125,"1 cup, nuggets"
2708282,0.6125,"1 cup, nuggets"
2708283,0.6125,"1 cup, nuggets"
2708284,0.6125,"1 cup, nuggets"
2708285,0.6125,"1 cup, nuggets"
2708286,0.6125,"1 cup, nuggets"
2708287,0.6125,"1 cup, nuggets"
2708288,0.6125,"1 cup, nuggets"
2708289,0.6125,"1 cup, nuggets"
2708290,0.125,1 cup
2708291,0.25,1 cup
2708292,0.25,"1 cup, pieces"
2708293,0.125,"1 cup, NFS"
2708344,0.3125,1 cup
2708348,1.251,1 cubic inch
2708351,0.5833,"1 cup, cooked"
2708352,0.6667,"1 cup, cooked"
2708353,0.6667,"1 cup, cooked"
2708354,0.2333,1 cup
2708355,0.7917,"1 cup, cooked"
2708356,0.7292,"1 cup, cooked"
2708357,0.5833,"1 cup, cooked"
2708358,0.5833,"1 cup, cooked"
2708359,0.5833,"1 cup, cooked"
2708360,1.0,"1 cup, cooked"
2708361,0.7083,"1 cup, cooked"
2708362,0.7083,"1 cup, cooked"
2708363,1.0,"1 cup, cooked"
2708364,1.0,"1 cup, cooked"
2708365,1.0,"1 cup, cooked"
2708366,1.0,"1 cup, cooked"
2708367,1.0,"1 cup, cooked"
2708368,1.0,"1 cup, cooked"
2708369,1.0,"1 cup, cooked"
2708370,1.0,"1 cup, cooked"
2708371,1.0,"1 cup, cooked"
2708372,1.0,"1 cup, cooked"
2708373,1.0,"1 cup, cooked"
2708374,1.0,"1 cup, cooked"
2708375,1.0,"1 cup, cooked"
2708376,1.0,"1 cup, cooked"
2708377,0.7083,"1 cup, cooked"
2708378,1.0,"1 cup, cooked"
2708379,1.0,"1 cup, cooked"
2708380,1.0,"1 cup, cooked"
2708381,1.0,"1 cup, cooked"
2708382,1.0,"1 cup, cooked"
2708383,1.0,"1 cup, cooked"
2708384,1.0,"1 cup, cooked"
2708385,1.0,"1 cup, cooked"
2708386,1.0,"1 cup, cooked"
2708387,0.875,"1 microwave cup, prepared"
2708388,0.7083,1 Keurig cup
2708389,0.875,"1 microwave cup, prepared"
2708390,0.7083,1 Keurig cup
2708391,0.875,"1 microwave cup, prepared"
2708392,0.875,"1 microwave cup, prepared"
2708393,0.7083,1 Keurig cup
2708394,1.0,"1 cup, cooked"
2708395,0.7083,1 Keurig cup
2708396,1.0,"1 cup, cooked"
2708397,1.0,"1 cup, cooked"
2708398,1.0,"1 cup, cooked"
2708399,0.7083,"1 cup, cooked"
2708400,0.7083,"1 cup, cooked"
2708401,0.7083,"1 cup, cooked"
2708402,0.6583,"1 cup, cooked"
2708403,0.6792,"1 cup, cooked"
2708404,0.6792,"1 cup, cooked"
2708405,0.6792,"1 cup, cooked"
2708406,0.6792,"1 cup, cooked"
2708407,0.6792,"1 cup, cooked"
2708408,0.6583,"1 cup, cooked"
2708409,0.8167,"1 cup, cooked"
2708410,0.8167,"1 cup, cooked"
2708411,0.8167,"1 cup, cooked"
2708412,0.8167,"1 cup, cooked"
2708413,0.8167,"1 cup, cooked"
2708414,0.8125,"1 cup, cooked"
2708415,1.0,"1 cup, cooked"
2708416,0.8333,"1 cup, cooked"
2708417,0.7292,"1 cup, cooked"
2708418,1.0625,1 cup
2708419,0.6583,"1 cup, cooked"
2708420,0.6583,"1 cup, cooked"
2708421,0.6792,"1 cup, cooked"
2708422,0.725,"1 cup, cooked"
2708423,0.6833,"1 cup, cooked"
2708424,0.6833,"1 cup, cooked"
2708425,0.6833,"1 cup, cooked"
2708426,0.6917,"1 cup, cooked"
2708427,0.6292,"1 cup, cooked"
2708428,0.7,"1 cup, cooked"
2708429,0.7,"1 cup, cooked"
2708430,0.6458,"1 cup, cooked"
2708431,0.625,"1 cup, cooked"
2708432,0.6458,"1 cup, cooked"
2708433,1.0,"1 cup, cooked"
2708434,1.0,"1 cup, cooked"
2708435,1.0,"1 cup, cooked"
2708436,1.0,"1 cup, cooked"
2708437,1.0,"1 cup, cooked"
2708438,0.5833,"1 cup, cooked"
2708439,0.5833,"1 cup, cooked"
2708440,0.5833,"1 cup, cooked"
2708441,0.6667,"1 cup, cooked"
2708442,1.0,"1 cup, cooked"
2708443,1.0,"1 cup, cooked"
2708444,1.0,"1 cup, cooked"
2708445,0.1458,1 cup
2708446,0.1667,1 cup
2708447,0.1458,1 cup
2708448,0.125,1 cup
2708449,0.1458,1 cup
2708450,0.1667,1 cup
2708451,0.1667,1 cup
2708452,0.125,1 cup
2708453,0.125,1 cup
2708454,0.1042,1 cup
2708455,0.1042,1 cup
2708456,0.2083,1 cup
2708457,0.2083,1 cup
2708458,0.1667,1 cup
2708459,0.125,1 cup
2708460,0.1458,1 cup
2708461,0.4583,1 cup
2708462,0.1875,1 cup
2708463,0.1667,1 cup
2708464,0.1667,1 cup
2708465,0.2083,1 cup
2708466,0.1875,1 cup
2708467,0.1458,1 cup
2708468,0.125,1 cup
2708469,0.25,1 cup
2708470,0.125,1 cup
2708471,0.1458,1 cup
2708472,0.1458,1 cup
2708473,0.125,1 cup
2708474,0.1667,1 cup
2708475,0.1458,1 cup
2708476,0.25,1 cup
2708477,0.5,1 cup
2708479,0.1875,1 cup
2708480,0.1667,1 cup
2708481,0.1458,1 cup
2708482,0.125,1 cup
2708483,0.1667,1 cup
2708484,0.1667,1 cup
2708485,0.1667,1 cup
2708486,0.1667,1 cup
2708487,0.1458,1 cup
2708488,0.25,1 cup
2708489,0.3333,1 cup
2708490,0.3333,1 cup
2708491,0.2533,1 tablespoon
2708492,0.2533,1 tablespoon
2708493,0.2533,1 tablespoon
2708494,0.2533,1 tablespoon
2708495,0.2533,1 tablespoon
2708496,0.2533,1 tablespoon
2708497,0.2533,1 tablespoon
2708498,1.0,1 tablespoon
2708499,1.0,1 tablespoon
2708500,1.0,1 tablespoon
2708501,1.0,1 tablespoon
2708502,1.0,1 tablespoon
2708503,1.0,1 tablespoon
2708504,1.0,1 tablespoon
2708505,0.7083,1 cup
2708506,0.625,1 cup
2708507,0.5,1 cup
2708508,0.5083,1 cup
2708509,0.5083,1 cup
2708510,0.5083,1 cup
2708511,0.5083,1 cup
2708512,0.5083,1 cup
2708513,0.5083,1 cup
2708514,0.5,1 cup
2708515,0.5,1 cup
2708516,0.5,1 cup
2708517,0.5,1 cup
2708518,0.5,1 cup
2708519,0.5,1 cup
2708520,0.5,1 cup
2708521,0.5,1 cup
2708522,0.5,1 cup
2708523,0.5,1 cup
2708524,0.5,1 cup
2708525,0.5,1 cup
2708526,0.5,1 cup
2708527,0.5,1 cup
2708528,0.5,1 cup
2708529,0.5,1 cup
2708530,0.5,1 cup
2708531,0.5,1 cup
2708532,0.5,1 cup
2708533,0.5,1 cup
2708534,0.5,1 cup
2708535,0.5,1 cup
2708536,0.5,1 cup
2708537,0.5,1 cup
2708538,0.5,1 cup
2708539,0.5,1 cup
2708540,0.5,1 cup
2708541,0.5,1 cup
2708542,0.5,1 cup
2708543,0.5,1 cup
2708544,0.5,1 cup
2708545,0.5,1 cup
2708546,0.5,1 cup
2708547,0.5,1 cup
2708548,0.5,1 cup
2708549,0.5,1 cup
2708550,0.5,1 cup
2708551,0.5,1 cup
2708552,0.5,1 cup
2708553,0.5,1 cup
2708554,0.5,1 cup
2708555,0.5,1 cup
2708556,0.5,1 cup
2708557,0.5,1 cup
2708558,0.5,1 cup
2708559,0.5,1 cup
2708560,0.5,1 cup
2708561,0.5,1 cup
2708562,0.5,1 cup
2708563,0.5,1 cup
2708564,0.5,1 cup
2708565,0.7083,1 cup
2708566,0.7083,1 cup
2708567,0.7083,1 cup
2708568,0.7083,1 cup
2708569,0.7083,1 cup
2708570,0.7083,1 cup
2708571,0.7083,1 cup
2708572,0.7083,1 cup
2708573,0.7083,1 cup
2708574,0.7083,1 cup
2708575,1.0417,1 cup
2708576,0.5625,1 cup
2708577,0.5625,1 cup
2708578,0.5625,1 cup
2708579,0.5625,1 cup
2708580,0.5625,1 cup
2708581,0.5625,1 cup
2708582,0.5625,1 cup
2708583,0.5,1 cup
2708584,0.5,1 cup
2708585,0.5,1 cup
2708586,0.5,1 cup
2708587,0.5,1 cup
2708588,0.5,1 cup
2708589,0.5,1 cup
2708590,0.3958,1 cup
2708591,0.3958,1 cup
2708592,0.3958,1 cup
2708593,0.3958,1 cup
2708594,0.3958,1 cup
2708595,0.3958,1 cup
2708596,0.3958,1 cup
2708597,0.3958,1 cup
2708598,0.3958,1 cup
2708599,0.5,1 cup
2708600,0.5,1 cup
2708601,0.5,1 cup
2708602,0.5,1 cup
2708603,0.5,1 cup
2708604,0.5,1 cup
2708605,0.5,1 cup
2708606,0.5,1 cup
2708607,0.5,1 cup
2708608,0.7083,1 cup
2708609,0.7083,1 cup
2708610,0.7083,1 cup
2708611,0.7083,1 cup
2708685,0.7018,1 cubic inch
2708686,0.4958,1 cup
2708701,0.5208,1 cup
2708702,0.5208,1 cup
2708703,0.5208,1 cup
2708704,0.3458,1 cup
2708705,0.3125,1 cup
2708706,0.3125,1 cup
2708707,0.3208,1 cup
2708708,0.3125,1 cup
2708720,0.3333,1 cup
2708721,0.2917,1 cup
2708722,0.7833,1 cup
2708729,0.5,1 cup
2708731,0.6667,1 cup
2708732,0.6667,1 cup
2708733,0.6667,1 cup
2708745,0.3833,1 cup
2708746,0.6708,1 cup
2708747,0.6708,1 cup
2708748,0.6708,1 cup
2708749,0.6708,1 cup
2708750,1.0417,1 cup
2708751,1.0417,1 cup
2708752,1.0417,1 cup
2708753,1.0417,1 cup
2708754,1.0417,1 cup
2708755,1.0417,1 cup
2708756,1.0417,1 cup
2708757,1.0417,1 cup
2708758,1.0417,1 cup
2708759,1.0417,1 cup
2708760,0.6667,1 cup
2708761,1.0417,1 cup
2708762,1.0417,1 cup
2708763,0.6667,1 cup
2708764,1.0417,1 cup
2708765,1.0458,1 cup
2708766,1.0417,1 cup
2708767,0.6667,1 cup
2708768,1.0417,1 cup
2708769,1.025,1 cup
2708770,1.0417,1 cup
2708771,1.0417,1 cup
2708772,0.6667,1 cup
2708773,1.0417,1 cup
2708774,1.0417,1 cup
2708776,0.9792,1 cup
2708779,0.6333,1 cup
2708782,0.6333,1 cup
2708785,0.875,1 cup
2708786,0.9708,1 cup
2708787,1.0417,1 cup
2708788,1.0292,1 cup
2708789,0.7042,1 cup
2708790,0.7917,1 cup
2708791,1.0417,1 cup
2708792,0.625,1 cup
2708793,0.8333,1 cup
2708794,0.5083,1 cup
2708795,0.8667,1 cup
2708796,0.6333,1 cup
2708797,0.6333,1 cup
2708798,0.8333,1 cup
2708799,0.8333,1 cup
2708800,0.8333,1 cup
2708801,0.8333,1 cup
2708802,0.8333,1 cup
2708803,0.8333,1 cup
2708804,0.8333,1 cup
2708805,0.8333,1 cup
2708806,0.8333,1 cup
2708807,0.8333,1 cup
2708808,0.8333,1 cup
2708809,0.9333,1 cup
2708810,0.9375,1 cup
2708811,0.9583,1 cup
2708812,0.9583,1 cup
2708813,0.9583,1 cup
2708814,0.9583,1 cup
2708815,0.9583,1 cup
2708816,0.9583,1 cup
2708817,0.9583,1 cup
2708818,0.9583,1 cup
2708819,0.9583,1 cup
2708820,0.9583,1 cup
2708821,0.9583,1 cup
2708822,0.9583,1 cup
2708823,0.9583,1 cup
2708824,0.9583,1 cup
2708825,1.0417,1 cup
2708826,1.0417,1 cup
2708827,0.625,1 cup
2708828,1.0417,1 cup
2708829,1.0417,1 cup
2708830,1.0417,1 cup
2708831,1.0417,1 cup
2708832,1.0417,1 cup
2708833,1.0417,1 cup
2708834,1.0417,1 cup
2708835,1.0417,1 cup
2708836,1.0417,1 cup
2708837,1.0417,1 cup
2708838,1.0417,1 cup
2708839,1.0417,1 cup
2708840,1.0417,1 cup
2708841,1.0417,1 cup
2708842,1.0417,1 cup
2708843,1.0417,1 cup
2708844,1.0417,1 cup
2708845,1.0417,1 cup
2708846,1.0417,1 cup
2708847,1.0417,1 cup
2708848,1.0417,1 cup
2708849,1.0417,1 cup
2708850,1.0417,1 cup
2708851,1.0417,1 cup
2708852,1.0417,1 cup
2708853,1.0417,1 cup
2708854,1.0417,1 cup
2708855,1.0417,1 cup
2708856,1.0417,1 cup
2708857,1.0417,1 cup
2708858,1.0417,1 cup
2708859,1.0417,1 cup
2708860,1.0417,1 cup
2708861,1.0417,1 cup
2708862,1.0417,1 cup
2708863,1.0417,1 cup
2708864,1.0417,1 cup
2708865,1.0417,1 cup
2708866,1.0417,1 cup
2708867,1.0417,1 cup
2708868,1.0417,1 cup
2708869,1.0417,1 cup
2708870,1.0417,1 cup
2708871,1.0417,1 cup
2708872,1.0417,1 cup
2708873,1.0417,1 cup
2708874,1.0417,1 cup
2708875,1.0417,1 cup
2708876,1.0417,1 cup
2708877,1.0417,1 cup
2708878,1.0417,1 cup
2708879,1.0417,1 cup
2708880,1.0417,1 cup
2708881,1.0417,1 cup
2708882,1.0417,1 cup
2708883,1.0417,1 cup
2708884,1.0417,1 cup
2708885,1.0417,1 cup
2708886,1.0417,1 cup
2708887,1.0417,1 cup
2708888,1.0417,1 cup
2708889,1.0417,1 cup
2708890,1.0417,1 cup
2708891,1.0417,1 cup
2708892,1.0417,1 cup
2708893,1.0417,1 cup
2708894,1.0417,1 cup
2708895,1.0417,1 cup
2708896,1.0417,1 cup
2708897,1.0417,1 cup
2708898,1.0417,1 cup
2708899,1.0417,1 cup
2708900,1.0417,1 cup
2708901,1.0417,1 cup
2708902,1.0417,1 cup
2708903,1.0417,1 cup
2708904,1.0417,1 cup
2708905,1.0417,1 cup
2708906,1.0417,1 cup
2708907,1.0417,1 cup
2708908,1.0417,1 cup
2708909,1.0417,1 cup
2708910,1.0417,1 cup
2708911,1.0417,1 cup
2708912,1.0417,1 cup
2708913,1.0417,1 cup
2708914,1.0417,1 cup
2708915,1.0417,1 cup
2708916,1.0417,1 cup
2708917,1.0417,1 cup
2708918,1.0417,1 cup
2708919,1.0417,1 cup
2708920,1.0417,1 cup
2708921,1.0417,1 cup
2708922,1.0417,1 cup
2708923,1.0417,1 cup
2708924,1.0417,1 cup
2708925,1.0417,1 cup
2708926,1.0417,1 cup
2708927,0.9458,1 cup
2708928,0.9583,1 cup
2708929,0.9583,1 cup
2708930,0.7708,1 cup
2708931,0.8542,1 cup
2708932,0.85,1 cup
2708933,0.85,1 cup
2708934,0.85,1 cup
2708935,0.85,1 cup
2708936,0.85,1 cup
2708937,0.85,1 cup
2708938,0.85,1 cup
2708939,0.85,1 cup
2708940,0.85,1 cup
2708941,0.85,1 cup
2708942,0.85,1 cup
2708943,0.85,1 cup
2708944,0.85,1 cup
2708945,0.85,1 cup
2708946,0.85,1 cup
2708947,0.85,1 cup
2708948,0.85,1 cup
2708949,0.8333,1 cup
2708950,0.675,1 cup
2708951,0.6917,1 cup
2708952,0.825,1 cup
2708953,0.825,1 cup
2708954,0.825,1 cup
2708955,0.825,1 cup
2708956,0.825,1 cup
2708957,1.0417,1 cup
2708958,1.0167,1 cup
2708959,0.625,1 cup
2708960,0.625,1 cup
2708961,0.625,1 cup
2708962,0.625,1 cup
2708963,0.625,1 cup
2708964,0.625,1 cup
2708965,0.625,1 cup
2708966,0.55,1 cup
2708967,0.5833,1 cup
2708968,0.5833,1 cup
2708969,0.5833,1 cup
2708970,0.5833,1 cup
2708971,0.5833,1 cup
2708972,0.625,1 cup
2708973,0.9583,1 cup
2708974,1.0958,"1 cup, NFS"
2708975,1.0,1 cup
2708976,0.7083,1 cup
2708977,0.6667,1 cup
2708978,0.75,1 cup
2708979,0.75,1 cup
2708980,0.7833,1 cup
2708981,1.0625,1 cup
2708982,1.0625,1 cup
2708983,1.0625,1 cup
2708984,1.0625,1 cup
2708985,0.7167,1 cup
2708986,0.7083,1 cup
2708987,0.7083,1 cup
2708988,0.7083,1 cup
2708989,0.7083,1 cup
2708990,0.7083,1 cup
2708991,0.7083,1 cup
2708992,0.7083,1 cup
2708993,0.7083,1 cup
2708994,0.7083,1 cup
2708995,0.7083,1 cup
2708996,0.6708,1 cup
2708997,0.6708,1 cup
2708998,0.6708,1 cup
2708999,0.6667,1 cup
2709000,0.6667,1 cup
2709001,0.6667,1 cup
2709002,0.6667,1 cup
2709003,0.6667,1 cup
2709004,0.6667,1 cup
2709005,0.6667,1 cup
2709006,0.6667,1 cup
2709007,0.6667,1 cup
2709008,0.8708,1 cup
2709009,0.8583,1 cup
2709010,0.8708,1 cup
2709011,0.7167,1 cup
2709012,0.7167,1 cup
2709013,0.7167,1 cup
2709014,0.7167,1 cup
2709015,0.7167,1 cup
2709016,0.7167,1 cup
2709017,0.7167,1 cup
2709018,0.7167,1 cup
2709019,0.7167,1 cup
2709020,0.7167,1 cup
2709021,0.7167,1 cup
2709022,0.7167,1 cup
2709023,0.7167,1 cup
2709024,0.7167,1 cup
2709025,0.7167,1 cup
2709026,0.7167,1 cup
2709027,0.7167,1 cup
2709028,0.7167,1 cup
2709029,0.8625,1 cup
2709030,0.8625,1 cup
2709031,0.825,1 cup
2709032,0.8333,1 cup
2709033,0.7083,1 cup
2709034,0.7083,1 cup
2709035,0.7083,1 cup
2709036,0.7083,1 cup
2709037,0.7958,1 cup
2709038,0.7833,1 cup
2709039,0.7958,1 cup
2709040,0.7917,1 cup
2709041,0.7792,1 cup
2709042,0.7917,1 cup
2709043,0.7875,1 cup
2709044,0.775,1 cup
2709045,0.7875,1 cup
2709046,0.7917,1 cup
2709047,0.7792,1 cup
2709048,0.7917,1 cup
2709049,1.0125,1 cup
2709050,1.0125,1 cup
2709051,1.0125,1 cup
2709052,0.7875,1 cup
2709053,0.775,1 cup
2709054,0.7875,1 cup
2709055,0.9542,1 cup
2709056,0.9375,1 cup
2709057,0.9542,1 cup
2709058,0.9542,1 cup
2709059,0.9542,1 cup
2709060,0.9542,1 cup
2709061,0.7875,1 cup
2709062,0.775,1 cup
2709063,0.7875,1 cup
2709065,0.9333,1 cup
2709066,0.9167,1 cup
2709067,0.775,1 cup
2709068,0.7917,1 cup
2709069,0.775,1 cup
2709070,0.7917,1 cup
2709072,0.825,1 cup
2709073,0.825,1 cup
2709074,0.825,1 cup
2709075,0.825,1 cup
2709076,0.825,1 cup
2709077,0.8583,1 cup
2709078,0.825,1 cup
2709079,0.9083,1 cup
2709080,0.9583,1 cup
2709081,0.9042,1 cup
2709082,0.8167,"1 cup, NFS"
2709083,0.8167,1 cup
2709084,1.0125,1 cup
2709085,1.0125,1 cup
2709086,1.0125,1 cup
2709087,1.0125,1 cup
2709088,0.9583,1 cup
2709089,0.6958,1 cup
2709090,0.7708,1 cup
2709091,0.6458,1 cup
2709092,0.85,1 cup
2709093,0.85,1 cup
2709094,0.85,1 cup
2709095,0.9875,1 cup
2709096,0.9875,1 cup
2709097,0.9875,1 cup
2709098,0.9875,1 cup
2709099,0.9875,1 cup
2709100,0.9875,1 cup
2709101,1.175,1 cup
2709102,1.1542,1 cup
2709103,1.175,1 cup
2709104,0.9875,1 cup
2709105,0.9875,1 cup
2709106,0.9875,1 cup
2709107,0.9875,1 cup
2709108,0.9875,1 cup
2709109,0.9875,1 cup
2709110,1.0875,1 cup
2709111,1.075,1 cup
2709112,1.0917,1 cup
2709113,1.0833,1 cup
2709114,1.0667,1 cup
2709115,1.0833,1 cup
2709116,1.075,1 cup
2709117,1.0625,1 cup
2709118,1.075,1 cup
2709119,1.2208,1 cup
2709120,1.2042,1 cup
2709121,1.2208,1 cup
2709122,1.2167,1 cup
2709123,1.2,1 cup
2709124,1.2167,1 cup
2709125,1.2083,1 cup
2709126,1.1917,1 cup
2709127,1.2083,1 cup
2709128,0.7083,"1 cup, cooked"
2709131,0.6667,1 cup
2709144,1.0208,1 cup
2709145,1.0208,1 cup
2709146,1.0208,1 cup
2709147,1.0208,1 cup
2709148,1.0208,1 cup
2709149,1.0208,1 cup
2709150,1.0208,1 cup
2709151,1.0208,1 cup
2709152,1.0208,1 cup
2709153,1.0208,1 cup
2709154,1.0208,1 cup
2709155,1.0208,1 cup
2709156,1.0208,1 cup
2709157,1.0208,1 cup
2709158,1.0208,1 cup
2709159,1.0208,1 cup
2709160,1.0208,1 cup
2709161,1.0208,1 cup
2709162,1.0208,1 cup
2709163,0.6083,"1 cup, cubes"
2709164,0.8333,1 cup
2709165,0.75,1 cup
2709166,1.0417,1 cup
2709167,0.7708,1 cup
2709168,0.8333,1 cup
2709169,1.0833,1 cup
2709170,0.8333,1 cup
2709171,0.75,1 cup
2709172,1.0417,1 cup
2709173,1.0208,1 cup
2709174,1.0417,1 cup
2709175,0.8125,1 cup
2709176,1.0482,1 fl oz (NFS)
2709177,1.0482,1 fl oz (no ice)
2709178,0.7777,1 fl oz (with ice)
2709179,1.0482,1 fl oz (NFS)
2709180,0.7777,1 fl oz (with ice)
2709181,1.0482,1 fl oz (NFS)
2709182,1.0482,1 fl oz (NFS)
2709183,1.0482,1 fl oz (no ice)
2709184,1.0482,1 fl oz (NFS)
2709185,0.7777,1 fl oz (with ice)
2709186,0.7777,1 fl oz (with ice)
2709187,1.0482,1 fl oz (no ice)
2709188,0.7777,1 fl oz (with ice)
2709189,1.0482,1 fl oz (no ice)
2709190,0.7777,1 fl oz (with ice)
2709191,1.1833,1 cup
2709192,1.0482,1 fl oz (no ice)
2709193,1.0482,1 fl oz (NFS)
2709194,0.7777,1 fl oz (with ice)
2709195,0.6667,1 cup
2709196,0.375,1 cup
2709197,0.6667,1 cup
2709198,0.6667,1 cup
2709199,0.6667,1 cup
2709200,0.3,1 cup
2709201,0.6667,1 cup
2709202,0.6667,1 cup
2709203,0.6667,1 cup
2709204,0.6667,1 cup
2709205,0.6667,1 cup
2709206,0.6667,1 cup
2709207,0.6667,1 cup
2709208,0.6667,1 cup
2709209,0.6667,1 cup
2709210,0.6667,1 cup
2709211,0.6667,1 cup
2709212,0.6667,1 cup
2709213,0.625,1 cup
2709214,1.0,1 cup
2709215,0.5208,1 cup
2709216,1.0417,1 cup
2709217,1.0208,1 cup
2709218,1.0417,1 cup
2709219,1.0833,1 cup
2709220,0.7917,1 cup
2709221,0.6458,1 cup
2709222,1.0417,1 cup
2709223,0.625,1 cup
2709224,0.625,1 cup
2709225,0.5833,1 cup
2709226,0.6458,1 cup
2709227,0.625,1 cup
2709228,0.4167,1 cup
2709229,0.6667,1 cup
2709230,1.0833,1 cup
2709231,0.625,1 cup
2709232,1.0417,1 cup
2709233,0.625,1 cup
2709234,0.75,1 cup
2709236,1.0417,1 cup
2709237,0.625,1 cup
2709238,0.6875,1 cup
2709239,0.75,1 cup
2709240,0.7917,1 cup
2709241,0.6458,1 cup
2709242,0.6875,1 cup
2709243,1.0417,1 cup
2709244,0.625,1 cup
2709245,0.6458,1 cup
2709246,0.6875,1 cup
2709247,1.0417,1 cup
2709248,0.9833,1 cup
2709249,0.6458,1 cup
2709250,1.0417,1 cup
2709251,1.0417,1 cup
2709252,1.0208,1 cup
2709253,0.625,1 cup
2709254,0.5208,1 cup
2709255,0.5208,1 cup
2709256,1.0417,1 cup
2709257,1.0417,1 cup
2709258,1.0208,1 cup
2709260,0.6875,1 cup
2709261,1.0417,1 cup
2709262,1.0417,1 cup
2709263,1.0208,1 cup
2709264,0.625,1 cup
2709265,0.6458,1 cup
2709266,1.0417,1 cup
2709267,0.7292,1 cup
2709268,1.0,1 cup
2709270,0.6458,1 cup
2709271,0.625,1 cup
2709272,0.625,1 cup
2709273,0.625,1 cup
2709274,0.625,1 cup
2709275,0.625,1 cup
2709276,1.0417,1 cup
2709277,0.625,1 cup
2709278,1.0833,1 cup
2709279,0.4167,1 cup
2709280,1.1667,1 cup
2709281,0.625,1 cup
2709282,0.625,1 cup
2709283,0.625,1 cup
2709284,1.0417,1 cup
2709285,0.625,1 cup
2709286,0.8042,1 cup
2709287,0.625,1 cup
2709288,0.625,1 cup
2709289,1.0417,1 cup
2709290,1.0417,1 cup
2709291,1.0208,1 cup
2709292,0.625,1 cup
2709293,0.5708,1 cup
2709296,0.7833,1 cup
2709297,0.7583,1 cup
2709298,0.7292,1 cup
2709299,0.7125,1 cup
2709300,0.7583,1 cup
2709301,0.7583,1 cup
2709302,0.7833,1 cup
2709303,0.7583,1 cup
2709304,0.7292,1 cup
2709305,0.7125,1 cup
2709306,0.5,1 cup
2709307,1.0,1 tablespoon
2709308,1.0,1 tablespoon
2709309,1.0667,1 tablespoon
2709310,0.7667,"1 serving (lettuce, 1 cup diced pineapple, dressing)"
2709311,1.0208,1 cup
2709312,1.0144,1 fl oz
2709313,1.0144,1 fl oz
2709314,0.8333,1 cup
2709315,0.7777,1 fl oz (with ice)
2709316,1.0482,1 fl oz (no ice)
2709317,0.7777,1 fl oz (with ice)
2709318,0.7777,1 fl oz (with ice)
2709319,1.0482,1 fl oz (NFS)
2709320,1.0482,1 fl oz (NFS)
2709321,1.0482,1 fl oz (no ice)
2709322,1.0482,1 fl oz (no ice)
2709323,0.7777,1 fl oz (with ice)
2709324,1.0482,1 fl oz (no ice)
2709325,1.0482,1 fl oz (no ice)
2709326,1.0482,1 fl oz (no ice)
2709327,1.0482,1 fl oz (no ice)
2709328,1.0482,1 fl oz (no ice)
2709329,1.0482,1 fl oz (NFS)
2709330,1.0482,1 fl oz (no ice)
2709331,0.7777,1 fl oz (with ice)
2709332,1.0144,1 fl oz (no ice)
2709333,1.0144,1 fl oz (no ice)
2709334,0.9,1 cup
2709335,0.9,1 cup
2709336,0.9,1 cup
2709337,0.9,1 cup
2709338,0.9,1 cup
2709339,1.0333,1 cup
2709340,1.0482,1 fl oz (NFS)
2709341,1.0482,1 fl oz (NFS)
2709342,1.0482,1 fl oz (NFS)
2709343,1.0482,1 fl oz (NFS)
2709344,1.0482,1 fl oz (no ice)
2709345,0.7777,1 fl oz (with ice)
2709346,1.0482,1 fl oz (NFS)
2709347,0.7777,1 fl oz (with ice)
2709348,1.0482,1 fl oz (NFS)
2709349,1.0482,1 fl oz (NFS)
2709350,1.0482,1 fl oz (no ice)
2709351,1.0,1 tablespoon
2709352,1.0,1 tablespoon
2709353,1.0,1 tablespoon
2709354,1.0,1 tablespoon
2709355,1.0,1 tablespoon
2709356,1.0,1 tablespoon
2709357,1.0,1 tablespoon
2709358,1.0,1 tablespoon
2709359,1.0,1 tablespoon
2709360,1.0,1 tablespoon
2709361,1.0,1 tablespoon
2709362,1.0,1 tablespoon
2709363,1.0,1 tablespoon
2709364,1.0,1 tablespoon
2709365,1.0,1 tablespoon
2709366,1.0,1 tablespoon
2709367,1.0,1 tablespoon
2709368,1.0,1 tablespoon
2709369,1.0,1 tablespoon
2709370,1.0,1 tablespoon
2709371,1.0,1 tablespoon
2709372,1.0,1 tablespoon
2709373,1.0482,1 fl oz
2709374,1.0482,1 fl oz
2709375,1.0482,1 fl oz
2709376,1.0482,1 fl oz
2709377,1.0482,1 fl oz
2709378,1.0482,1 fl oz
2709379,1.0482,1 fl oz
2709380,1.0,1 tablespoon
2709381,0.1167,1 cup
2709382,0.6667,1 cup
2709383,0.5417,1 cup
2709384,0.5417,1 cup
2709385,0.6667,1 cup
2709386,0.6667,1 cup
2709387,0.6667,1 cup
2709388,0.6667,1 cup
2709389,0.6667,1 cup
2709390,0.6667,1 cup
2709391,0.6667,1 cup
2709392,0.6667,1 cup
2709393,0.6667,1 cup
2709394,0.6667,1 cup
2709395,0.6667,1 cup
2709396,0.6667,1 cup
2709397,0.6667,1 cup
2709398,0.6667,1 cup
2709399,0.7708,1 cup
2709400,0.7708,1 cup
2709401,0.7708,1 cup
2709402,0.6667,1 cup
2709403,0.6667,1 cup
2709404,0.6667,1 cup
2709405,0.6667,1 cup
2709406,0.6667,1 cup
2709407,0.6667,1 cup
2709408,0.6667,1 cup
2709409,0.6667,1 cup
2709410,0.6667,1 cup
2709411,0.6667,1 cup
2709412,0.6667,1 cup
2709413,0.6667,1 cup
2709414,0.6667,1 cup
2709415,0.6667,1 cup
2709416,1.0,1 cup
2709417,0.7667,1 cup
2709418,0.8333,1 cup
2709419,0.9667,1 cup
2709420,1.0,1 cup
2709421,0.1042,1 cup
2709422,0.1042,1 cup
2709423,0.1042,1 cup
2709424,0.1042,1 cup
2709425,0.1042,1 cup
2709426,0.1042,1 cup
2709427,0.1333,1 cup
2709428,0.1333,1 cup
2709429,0.1333,1 cup
2709430,0.1333,1 cup
2709431,0.1333,1 cup
2709432,0.1042,1 cup
2709433,0.1042,1 cup
2709434,0.1042,1 cup
2709435,0.1042,1 cup
2709436,0.1042,1 cup
2709437,0.1042,1 cup
2709438,0.1042,1 cup
2709439,0.1042,1 cup
2709440,0.1042,1 cup
2709444,0.1583,1 cup
2709445,0.1583,1 cup
2709446,0.1583,1 cup
2709447,0.125,1 cup
2709448,1.0417,1 cup
2709449,1.0417,1 cup
2709450,1.0417,1 cup
2709451,1.0417,1 cup
2709452,1.0417,1 cup
2709453,1.0417,1 cup
2709454,1.0417,1 cup
2709455,1.0417,1 cup
2709456,0.25,1 cup
2709457,0.25,1 cup
2709458,0.25,1 cup
2709459,0.25,1 cup
2709460,0.25,1 cup
2709461,0.25,1 cup
2709462,0.25,1 cup
2709463,0.25,1 cup
2709464,0.25,1 cup
2709465,0.3833,1 cup
2709466,0.5625,1 cup
2709467,0.3833,1 cup
2709468,0.5167,1 cup
2709469,0.3833,1 cup
2709470,0.5167,1 cup
2709471,0.3833,1 cup
2709472,0.8333,1 cup
2709473,0.8333,1 cup
2709474,0.8333,1 cup
2709475,0.8333,1 cup
2709476,0.8333,1 cup
2709477,0.6667,1 cup
2709478,0.6667,1 cup
2709479,0.6667,1 cup
2709480,0.6667,1 cup
2709481,0.6667,1 cup
2709482,0.6667,1 cup
2709483,0.6667,1 cup
2709484,0.6667,1 cup
2709485,0.6667,1 cup
2709486,0.6667,1 cup
2709487,0.6667,1 cup
2709492,1.0417,1 cup
2709493,1.0417,1 cup
2709494,1.0417,1 cup
2709495,1.0417,1 cup
2709496,1.0417,1 cup
2709497,1.0417,1 cup
2709498,1.0417,1 cup
2709499,1.0417,1 cup
2709500,1.0417,1 cup
2709501,1.0417,1 cup
2709502,1.0417,1 cup
2709503,1.0417,1 cup
2709504,1.0417,1 cup
2709505,1.0417,1 cup
2709506,1.0417,1 cup
2709507,1.0417,1 cup
2709508,1.0417,1 cup
2709509,1.0417,1 cup
2709510,0.6667,1 cup
2709511,0.5417,1 cup
2709512,0.5417,1 cup
2709513,0.5417,1 cup
2709514,0.5417,1 cup
2709515,0.5417,1 cup
2709516,0.5417,1 cup
2709517,0.5417,1 cup
2709518,0.6667,1 cup
2709519,0.6667,1 cup
2709520,0.6667,1 cup
2709521,0.6667,1 cup
2709522,0.6667,1 cup
2709523,0.6667,1 cup
2709524,0.5417,1 cup
2709525,0.6667,1 cup
2709526,0.6667,1 cup
2709527,0.6667,1 cup
2709528,0.6667,1 cup
2709529,0.6667,1 cup
2709530,0.6667,1 cup
2709531,1.1458,1 cup
2709532,1.1458,1 cup
2709533,1.1458,1 cup
2709534,1.1458,1 cup
2709535,1.1458,1 cup
2709536,1.1458,1 cup
2709537,1.1458,1 cup
2709538,1.1458,1 cup
2709539,1.1458,1 cup
2709540,1.1458,1 cup
2709541,0.7292,1 cup
2709542,1.1458,1 cup
2709543,1.1458,1 cup
2709544,1.1458,1 cup
2709545,1.1458,1 cup
2709546,1.1458,1 cup
2709547,1.1458,1 cup
2709548,1.1458,1 cup
2709549,1.1458,1 cup
2709550,1.1458,1 cup
2709551,1.1458,1 cup
2709554,1.0417,1 cup
2709555,1.0417,1 cup
2709556,1.0625,1 cup
2709557,1.0625,1 cup
2709558,0.8333,1 cup
2709559,0.7083,1 cup
2709561,0.7083,1 cup
2709562,0.7083,1 cup
2709563,0.1583,1 cup
2709564,0.6667,1 cup
2709565,0.5833,1 cup
2709567,0.6667,1 cup
2709568,1.0,"1 cup, cooked"
2709570,0.1583,1 cup
2709571,0.625,1 cup
2709572,0.1667,1 cup
2709573,0.7083,1 cup
2709574,0.15,1 cup
2709575,0.625,1 cup
2709576,0.15,1 cup
2709577,0.5417,1 cup
2709578,0.7083,1 cup
2709579,0.5625,1 cup
2709580,0.5625,1 cup
2709581,0.7292,1 cup
2709582,0.5625,1 cup
2709583,0.5625,1 cup
2709584,0.7292,1 cup
2709585,0.7292,1 cup
2709586,0.2083,1 cup
2709587,0.5833,1 cup
2709588,0.2292,1 cup
2709589,0.4583,1 cup
2709590,0.1458,1 cup
2709591,0.3292,1 cup
2709592,0.5625,1 cup
2709593,0.5417,1 cup
2709594,0.7083,1 cup
2709595,0.5625,1 cup
2709596,0.5625,1 cup
2709597,0.7292,1 cup
2709598,0.7292,1 cup
2709599,0.1042,1 cup
2709600,0.5417,1 cup
2709601,0.7083,1 cup
2709602,0.5625,1 cup
2709603,0.5625,1 cup
2709604,0.7292,1 cup
2709605,0.7708,1 cup
2709606,0.2333,1 cup
2709607,0.5833,1 cup
2709608,0.6875,1 cup
2709609,0.625,1 cup
2709610,0.625,1 cup
2709611,0.7083,1 cup
2709612,0.625,1 cup
2709613,0.1667,1 cup
2709614,0.1042,1 cup
2709615,0.75,1 cup
2709616,0.8958,1 cup
2709617,0.8958,1 cup
2709618,0.7708,1 cup
2709619,0.7708,1 cup
2709620,0.7708,1 cup
2709621,0.7708,1 cup
2709622,0.9167,1 cup
2709623,0.9167,1 cup
2709624,0.9167,1 cup
2709625,0.9167,1 cup
2709626,0.9167,1 cup
2709627,0.9167,1 cup
2709628,0.8333,1 cup
2709629,0.4167,1 cup
2709630,0.8333,1 cup
2709631,0.8333,1 cup
2709632,1.0208,1 cup
2709633,0.625,1 cup
2709634,0.6042,1 cup
2709635,0.6875,1 cup
2709636,0.625,1 cup
2709637,0.625,1 cup
2709638,0.7083,1 cup
2709639,0.1417,1 cup
2709640,0.5917,1 cup
2709641,0.5333,1 cup
2709642,0.2875,1 cup
2709643,0.375,1 cup
2709644,0.6667,1 cup
2709645,0.6458,1 cup
2709646,0.7708,1 cup
2709647,0.6667,1 cup
2709648,0.6667,1 cup
2709649,0.7917,1 cup
2709650,0.6667,1 cup
2709651,0.6667,1 cup
2709652,0.7917,1 cup
2709653,0.7917,1 cup
2709654,0.95,1 cup
2709655,0.95,1 cup
2709656,0.3542,1 cup
2709657,0.15,1 cup
2709658,0.3667,1 cup
2709659,1.0625,1 cup
2709660,0.5,1 cup
2709661,0.7292,1 cup
2709662,0.7125,1 cup
2709663,0.6667,1 cup
2709664,0.6458,1 cup
2709665,0.6458,1 cup
2709666,0.6458,1 cup
2709667,0.6667,1 cup
2709668,0.6667,1 cup
2709669,0.6667,1 cup
2709670,0.6667,1 cup
2709671,0.6667,1 cup
2709672,0.6667,1 cup
2709673,0.6667,1 cup
2709674,0.6667,1 cup
2709675,0.6667,1 cup
2709676,0.6667,1 cup
2709677,0.6667,1 cup
2709678,0.6458,1 cup
2709679,0.6667,1 cup
2709680,0.6667,1 cup
2709681,0.6667,1 cup
2709682,1.0482,1 fl oz (no ice)
2709683,0.7777,1 fl oz (with ice)
2709684,0.6667,1 cup
2709685,0.6667,1 cup
2709686,0.6667,1 cup
2709687,0.6875,1 cup
2709688,0.6875,1 cup
2709689,0.6875,1 cup
2709690,0.6875,1 cup
2709691,1.0208,1 cup
2709692,0.9583,1 cup
2709693,0.5833,1 cup
2709694,0.9375,1 cup
2709695,0.9583,1 cup
2709696,0.6542,1 cup
2709697,1.0417,"1 cup, mashed"
2709698,1.0417,"1 cup, mashed"
2709699,1.0417,"1 cup, mashed"
2709700,1.0417,"1 cup, mashed"
2709701,1.0417,"1 cup, mashed"
2709702,1.0417,"1 cup, mashed"
2709703,1.0417,"1 cup, mashed"
2709704,1.0417,1 cup
2709705,1.0417,"1 cup, NFS"
2709706,1.0417,"1 cup, NFS"
2709707,1.0417,"1 cup, NFS"
2709708,1.0417,1 cup
2709709,0.25,1 cup
2709710,0.1042,1 cup
2709711,0.25,1 cup
2709712,0.25,1 cup
2709713,0.25,1 cup
2709714,0.25,1 cup
2709715,0.5417,1 cup
2709716,0.5417,1 cup
2709717,0.5417,1 cup
2709718,1.0208,1 cup
2709719,0.75,1 cup
2709720,1.0,1 cup
2709721,1.0,1 cup
2709722,1.0,1 cup
2709723,1.0,1 cup
2709724,1.0,1 cup
2709725,0.75,1 cup
2709726,0.5917,1 cup
2709727,0.2292,1 cup
2709728,1.0482,1 fl oz (no ice)
2709729,1.0482,1 fl oz (no ice)
2709730,0.7777,1 fl oz (with ice)
2709731,0.7777,1 fl oz (with ice)
2709732,0.7777,1 fl oz (with ice)
2709733,1.1333,1 cup
2709734,1.1333,1 cup
2709735,1.1333,1 tablespoon
2709736,1.0667,1 cup
2709737,1.0,1 cup
2709738,1.0667,1 cup
2709739,0.975,1 cup
2709740,1.0667,1 tablespoon
2709741,1.0667,1 tablespoon
2709742,1.0667,1 tablespoon
2709743,1.025,1 cup
2709744,1.0667,1 tablespoon
2709745,1.0833,1 cup
2709746,1.0833,1 cup
2709747,1.0833,1 cup
2709748,1.0833,1 cup
2709749,1.0833,1 cup
2709750,1.1333,1 cup
2709751,1.0667,1 tablespoon
2709752,1.1333,1 tablespoon
2709753,1.1333,1 tablespoon
2709754,1.0,1 cup
2709755,1.0,1 cup
2709756,0.6625,1 cup
2709757,1.0208,1 cup
2709758,1.0625,1 cup
2709759,1.0208,1 cup
2709760,1.0208,1 cup
2709763,0.5,1 cup
2709764,0.2333,1 cup
2709765,0.1375,1 cup
2709766,0.625,1 cup
2709767,0.5625,1 cup
2709768,0.375,1 cup
2709769,0.4167,1 cup
2709770,0.5625,1 cup
2709771,0.2667,1 cup
2709772,0.375,1 cup
2709773,0.375,1 cup
2709774,0.375,1 cup
2709775,0.375,1 cup
2709776,0.625,1 cup
2709777,0.4583,1 cup
2709778,0.5,1 cup
2709780,0.1,1 cup
2709781,0.2,1 tablespoon
2709783,0.625,1 cup
2709784,0.5,1 cup
2709785,0.3333,1 cup
2709786,0.5625,1 cup
2709787,0.5417,1 cup
2709788,0.5625,1 cup
2709789,0.1458,1 cup
2709790,0.1042,1 cup
2709792,0.1458,1 cup
2709793,0.2917,1 cup
2709794,0.4167,1 cup
2709795,0.6667,1 cup
2709796,0.25,1 cup
2709797,0.6042,1 cup
2709798,0.625,1 cup
2709799,0.625,1 cup
2709800,0.625,1 cup
2709801,0.625,1 cup
2709802,0.625,1 cup
2709803,0.4792,1 cup
2709804,0.5833,1 cup
2709805,0.3333,1 cup
2709806,0.2708,1 cup
2709807,0.4792,1 cup
2709808,0.4792,1 cup
2709809,0.5417,1 cup
2709810,1.025,1 cup
2709811,0.9833,1 cup
2709812,0.6417,1 cup
2709813,0.775,1 cup
2709814,0.9167,1 cup
2709815,0.9167,1 cup
2709816,0.9167,1 cup
2709817,0.9167,1 cup
2709818,0.6458,1 cup
2709819,0.5542,1 cup
2709820,0.6625,1 cup
2709821,0.6625,1 cup
2709822,0.3042,1 cup
2709823,0.3083,1 cup
2709824,0.3625,1 cup
2709825,0.3208,1 cup
2709826,0.3667,1 cup
2709827,0.3292,1 cup
2709828,0.5208,1 cup
2709829,0.4958,1 cup
2709830,0.4375,1 cup
2709831,0.3083,1 cup
2709832,0.4375,1 cup
2709833,0.7777,1 fl oz (with ice)
2709834,0.75,1 cup
2709835,0.75,1 cup
2709836,1.0,1 cup
2709837,0.7708,1 cup
2709838,0.7708,1 cup
2709839,0.7708,1 cup
2709840,1.0208,1 cup
2709841,0.7708,1 cup
2709842,0.7708,1 cup
2709843,0.7708,1 cup
2709844,0.7708,1 cup
2709845,1.0208,1 cup
2709846,1.0208,1 cup
2709847,0.6458,1 cup
2709848,0.75,1 cup
2709849,0.7708,1 cup
2709850,0.7708,1 cup
2709851,0.6042,1 cup
2709852,0.5833,1 cup
2709853,0.5833,1 cup
2709854,0.5833,1 cup
2709855,0.6042,1 cup
2709856,0.6042,1 cup
2709857,0.6042,1 cup
2709858,0.6042,1 cup
2709859,0.6042,1 cup
2709860,0.6042,1 cup
2709861,0.6042,1 cup
2709862,0.6042,1 cup
2709863,0.6042,1 cup
2709864,0.6042,1 cup
2709865,0.5833,1 cup
2709866,0.6042,1 cup
2709867,0.6042,1 cup
2709868,0.6042,1 cup
2709869,0.6042,1 cup
2709870,0.6042,1 cup
2709871,0.4792,1 cup
2709872,0.7083,1 cup
2709873,0.7083,1 cup
2709874,0.7292,1 cup
2709875,0.7292,1 cup
2709876,0.7292,1 cup
2709877,0.7083,1 cup
2709878,0.5417,1 cup
2709879,0.7083,1 cup
2709880,0.375,1 cup
2709881,0.6458,1 cup
2709882,0.6458,1 cup
2709883,0.6667,1 cup
2709884,0.6667,1 cup
2709885,0.6667,1 cup
2709886,0.5417,1 cup
2709887,0.7083,1 cup
2709888,0.7292,1 cup
2709889,0.625,1 cup
2709890,0.6458,1 cup
2709891,0.6458,1 cup
2709892,0.6458,1 cup
2709893,0.6458,1 cup
2709894,0.6458,1 cup
2709895,0.625,1 cup
2709896,0.6458,1 cup
2709897,0.6458,1 cup
2709898,0.7708,1 cup
2709899,0.6667,1 cup
2709900,0.6667,1 cup
2709901,0.7917,1 cup
2709902,0.6667,1 cup
2709903,0.6667,1 cup
2709904,0.7917,1 cup
2709905,0.7917,1 cup
2709906,0.6458,1 cup
2709908,0.6875,1 cup
2709909,0.7083,1 cup
2709910,0.6875,1 cup
2709911,0.6875,1 cup
2709912,0.6875,1 cup
2709913,0.7083,1 cup
2709914,0.7083,1 cup
2709915,0.7083,1 cup
2709916,0.7083,1 cup
2709917,0.7083,1 cup
2709918,0.7083,1 cup
2709919,0.7083,1 cup
2709920,0.7083,1 cup
2709921,0.7083,1 cup
2709922,0.7083,1 cup
2709923,1.0417,1 cup
2709924,0.6875,1 cup
2709925,0.7083,1 cup
2709926,0.7083,1 cup
2709927,0.7083,1 cup
2709928,0.7708,1 cup
2709929,0.3958,1 cup
2709930,0.4167,1 cup
2709931,0.4542,1 cup
2709932,1.0,1 teaspoon
2709933,0.7083,1 cup
2709934,0.7083,1 cup
2709935,0.7083,1 cup
2709936,0.5208,1 cup
2709937,0.6458,1 cup
2709938,0.6667,1 cup
2709939,0.6667,1 cup
2709940,0.6667,1 cup
2709941,0.6667,1 cup
2709942,0.6667,1 cup
2709943,0.6042,1 cup
2709944,0.6667,1 cup
2709945,0.7708,1 cup
2709946,0.6875,1 cup
2709947,0.6875,1 cup
2709948,0.7917,1 cup
2709949,0.3583,1 cup
2709950,0.875,1 cup
2709951,0.8958,1 cup
2709952,0.7708,1 cup
2709953,0.9375,1 cup
2709954,0.6042,1 cup
2709955,0.6667,1 cup
2709956,0.7708,1 cup
2709957,0.7708,1 cup
2709958,0.6875,1 cup
2709959,0.6667,1 cup
2709960,0.6667,1 cup
2709961,0.6667,1 cup
2709962,0.6875,1 cup
2709963,0.6875,1 cup
2709964,0.6875,1 cup
2709965,0.6875,1 cup
2709966,0.6875,1 cup
2709967,0.6875,1 cup
2709968,0.6875,1 cup
2709969,0.6875,1 cup
2709970,0.6875,1 cup
2709971,0.6875,1 cup
2709972,0.6667,1 cup
2709973,0.6875,1 cup
2709974,0.6875,1 cup
2709975,0.6875,1 cup
2709976,0.6458,1 cup
2709977,0.6458,1 cup
2709978,0.625,1 cup
2709979,0.8,1 cup
2709980,0.7292,1 cup
2709981,0.5833,1 cup
2709982,0.5833,1 cup
2709983,0.6667,1 cup
2709984,0.6667,1 cup
2709985,0.6875,1 cup
2709986,0.6875,1 cup
2709987,0.6875,1 cup
2709989,0.4167,1 cup
2709990,0.4375,1 cup
2709991,0.75,1 cup
2709992,0.75,1 cup
2709993,0.7708,1 cup
2709994,0.7708,1 cup
2709995,0.7708,1 cup
2709996,0.7708,1 cup
2709997,0.7708,1 cup
2709998,0.7708,1 cup
2709999,0.7708,1 cup
2710000,0.7708,1 cup
2710001,0.6458,1 cup
2710002,0.6667,1 cup
2710003,0.6583,1 cup
2710004,0.7292,1 cup
2710005,0.8,1 tablespoon
2710006,1.2,1 teaspoon
2710007,0.7292,1 cup
2710008,0.75,1 cup
2710009,0.625,1 cup
2710010,0.5833,1 cup
2710011,0.6042,1 cup
2710012,0.7708,1 cup
2710013,0.75,1 cup
2710014,0.75,1 cup
2710015,0.7708,1 cup
2710016,0.7708,1 cup
2710017,0.7708,1 cup
2710018,0.7708,1 cup
2710019,0.7708,1 cup
2710020,0.7708,1 cup
2710021,0.7708,1 cup
2710022,0.75,1 cup
2710023,0.7708,1 cup
2710024,0.7708,1 cup
2710025,0.7708,1 cup
2710026,0.6667,1 cup
2710027,0.6875,1 cup
2710028,0.8958,1 cup
2710029,0.6875,1 cup
2710030,0.6667,1 cup
2710031,0.6458,1 cup
2710032,0.6667,1 cup
2710033,0.6458,1 cup
2710034,0.6667,1 cup
2710035,0.5292,1 cup
2710036,0.55,1 cup
2710037,0.7833,1 cup
2710038,0.4,1 tablespoon
2710039,0.25,1 cup
2710040,0.9583,1 cup
2710041,0.7708,1 cup
2710042,0.3542,1 cup
2710043,0.7333,1 cup
2710044,0.7333,1 cup
2710046,0.8917,1 cup
2710047,0.4375,1 cup
2710048,0.9167,1 cup
2710049,1.0,1 tablespoon
2710050,0.825,1 cup
2710051,0.825,1 cup
2710052,0.7917,1 cup
2710053,0.5625,1 cup
2710054,0.375,1 cup
2710055,0.2083,1 cup
2710056,0.8917,1 cup
2710057,0.8917,1 cup
2710058,0.9167,1 cup
2710059,0.9042,1 cup
2710060,0.9708,1 cup
2710061,0.9042,1 cup
2710062,0.5667,1 cup
2710063,1.0625,1 cup
2710064,0.9167,1 cup
2710065,0.2625,1 cup
2710067,1.0,1 cup
2710068,0.8333,1 cup
2710069,0.9167,1 cup
2710070,0.6042,1 cup
2710071,0.7083,1 cup
2710072,0.625,1 cup
2710073,1.0,1 tablespoon
2710074,0.5208,1 cup
2710075,0.625,1 cup
2710076,0.625,1 cup
2710077,0.625,1 cup
2710078,0.6458,1 cup
2710079,1.0,1 tablespoon
2710080,0.6458,1 cup
2710081,0.3958,1 cup
2710082,1.0,1 cup
2710083,1.0,1 tablespoon
2710084,0.6458,1 cup
2710085,1.0,1 tablespoon
2710086,1.0,1 tablespoon
2710088,0.5625,1 cup
2710089,0.5625,1 cup
2710090,0.5625,1 cup
2710091,0.5625,1 cup
2710092,1.0667,1 tablespoon
2710093,1.0667,1 tablespoon
2710094,0.625,1 cup
2710095,0.625,1 cup
2710096,0.625,1 cup
2710097,0.6458,1 cup
2710098,0.6458,1 cup
2710099,0.625,1 cup
2710100,0.4167,1 cup
2710101,0.6667,1 cup
2710102,0.6458,1 cup
2710103,1.0667,1 tablespoon
2710104,0.7083,1 cup
2710105,1.0208,1 cup
2710106,1.0208,1 cup
2710107,1.0625,1 cup
2710108,1.0208,1 cup
2710109,1.0625,1 cup
2710110,1.0208,1 cup
2710111,1.0208,1 cup
2710112,1.0208,1 cup
2710113,1.0208,1 cup
2710114,1.0208,1 cup
2710115,1.0208,1 cup
2710116,1.0208,1 cup
2710117,1.0,1 tablespoon
2710118,1.0,1 tablespoon
2710119,1.0,1 tablespoon
2710120,1.0,1 tablespoon
2710121,1.0,1 tablespoon
2710122,1.0,1 tablespoon
2710123,1.0,1 tablespoon
2710124,1.0,1 tablespoon
2710125,1.0,1 tablespoon
2710126,1.0,1 tablespoon
2710127,1.0,1 tablespoon
2710128,1.0,1 tablespoon
2710129,1.0,1 tablespoon
2710130,1.0,1 tablespoon
2710131,1.0,1 tablespoon
2710132,1.0,1 tablespoon
2710133,1.0,1 tablespoon
2710134,1.0,1 tablespoon
2710135,1.0,1 tablespoon
2710136,1.0,1 tablespoon
2710137,1.0,1 tablespoon
2710139,0.8333,1 cup
2710142,0.975,1 cup
2710144,0.8458,1 cup
2710145,1.0482,1 fl oz (NFS)
2710146,0.9,1 cup
2710147,0.9,1 cup
2710148,0.9,1 cup
2710149,0.9,1 cup
2710150,1.0333,1 cup
2710151,0.9,1 cup
2710152,0.9,1 cup
2710153,0.9333,1 cup
2710154,0.9333,1 cup
2710155,0.9333,1 cup
2710156,0.9333,1 cup
2710157,0.9333,1 cup
2710158,0.9333,1 cup
2710159,0.9333,1 cup
2710160,0.9333,1 cup
2710161,0.9333,1 cup
2710162,0.9333,1 cup
2710163,0.4167,1 cup
2710164,0.9333,1 cup
2710165,0.8,1 cup
2710166,0.8,1 cup
2710167,0.8,1 cup
2710168,0.9333,1 cup
2710169,1.0667,1 tablespoon
2710170,1.0667,1 tablespoon
2710171,1.0667,1 tablespoon
2710172,1.0208,1 cup
2710173,0.9333,1 tablespoon
2710174,1.0667,1 tablespoon
2710175,1.0667,1 tablespoon
2710176,1.0,1 tablespoon
2710177,1.0,1 cup
2710178,1.0667,1 tablespoon
2710179,0.9333,1 cup
2710180,0.9333,1 cup
2710181,0.9333,1 cup
2710182,0.9333,1 cup
2710183,0.9333,1 cup
2710184,0.9333,1 cup
2710185,0.9333,1 cup
2710186,0.9333,1 cup
2710187,0.9333,1 cup
2710188,0.9333,1 cup
2710189,0.9333,1 cup
2710190,0.9333,1 cup
2710191,0.9333,1 cup
2710192,0.9333,1 cup
2710193,0.9333,1 cup
2710194,0.9333,1 cup
2710195,1.0417,1 cup
2710196,0.9875,1 cup
2710197,1.0208,1 cup
2710198,1.0,1 cup
2710199,0.9792,1 cup
2710200,1.0417,1 cup
2710201,1.0417,1 cup
2710202,1.0417,1 cup
2710203,0.9792,1 cup
2710204,0.9167,1 cup
2710205,0.9375,1 cup
2710206,1.0208,1 cup
2710207,0.9792,1 cup
2710208,1.0208,1 cup
2710209,1.0,1 cup
2710210,0.9792,1 cup
2710211,0.9792,1 cup
2710212,1.0,1 cup
2710213,1.0417,1 cup
2710214,1.025,1 cup
2710215,1.0833,1 cup
2710216,1.0208,1 cup
2710217,1.0,1 cup
2710218,1.0833,1 cup
2710219,1.0,1 cup
2710220,1.0417,1 cup
2710221,0.9167,1 cup
2710222,0.9667,1 cup
2710223,1.0,1 cup
2710224,0.9,1 cup
2710225,1.0,1 cup
2710226,0.9792,1 cup
2710227,1.0208,1 cup
2710228,1.025,1 cup
2710229,1.1042,1 cup
2710230,0.9625,1 cup
2710231,1.0,1 cup
2710232,1.0667,1 cup
2710233,1.0667,1 cup
2710234,0.9625,1 cup
2710235,1.0667,1 cup
2710236,1.0,1 cup
2710237,1.0,1 cup
2710238,1.0667,1 cup
2710243,0.25,Guideline amount per cup of vegetable
2710244,0.25,Guideline amount per cup of vegetable
2710245,0.25,Guideline amount per cup of vegetable
2710246,0.25,Guideline amount per cup of vegetable
2710247,0.25,Guideline amount per cup of vegetable
2710257,0.8333,1 cup
2710258,0.8333,1 cup
2710259,0.5,1 cup
2710260,0.9167,"1 cup, NFS"
2710261,0.8333,1 cup
2710262,0.4,1 teaspoon
2710263,0.1,1 teaspoon
2710264,0.6,1 teaspoon
2710265,1.0,1 teaspoon
2710266,0.1,1 teaspoon
2710267,0.8,1 teaspoon
2710268,1.0,1 teaspoon
2710269,0.66,1 teaspoon
2710270,1.0,1 teaspoon
2710271,0.7,1 teaspoon
2710272,1.3333,1 cup
2710273,1.3333,1 cup
2710274,1.3333,1 cup
2710275,1.3333,1 cup
2710276,1.3333,1 cup
2710277,1.0,1 cup
2710278,1.3333,1 cup
2710279,1.3333,1 cup
2710280,1.0,1 cup
2710281,1.3333,1 cup
2710282,1.3333,1 tablespoon
2710283,1.3333,1 cup
2710284,1.3333,1 cup
2710285,1.3333,1 cup
2710286,1.3333,1 cup
2710287,0.3958,1 cup
2710288,1.3333,1 cup
2710289,1.3333,1 tablespoon
2710290,1.2083,1 cup
2710291,1.2083,1 cup
2710292,1.3333,1 tablespoon
2710293,1.3333,1 tablespoon
2710294,1.3333,1 tablespoon
2710295,1.0,1 tablespoon
2710296,1.0667,1 tablespoon
2710297,1.0667,1 tablespoon
2710298,1.0667,1 tablespoon
2710299,1.3333,1 tablespoon
2710300,1.3333,1 tablespoon
2710301,1.3333,1 tablespoon
2710302,1.3333,1 tablespoon
2710303,1.3333,1 tablespoon
2710304,1.3333,1 tablespoon
2710305,1.3333,1 tablespoon
2710306,1.3333,1 tablespoon
2710307,1.3333,1 tablespoon
2710308,1.3425,1 cubic inch
2710309,1.3333,1 tablespoon
2710310,1.0,1 cup
2710311,1.0,1 cup
2710312,1.0,1 cup
2710313,1.0,1 cup
2710314,1.0,1 cup
2710316,0.8875,1 cup
2710317,0.5417,1 cup
2710318,0.5417,1 cup
2710320,1.0144,1 fl oz
2710321,1.0144,1 fl oz
2710322,1.0144,1 fl oz
2710323,0.5417,1 cup
2710324,0.5417,1 cup
2710325,0.6667,1 cup
2710326,0.6667,1 cup
2710327,0.6667,1 cup
2710328,0.6667,1 cup
2710329,0.6667,1 cup
2710330,0.6667,1 cup
2710331,0.6667,1 cup
2710332,0.6667,1 cup
2710333,0.9375,1 cup
2710334,0.6667,1 cup
2710335,0.6667,1 cup
2710336,0.6667,1 cup
2710337,0.6667,1 cup
2710338,0.6667,1 cup
2710339,0.6667,1 cup
2710340,0.6667,1 cup
2710341,0.6667,1 cup
2710342,0.6667,1 cup
2710343,0.6667,1 cup
2710344,0.6667,1 cup
2710345,0.6667,1 cup
2710346,0.6667,1 cup
2710347,0.6667,1 cup
2710348,0.6667,1 cup
2710349,0.6667,1 cup
2710350,0.6667,1 cup
2710352,0.6667,1 cup
2710353,0.1667,1 cup
2710354,0.6667,1 cup
2710355,0.6667,1 cup
2710356,0.6667,1 cup
2710357,0.6667,1 cup
2710359,0.6667,1 cup
2710360,0.6667,1 cup
2710364,0.6667,1 cup
2710365,0.6667,1 cup
2710366,0.6667,1 cup
2710367,0.6667,1 cup
2710369,0.6667,1 cup
2710370,0.6667,1 cup
2710373,1.0144,1 fl oz
2710374,1.0144,1 fl oz
2710375,1.0144,1 fl oz
2710376,1.0144,1 fl oz
2710377,1.0482,1 fl oz
2710378,1.0144,1 fl oz
2710379,1.0144,1 fl oz
2710380,1.0144,1 fl oz
2710381,1.0482,1 fl oz
2710382,1.0144,1 fl oz
2710383,1.0482,1 fl oz
2710384,1.0482,1 fl oz
2710385,1.0482,1 fl oz
2710386,1.0144,1 fl oz
2710387,1.0144,1 fl oz
2710388,1.0144,1 fl oz
2710389,1.0482,1 fl oz
2710390,1.0482,1 fl oz
2710391,1.0482,1 fl oz
2710392,1.0144,1 fl oz
2710393,1.0144,1 fl oz
2710394,1.0144,1 fl oz
2710395,1.0482,1 fl oz
2710396,1.0482,1 fl oz
2710397,1.0482,1 fl oz
2710398,1.0482,1 fl oz
2710399,1.0482,1 fl oz
2710400,1.0482,1 fl oz
2710401,1.0482,1 fl oz
2710402,1.0482,1 fl oz
2710403,1.0482,1 fl oz
2710404,1.0482,1 fl oz
2710405,1.0482,1 fl oz
2710406,1.0482,1 fl oz
2710407,1.0482,1 fl oz
2710408,1.0482,1 fl oz
2710409,1.0482,1 fl oz
2710410,1.0482,1 fl oz
2710411,1.0482,1 fl oz
2710412,1.0482,1 fl oz
2710413,1.0482,1 fl oz
2710414,1.0482,1 fl oz
2710415,1.0482,1 fl oz
2710416,1.0482,1 fl oz
2710417,1.0482,1 fl oz
2710418,1.0482,1 fl oz
2710419,1.0482,1 fl oz
2710420,1.0482,1 fl oz
2710421,1.0482,1 fl oz
2710422,1.0482,1 fl oz
2710423,1.0482,1 fl oz
2710424,1.0482,1 fl oz
2710425,1.0482,1 fl oz
2710426,1.0482,1 fl oz
2710427,1.0482,1 fl oz
2710428,1.0144,1 fl oz
2710429,1.0144,1 fl oz
2710430,1.0482,1 fl oz
2710431,1.0144,1 fl oz
2710432,1.0144,1 fl oz
2710433,1.0144,1 fl oz
2710434,1.0482,1 fl oz
2710435,1.0482,1 fl oz
2710436,1.0482,1 fl oz
2710437,1.0144,1 fl oz
2710438,1.0144,1 fl oz
2710439,1.0144,1 fl oz
2710440,1.0482,1 fl oz
2710441,1.0482,1 fl oz
2710442,1.0482,1 fl oz
2710443,1.0482,1 fl oz
2710444,1.0482,1 fl oz
2710445,1.0482,1 fl oz
2710446,1.0482,1 fl oz
2710447,1.0482,1 fl oz
2710448,1.0482,1 fl oz
2710449,1.0144,1 fl oz
2710450,1.0144,1 fl oz
2710451,1.0144,1 fl oz
2710452,1.0144,1 fl oz
2710453,1.0144,1 fl oz
2710454,1.0482,1 fl oz
2710455,1.0482,1 fl oz
2710456,1.0482,1 fl oz
2710457,1.0144,1 fl oz
2710458,1.0144,1 fl oz
2710459,1.0144,1 fl oz
2710460,1.0482,1 fl oz
2710461,1.0482,1 fl oz
2710462,1.0144,1 fl oz
2710463,1.0144,1 fl oz
2710464,1.0144,1 fl oz
2710465,1.0144,1 fl oz
2710466,1.0482,1 fl oz
2710467,1.0482,1 fl oz
2710468,1.0144,1 fl oz
2710469,1.0144,1 fl oz
2710470,1.0144,1 fl oz
2710471,1.0144,1 fl oz
2710472,1.0144,1 fl oz
2710473,1.0144,1 fl oz
2710474,1.0144,1 fl oz
2710475,1.0144,1 fl oz
2710476,1.0144,1 fl oz
2710477,1.0144,1 fl oz
2710478,1.0482,1 fl oz
2710479,1.0144,1 fl oz
2710480,0.18,"1 teaspoon, dry"
2710481,0.18,"1 teaspoon, dry"
2710482,0.68,"1 teaspoon, dry"
2710483,0.68,"1 teaspoon, dry"
2710484,0.68,"1 teaspoon, dry"
2710485,0.34,"1 teaspoon, dry"
2710486,1.0144,1 fl oz
2710487,1.0144,1 fl oz
2710488,1.0,1 cup
2710489,1.0,1 cup
2710490,1.0,1 cup
2710491,1.0,1 cup
2710492,1.0,1 cup
2710493,1.0144,1 fl oz (no ice)
2710494,1.0482,1 fl oz (NFS)
2710495,1.0482,1 fl oz (no ice)
2710496,0.7777,1 fl oz (with ice)
2710497,1.0144,1 fl oz (NFS)
2710498,1.0144,1 fl oz (no ice)
2710499,1.0144,1 fl oz (NFS)
2710500,1.0482,1 fl oz (NFS)
2710501,1.0144,1 fl oz (NFS)
2710502,1.0,1 cup
2710503,1.0,1 cup
2710504,1.0,1 cup
2710505,1.0,1 cup
2710506,1.0,1 cup
2710507,1.0,1 cup
2710508,1.0,1 cup
2710509,1.0482,1 fl oz (no ice)
2710511,0.96,"1 teaspoon, dry"
2710512,0.7777,1 fl oz (with ice)
2710513,1.0144,1 fl oz (NFS)
2710514,1.0144,1 fl oz (no ice)
2710515,1.0482,1 fl oz (NFS)
2710516,1.0144,1 fl oz (no ice)
2710517,1.0144,1 fl oz (no ice)
2710518,1.0482,1 fl oz (NFS)
2710519,1.0144,1 fl oz (no ice)
2710520,1.0144,1 fl oz (no ice)
2710521,0.7777,1 fl oz (with ice)
2710522,0.7777,1 fl oz (with ice)
2710523,1.0144,1 fl oz (no ice)
2710524,1.0482,1 fl oz (NFS)
2710525,1.0144,1 fl oz (NFS)
2710526,1.0144,1 fl oz (NFS)
2710527,1.0482,1 fl oz (no ice)
2710528,1.0482,1 fl oz (no ice)
2710529,0.7777,1 fl oz (with ice)
2710530,1.0144,1 fl oz (no ice)
2710531,1.0144,1 fl oz (no ice)
2710532,1.0144,1 fl oz (NFS)
2710533,1.0482,1 fl oz (NFS)
2710534,1.0482,1 fl oz (no ice)
2710535,0.7777,1 fl oz (with ice)
2710536,1.0482,1 fl oz (NFS)
2710537,1.0144,1 fl oz (no ice)
2710538,1.0144,1 fl oz
2710539,1.0144,1 fl oz
2710540,1.0144,1 fl oz
2710541,1.0482,1 fl oz (NFS)
2710542,1.0144,1 fl oz (no ice)
2710543,1.0482,1 fl oz (NFS)
2710544,1.0144,1 fl oz (no ice)
2710545,1.0482,1 fl oz (no ice)
2710546,0.7777,1 fl oz (with ice)
2710547,0.7777,1 fl oz (with ice)
2710548,1.0144,1 fl oz (NFS)
2710549,1.0482,1 fl oz (NFS)
2710550,1.0144,1 fl oz (NFS)
2710551,0.7777,1 fl oz (with ice)
2710552,1.0144,1 fl oz (NFS)
2710553,0.7777,1 fl oz (with ice)
2710554,1.0144,1 fl oz (no ice)
2710555,1.0482,1 fl oz (NFS)
2710556,1.0144,1 fl oz (no ice)
2710557,1.0482,1 fl oz (NFS)
2710558,0.7777,1 fl oz (with ice)
2710559,1.0482,1 fl oz (NFS)
2710560,0.7777,1 fl oz (with ice)
2710561,1.0482,1 fl oz (NFS)
2710562,0.7777,1 fl oz (with ice)
2710563,0.7777,1 fl oz (with ice)
2710564,0.7777,1 fl oz (with ice)
2710565,1.0482,1 fl oz (NFS)
2710566,0.7777,1 fl oz (with ice)
2710567,1.0482,1 fl oz (no ice)
2710568,1.0482,1 fl oz (no ice)
2710569,0.7777,1 fl oz (with ice)
2710570,1.0482,1 fl oz (NFS)
2710571,0.7777,1 fl oz (with ice)
2710573,1.0482,1 fl oz (NFS)
2710574,1.0144,1 fl oz
2710575,1.0482,1 fl oz
2710576,1.0,1 cup
2710577,1.0,1 cup
2710578,0.7777,1 fl oz (with ice)
2710579,0.7777,1 fl oz (with ice)
2710580,1.0482,1 fl oz (NFS)
2710581,1.0482,1 fl oz (no ice)
2710582,1.0482,1 fl oz (NFS)
2710583,1.0482,1 fl oz (no ice)
2710584,1.0482,1 fl oz (NFS)
2710585,0.7777,1 fl oz (with ice)
2710586,1.0144,1 fl oz (no ice)
2710587,0.7777,1 fl oz (with ice)
2710588,1.0144,1 fl oz (NFS)
2710589,1.0144,1 fl oz (no ice)
2710590,0.7777,1 fl oz (with ice)
2710591,1.0482,1 fl oz (no ice)
2710592,0.7777,1 fl oz (with ice)
2710593,1.0144,1 fl oz (no ice)
2710594,1.0144,1 fl oz (NFS)
2710595,1.0144,1 fl oz (no ice)
2710596,1.0144,1 fl oz (NFS)
2710597,0.7777,1 fl oz (with ice)
2710598,1.0144,1 fl oz (no ice)
2710599,1.0144,1 fl oz (no ice)
2710600,0.7777,1 fl oz (with ice)
2710601,0.7777,1 fl oz (with ice)
2710602,1.0333,1 cup
2710603,1.0333,1 cup
2710604,1.0333,1 cup
2710605,1.0333,1 cup
2710606,0.7777,1 fl oz (with ice)
2710607,1.0333,1 cup
2710608,1.0333,1 cup
2710609,1.0144,1 fl oz
2710610,1.0144,1 fl oz
2710611,1.0144,1 fl oz
2710612,0.9333,1 cup
2710613,0.8667,1 tablespoon
2710614,0.8,1 tablespoon
2710615,0.8333,1 tablespoon
2710616,1.0144,1 fl oz
2710617,1.0144,1 fl oz
2710618,1.0144,1 fl oz
2710619,1.0144,1 fl oz
2710620,1.0144,1 fl oz
2710621,1.0144,1 fl oz
2710622,1.0144,1 fl oz
2710623,1.0144,1 fl oz (no ice)
2710624,1.0144,1 fl oz (no ice)
2710625,1.0144,1 fl oz (no ice)
2710626,1.0144,1 fl oz
2710627,1.0144,1 fl oz
2710628,1.0144,1 fl oz
2710629,1.0144,1 fl oz
2710630,1.0144,1 fl oz
2710632,1.0144,1 fl oz
2710633,1.0144,1 fl oz
2710634,1.0144,1 fl oz
2710635,1.0144,1 fl oz
2710636,1.0144,1 fl oz
2710637,1.0144,1 fl oz
2710638,1.0144,1 fl oz
2710639,1.0144,1 fl oz
2710640,1.0144,1 fl oz
2710641,1.0144,1 fl oz
2710642,1.0144,1 fl oz
2710643,1.0144,1 fl oz
2710644,1.0144,1 fl oz
2710645,1.0144,1 fl oz
2710646,1.0144,1 fl oz
2710647,1.0144,1 fl oz
2710648,1.0144,1 fl oz
2710649,1.0144,1 fl oz
2710650,1.0144,1 fl oz
2710651,1.0144,1 fl oz
2710652,1.0144,1 fl oz
2710653,1.0144,1 fl oz
2710654,1.0144,1 fl oz
2710655,1.0144,1 fl oz
2710656,1.0144,1 fl oz
2710657,1.0144,1 fl oz
2710658,1.0144,1 fl oz
2710659,1.0144,1 fl oz
2710660,1.0144,1 fl oz
2710661,1.0144,1 fl oz
2710662,1.0144,1 fl oz
2710663,1.0144,1 fl oz
2710664,1.0144,1 fl oz
2710665,1.0144,1 fl oz
2710666,1.0144,1 fl oz
2710667,1.0144,1 fl oz
2710668,1.0144,1 fl oz
2710669,1.0144,1 fl oz
2710670,1.0144,1 fl oz
2710671,1.0144,1 fl oz
2710672,1.0144,1 fl oz
2710673,1.0144,1 fl oz
2710674,1.0144,1 fl oz
2710675,1.0144,1 fl oz
2710676,1.0144,1 fl oz
2710677,1.0144,1 fl oz
2710678,1.0144,1 fl oz
2710679,1.0144,1 fl oz
2710680,1.0144,1 fl oz
2710681,1.0144,1 fl oz
2710682,1.0144,1 fl oz
2710683,1.0144,1 fl oz
2710684,1.0144,1 fl oz
2710685,1.0144,1 fl oz
2710686,1.0144,1 fl oz
2710687,1.0144,1 fl oz
2710688,1.0144,1 fl oz
2710689,1.0144,1 fl oz
2710690,1.0144,1 fl oz
2710691,1.0144,1 fl oz
2710692,1.0144,1 fl oz
2710693,1.0144,1 fl oz
2710694,1.0144,1 fl oz
2710695,1.0144,1 fl oz
2710696,1.0144,1 fl oz
2710697,1.0144,1 fl oz
2710698,1.0144,1 fl oz
2710699,0.9468,1 fl oz (no ice)
2710700,0.9468,1 fl oz (no ice)
2710701,0.9468,1 fl oz (no ice)
2710702,0.9468,1 fl oz (no ice)
2710703,0.9468,1 fl oz (no ice)
2710704,0.9468,1 fl oz (no ice)
2710705,0.9468,1 fl oz (no ice)
2710706,1.0,1 cup
2710707,1.0,1 cup
2710708,1.0,1 cup
2710709,1.0,1 cup
2710710,1.0,1 cup
2710711,1.0,1 cup
2710712,1.0,1 cup
2710713,1.0,1 cup
2710714,1.0667,1 cup
2710715,1.0667,1 cup
2710716,1.0333,1 cup
2710717,1.05,1 cup
2710718,1.05,1 cup
2710719,1.0482,1 fl oz
2710720,1.0667,1 cup
2710721,1.0667,1 cup
2710722,1.0333,1 cup
2710723,1.0333,1 cup
2710724,1.0333,1 cup
2710725,1.0333,1 cup
2710726,1.0667,1 cup
2710727,1.0333,1 cup
2710728,1.0292,1 cup
2710729,0.4933,1 tablespoon
2710730,0.3733,1 tablespoon
2710731,0.6667,1 tablespoon
2710732,0.5333,1 tablespoon
2710734,0.8667,1 tablespoon
2710742,0.8667,1 tablespoon
2710743,1.2,1 tablespoon
2710744,0.2667,1 tablespoon
2710745,1.0333,1 tablespoon
2710746,1.0333,1 cup
2710747,1.0482,1 fl oz
2710748,1.0333,1 cup
2710749,1.0333,1 cup
2710750,1.0333,1 cup
2710751,1.0333,1 cup
2710752,1.0333,1 cup
2710753,1.0333,1 cup
2710754,1.0333,1 cup
2710755,1.0333,1 cup
2710756,1.0333,1 cup
2710757,1.0144,1 fl oz
2710758,1.0144,1 fl oz
2710759,1.0,1 cup
2710760,1.0,1 cup
2710761,1.0,1 cup
2710762,1.0333,1 cup
2710763,1.0,1 cup
2710764,1.0,1 cup
2710765,1.0,1 cup
2710766,1.0333,1 cup
2710767,1.0333,1 cup
2710768,1.0,1 cup
2710769,1.0333,1 cup
2710770,1.0333,1 cup
2710771,1.0333,1 cup
2710772,1.0,1 cup
2710773,1.0,1 cup
2710774,1.0,1 cup
2710775,1.0482,1 fl oz (NFS)
2710776,1.0,1 cup
2710777,1.0482,1 fl oz (NFS)
