recipe_id,ingredient_id,ingredient_index,portion_factor,actual_measure,measure_only
1,397,1,1,30 ml,2 tablespoon
1,34,2,1,211 g,1 cup
1,613,3,1,480 ml,2 cups
1,92,4,1,201 g,1 cup
1,626,5,1,480 ml,2 cups
1,251,6,1,,1 clove
1,197,7,1,,1 teaspoon
1,35,8,1,,
1,522,9,1,10 g,2 teaspoon
1,215,10,1,232 g,2 cups
1,399,12,1,,1 large
1,251,13,1,,2 cloves
1,597,14,1,16-oz [448-g],1 can
1,474,15,1,2 g,2 teaspoon
1,525,16,1,,
1,501,17,1,,1 teaspoon
1,504,18,1,15 ml,1 tablespoon
1,616,19,1,,
1,399,20,1,,2 large
1,150,21,1,15-oz [420-g],1 can
2,514,1,1,,5 medium
2,489,2,1,,1 large
2,533,3,1,,2 small
2,277,4,1,60 ml,? cup
2,399,5,1,,1 medium
2,598,6,1,48 g,3 tablespoon
2,134,7,1,600 ml,
2,522,8,1,,1 teaspoon
2,202,9,1,,? teaspoon
2,591,10,1,,? teaspoon
2,15,11,1,,1 teaspoon
2,44,12,1,,
2,507,13,1,,2 cups
2,36,14,1,,
3,135,1,1,1.4 kg,
3,591,2,1,3 g,1 tablespoon
3,253,3,1,,1 teaspoon
3,133,4,1,,
3,526,5,1,,
3,615,6,1,360 ml,
3,514,7,1,,4 medium
3,438,8,1,28-oz [784-g],1 can
3,489,9,1,,1 large
3,280,10,1,,2 small
3,399,11,1,,1 medium
3,598,12,1,32 g,2 tablespoon
3,134,13,1,240 ml,1 cup
3,591,14,1,2 g,
3,388,15,1,8 g,1 tablespoon
3,15,16,1,,1 teaspoon
3,35,18,1,,
4,140,1,1,680 g,
4,522,2,1,15 g,1 tablespoon
4,63,3,1,,1 teaspoon
4,399,4,1,,1 small
4,625,5,1,720 ml,3 cups
4,615,6,1,60 ml,? cup
4,597,7,1,,2 medium
4,399,8,1,,1 medium
4,254,9,1,,
4,414,10,1,6 to 9 g,
4,411,11,1,,1 teaspoon
4,127,12,1,8 g,1 tablespoon
4,639,13,1,,? teaspoon
4,519,14,1,340 g,
4,120,15,1,113 g,
4,556,16,1,90 g,? cup
4,280,17,1,,1 small
5,49,1,1,680 g,
5,526,2,1,,
5,591,3,1,3 g,1 tablespoon
5,399,4,1,,1 small
5,625,5,1,240 ml,1 cup
5,40,6,1,1.4 L,6 cups
5,212,7,1,600 g,4 cups
5,399,8,1,,1 large
5,282,9,1,,2 small
5,409,10,1,180 ml,? cup
5,58,11,1,85 g,4 tablespoon
5,562,12,1,180 g,6 cups
5,191,13,1,18 g,3 tablespoon
5,387,14,1,8 g,1 tablespoon
5,245,15,1,,
6,85,1,1,,
6,142,2,1,,
6,399,3,1,460 g,4 cups
6,333,4,1,80 ml,
6,522,5,1,,1 teaspoon
6,63,6,1,,? teaspoon
6,281,7,1,,1 small
6,423,8,1,23 ml,
6,134,9,1,360 g,
6,430,10,1,75 g,? cup
6,625,11,1,120 ml,? cup
6,205,12,1,16 g,1 tablespoon
6,508,13,1,,
7,616,1,1,,
7,17,2,1,43 g,? cup
7,128,3,1,16 g,2 tablespoon
7,411,4,1,6 g,2 teaspoon
7,253,5,1,8 g,1 tablespoon
7,400,6,1,8 g,1 tablespoon
7,639,7,1,8 g,1 tablespoon
7,133,8,1,,
7,522,9,1,,
7,551,10,1,900 g,
8,71,2,1,303 g,2 cups
8,625,3,1,960 ml,4 cups
8,409,4,1,180 ml,? cup
8,191,5,1,18 g,3 tablespoon
8,280,6,1,,1 small
8,42,7,1,,
8,512,8,1,6-mm,1 large
8,593,9,1,60 g,2 cups
8,522,10,1,,
9,511,1,1,,2 large
9,615,2,1,60 ml,? cup
9,399,3,1,,1 medium
9,280,4,1,,1 small
9,51,5,1,any color,1 large
9,597,6,1,,1 small
9,251,7,1,,1 teaspoon
9,209,8,1,,6 large
9,159,9,1,10 g,? cup
9,364,10,1,30 ml,2 tablespoon
9,412,11,1,,1 teaspoon
9,591,12,1,,1 teaspoon
10,615,1,1,30 ml,2 tablespoon
10,399,2,1,,1 medium
10,280,3,1,,1 small
10,514,4,1,,1 large
10,186,5,1,12-oz [336-g],2 cans
10,562,6,1,900 g,
10,387,7,1,8 g,1 tablespoon
10,253,8,1,6 g,2 teaspoon
10,400,9,1,,1 teaspoon
10,133,10,1,,
10,15,11,1,8 g,1 tablespoon
10,75,12,1,,
10,74,13,1,,
11,595,1,1,,
11,522,2,1,10 g,2 teaspoon
11,63,3,1,6 g,2 teaspoon
11,331,4,1,,2 medium
11,5,5,1,6 g,2 teaspoon
11,572,6,1,5 g,2 teaspoon
11,159,7,1,,? cup
11,260,8,1,1-inch [5-cm],
11,251,9,1,,10 cloves
11,411,10,1,,1 teaspoon
11,133,11,1,,
11,399,12,1,,1 medium
11,616,13,1,,
11,508,14,1,,
12,23,1,1,680 g,
12,399,2,1,,1 large
12,260,3,1,?-inch [13-mm],
12,251,4,1,,2 cloves
12,43,5,1,,
12,523,6,1,,
12,625,7,1,1.4 L,6 cups
12,280,8,1,,4 small
12,127,9,1,8 g,1 tablespoon
12,639,10,1,8 g,1 tablespoon
12,426,11,1,24 g,3 tablespoon
12,649,12,1,,
13,49,1,1,225 g,
13,526,2,1,,
13,399,3,1,,1 medium
13,625,4,1,480 ml,2 cups
13,82,5,1,225 g,
13,392,6,1,450 g,
13,191,7,1,6 g,1 tablespoon
13,42,8,1,,
13,411,9,1,8 g,1 tablespoon
13,127,10,1,8 g,1 tablespoon
13,593,11,1,90 g,3 cups
13,31,12,1,,
14,397,1,1,30 ml,2 tablespoon
14,591,2,1,,? teaspoon
14,202,3,1,,1 teaspoon
14,127,4,1,,? teaspoon
14,253,5,1,,? teaspoon
14,604,6,1,,
14,197,7,1,,
14,280,8,1,,1 small
14,505,9,1,,1 medium
14,399,10,1,,1 small
14,531,11,1,4-oz [112-g],1 can
14,33,12,1,,? cup
14,209,13,1,,4 large
14,522,14,1,,
15,3,2,1,,
15,655,3,1,,1 small
15,251,4,1,,2 cloves
15,399,5,1,,1 small
15,597,6,1,,1 large
15,397,7,1,60 ml,? cup
15,522,8,1,,
16,274,1,1,,4 large
16,411,2,1,8 g,1 tablespoon
16,522,3,1,,
16,618,4,1,,
17,171,2,1,450 g,
17,625,3,1,30 ml,2 tablespoon
17,634,4,1,,
17,522,5,1,,1 teaspoon
17,63,6,1,,? teaspoon
17,209,7,1,,2 large
17,251,8,1,,4 cloves
17,532,9,1,,
17,308,10,1,,1 small
17,415,11,1,6 g,2 tablespoon
17,10,12,1,63 g,? cup
17,618,13,1,,
17,615,14,1,30 ml,2 tablespoon
17,532,15,1,,
17,597,16,1,,2 medium
17,489,17,1,,1 medium
17,312,18,1,,1 small
17,625,19,1,120 ml,? cup
17,522,20,1,,
17,416,21,1,,
18,405,1,1,,4 large
18,187,2,1,170 g,1 cup
18,364,3,1,60 ml,4 tablespoon
18,522,4,1,,1 teaspoon
18,253,5,1,,1 teaspoon
18,260,6,1,,1 teaspoon
18,127,7,1,,1 teaspoon
18,532,8,1,,
18,109,9,1,45 ml,3 tablespoon
19,10,1,1,375 g,3 cups
19,26,2,1,,1 teaspoon
19,6,3,1,ehuru,? teaspoon
19,577,4,1,144 g,? cup
19,354,5,1,115 g,? cup
19,364,6,1,80 ml,
19,616,7,1,,
20,615,1,1,30 ml,2 tablespoon
20,399,2,1,,1 medium
20,39,3,1,450 g,
20,45,4,1,,
20,591,5,1,,1 teaspoon
20,625,6,1,320 ml,
20,520,7,1,,2 medium
20,121,8,1,,2 medium
20,10,9,1,16 g,2 tablespoon
20,523,10,1,,
20,10,11,1,1 kg,8 cups
20,26,12,1,8 g,2 teaspoon
20,522,13,1,,
20,172,14,1,450 g,
20,304,15,1,120 ml,? cup
20,209,16,1,,1 large
21,445,1,1,450 g,
21,591,2,1,,? teaspoon
21,517,3,1,,? teaspoon
21,127,4,1,,? teaspoon
21,63,5,1,,? teaspoon
21,522,6,1,,? teaspoon
21,38,7,1,,
21,10,8,1,42 g,
21,410,9,1,60 g,? cup
21,209,10,1,,2 large
21,287,11,1,,8 medium
21,616,12,1,,
22,123,1,1,,2 large
22,291,2,1,,? large
22,290,3,1,,? large
22,597,4,1,,1 large
22,196,5,1,,1 medium
22,497,6,1,,1 large
22,296,7,1,14-oz [392-g],? can
22,578,8,1,15-oz [420-g],? can
22,287,9,1,,2 large
22,297,10,1,,
23,69,1,1,151 g,1 cup
23,625,2,1,60 ml,? cup
23,489,3,1,,1 medium
23,282,4,1,,1 small
23,399,5,1,,1 small
23,522,6,1,,
23,618,7,1,,
23,88,8,1,,
24,69,1,1,151 g,1 cup
24,399,2,1,76 g,? cup
24,489,3,1,,? large
24,282,4,1,,1 small
24,133,5,1,,
24,522,6,1,10 g,2 teaspoon
24,409,7,1,30 ml,2 tablespoon
24,615,8,1,60 ml,? cup
24,127,9,1,,1 teaspoon
24,191,10,1,12 g,2 tablespoon
24,287,11,1,,3 large
24,185,12,1,230 g,1 cup
25,409,1,1,180 ml,? cup
25,184,2,1,577 g,4 cups
25,399,3,1,,? large
25,282,4,1,,1 small
25,625,5,1,180 ml,? cup
25,652,6,1,170 g,1 cup
25,522,7,1,10 g,2 teaspoon
25,147,8,1,,
25,344,9,1,120 g,4 cups
25,30,10,1,see note,6 large
26,647,1,1,,
26,10,2,1,16 g,2 tablespoon
26,625,3,1,30 ml,2 tablespoon
26,209,4,1,,1 large
26,523,5,1,,
26,616,6,1,,
26,428,7,1,,
27,408,1,1,?-oz [7-g],
27,575,2,1,192 g,1 cup
27,611,3,1,,1 teaspoon
27,389,4,1,,? teaspoon
27,522,5,1,,1 teaspoon
27,621,6,1,480 ml,2 cups
27,10,7,1,438 g,
27,616,8,1,,
27,576,9,1,,
28,475,1,1,224 g,
28,162,2,1,2- to 4-inch [6- to 10-cm],
28,621,3,1,960 ml,4 cups
28,118,4,1,,
28,404,5,1,110 g,? cup
29,145,1,1,1.1 kg,
29,526,2,1,,
29,99,3,1,42 g,3 tablespoon
29,399,4,1,,2 medium
29,109,5,1,60 ml,? cup
29,251,6,1,9 g,1 tablespoon
29,260,7,1,,1 teaspoon
29,412,8,1,4 g,? tablespoon
29,53,9,1,16 g,2 tablespoon
29,625,10,1,720 g,3 cups
29,598,11,1,10 g,1 tablespoon
29,559,12,1,,6 large
29,510,13,1,,
30,182,1,1,,1 teaspoon
30,119,2,1,,1 teaspoon
30,225,3,1,,1 teaspoon
30,411,4,1,24 g,3 tablespoon
30,127,5,1,8 g,1 tablespoon
30,197,6,1,6 g,2 teaspoon
30,604,7,1,,1 teaspoon
30,65,8,1,,1 teaspoon
30,16,10,1,,? teaspoon
30,261,11,1,,? teaspoon
30,160,12,1,,? teaspoon
30,522,13,1,,1 teaspoon
30,397,14,1,30 ml,2 tablespoon
30,399,15,1,,1 large
30,53,16,1,24 g,3 tablespoon
30,597,17,1,,4 large
30,598,18,1,10 g,1 tablespoon
30,260,19,1,,? teaspoon
30,202,20,1,,1 teaspoon
30,496,22,1,302 g,
30,166,23,1,480 ml,2 cups
30,525,24,1,,
30,24,25,1,,
31,11,1,1,500 g,4 cups
31,522,2,1,,1 teaspoon
31,616,3,1,60 ml,4 tablespoon
31,621,4,1,360 ml,
31,39,5,1,450 g,
31,420,6,1,150 g,1 cup
31,638,7,1,,1 small
31,251,8,1,,5 cloves
31,260,9,1,6 g,2 teaspoon
31,309,10,1,,1 medium
31,604,11,1,,1 teaspoon
31,197,12,1,,1 teaspoon
31,180,13,1,,1 teaspoon
31,116,14,1,,? teaspoon
31,160,15,1,,? teaspoon
31,526,16,1,,
31,616,17,1,,
32,137,1,1,900 g,
32,317,2,1,,
32,251,3,1,,1 teaspoon
32,591,4,1,,1 teaspoon
32,63,5,1,,1 teaspoon
32,411,6,1,4 g,2 teaspoon
32,523,7,1,10 g,2 teaspoon
32,133,8,1,,
32,109,9,1,60 ml,? cup
32,409,10,1,60 ml,? cup
32,251,11,1,,4 cloves
32,399,12,1,,2 medium
32,282,13,1,,1 small
32,597,14,1,,2 large
32,134,15,1,480 ml,2 cups
32,639,16,1,,1 teaspoon
32,106,17,1,338 g,
32,625,18,1,120 ml,? cup
32,395,19,1,,
32,508,20,1,,
33,615,1,1,240 ml,1 cup
33,399,2,1,,1 large
33,251,3,1,,4 cloves
33,260,4,1,6 g,2 teaspoon
33,411,5,1,,? teaspoon
33,197,6,1,,1 teaspoon
33,116,7,1,,? teaspoon
33,202,8,1,,? teaspoon
33,597,9,1,,2 medium
33,659,10,1,,4 medium
33,34,11,1,422 g,2 cups
33,134,12,1,960 ml,4 cups
33,162,13,1,2- to 4-inch [6- to 10-cm],
33,570,14,1,,? teaspoon
33,35,15,1,,
33,525,16,1,,
33,320,17,1,,
34,285,1,1,1-lb [450-g],
34,202,2,1,8 g,1 tablespoon
34,523,3,1,,1 teaspoon
34,64,4,1,,1 teaspoon
34,110,5,1,15 ml,1 tablespoon
34,399,6,1,,1 medium
34,51,7,1,any color,2 medium
34,260,8,1,6 g,2 teaspoon
34,251,9,1,,3 cloves
34,597,10,1,,2 large
34,333,11,1,30 ml,2 tablespoon
34,166,12,1,240 ml,1 cup
34,97,13,1,,1 small
34,337,14,1,,
35,615,1,1,30 ml,2 tablespoon
35,399,2,1,,1 large
35,251,3,1,,4 cloves
35,270,4,1,,1 large
35,120,5,1,,2 large
35,597,6,1,,2 large
35,659,7,1,,6 medium
35,269,8,1,,1 large
35,166,9,1,14-oz [420-ml],1 can
35,625,10,1,960 ml,4 cups
35,525,11,1,,
35,25,12,1,,1 large
36,597,1,1,,2 large
36,497,2,1,,? large
36,310,3,1,,2 large
36,196,4,1,,1 medium
36,251,5,1,,2 cloves
36,318,6,1,,
36,159,7,1,20 g,? cup
36,525,8,1,,
37,239,1,1,65 g,? cup
37,183,2,1,11 g,1 tablespoon
37,260,3,1,,1 teaspoon
37,197,4,1,6 g,2 teaspoon
37,429,5,1,,1 teaspoon
37,522,6,1,,
37,159,7,1,20 g,? cup
37,625,8,1,80 ml,
37,519,9,1,,2 large
37,616,10,1,,
37,320,11,1,,
38,522,1,1,,1 teaspoon
38,577,2,1,,1 teaspoon
38,616,3,1,30 ml,2 tablespoon
38,622,4,1,360 ml,
38,10,5,1,375 g,3 cups
39,588,1,1,33 g,? cup
39,10,2,1,94 g,? cup
39,625,3,1,240 ml,1 cup
39,522,4,1,,? teaspoon
39,616,5,1,,
40,223,1,1,165 g,2 cups
40,333,2,1,120 ml,? cup
40,340,3,1,30 ml,2 tablespoon
40,550,4,1,180 ml,? cup
40,625,5,1,480 ml,2 cups
40,371,6,1,120 ml,? cup
40,369,7,1,,
40,303,8,1,,
41,315,1,1,422 g,2 cups
41,165,2,1,240 ml,1 cup
41,476,3,1,14 g,3 tablespoon
41,522,4,1,,1 teaspoon
41,170,5,1,192 g,1 cup
41,118,6,1,,1 teaspoon
41,389,7,1,,1 teaspoon
41,18,8,1,,? teaspoon
41,1,9,1,,1 teaspoon
41,166,10,1,14-oz [420-ml],1 can
41,611,11,1,,? teaspoon
41,95,12,1,108 g,? cup
42,621,1,1,60 ml,? cup
42,165,2,1,120 ml,? cup
42,577,3,1,144 g,? cup
42,1,4,1,6 g,2 teaspoon
42,209,5,1,,1 large
42,10,6,1,375 g,3 cups
42,522,7,1,,1 teaspoon
42,119,8,1,,1 teaspoon
42,389,9,1,,? teaspoon
42,160,10,1,,? teaspoon
42,169,11,1,19 g,4 tablespoon
42,616,12,1,,
42,576,13,1,,
43,314,1,1,,2 large
43,251,2,1,,5 cloves
43,227,3,1,15-oz [420-g],1 can
43,411,4,1,16 g,2 tablespoon
43,309,5,1,,2 medium
43,280,6,1,,1 small
43,397,7,1,90 ml,6 tablespoon
43,197,8,1,,
43,180,9,1,,
43,501,10,1,,
43,253,11,1,8 g,1 tablespoon
43,412,12,1,8 g,1 tablespoon
43,197,13,1,4 g,? tablespoon
43,160,14,1,,1 teaspoon
43,522,15,1,8 g,
43,63,16,1,,1 teaspoon
43,142,17,1,2.3 kg,
43,288,18,1,300 ml,
44,220,1,1,45 ml,3 tablespoon
44,399,2,1,,1 medium
44,489,3,1,,1 large
44,280,4,1,,1 small
44,251,5,1,,3 cloves
44,411,6,1,12 g,
44,197,7,1,8 g,1 tablespoon
44,599,8,1,28-oz [784-g],1 can
44,526,9,1,,
44,96,10,1,,1 large
44,415,11,1,10 g,3 tablespoon
44,209,12,1,,6 large
44,88,13,1,,
45,39,1,1,450 g,
45,569,2,1,,
45,209,3,1,,1 large
45,197,4,1,,1 teaspoon
45,412,5,1,,1 teaspoon
45,160,6,1,,1 teaspoon
45,116,7,1,,? teaspoon
45,180,8,1,,1 teaspoon
45,522,9,1,,1 teaspoon
45,63,10,1,,? teaspoon
45,398,11,1,,
45,397,12,1,30 ml,2 tablespoon
45,251,13,1,,1 clove
45,399,14,1,,1 large
45,263,15,1,6 g,2 teaspoon
45,162,17,1,2- to 4-inch [6- to 10-cm],
45,95,18,1,,1 teaspoon
45,597,19,1,14-oz [392-g],1 can
45,201,20,1,19 g,2 tablespoon
45,134,21,1,240 ml,1 cup
45,526,22,1,,
46,116,1,1,,1 teaspoon
46,197,2,1,,1 teaspoon
46,261,3,1,,? teaspoon
46,160,4,1,,? teaspoon
46,63,5,1,,? teaspoon
46,522,6,1,,1 teaspoon
46,398,7,1,,
46,329,8,1,900 g,
46,251,9,1,,3 cloves
46,616,10,1,,
46,159,11,1,,? cup
46,189,12,1,,
47,397,1,1,60 ml,4 tablespoon
47,638,2,1,,1 large
47,199,3,1,8 g,3 teaspoon
47,411,4,1,6 g,2 teaspoon
47,501,5,1,2 g,2 teaspoon
47,159,6,1,20 g,? cup
47,251,7,1,,2 cloves
47,597,8,1,161 g,1 cup
47,150,9,1,16-oz [448-g],3 cans
47,626,10,1,,
47,522,11,1,30 g,2 tablespoon
47,7,12,1,,
47,288,13,1,,
48,399,1,1,,1 large
48,120,2,1,,3 medium
48,514,3,1,,2 large
48,251,4,1,,3 cloves
48,136,5,1,1 kg,
48,202,6,1,,1 teaspoon
48,153,7,1,16 g,2 tablespoon
48,180,8,1,,1 teaspoon
48,415,9,1,9 g,3 tablespoon
48,397,10,1,30 ml,2 tablespoon
48,625,11,1,240 ml,1 cup
48,661,12,1,450 g,
48,418,13,1,38 g,? cup
49,555,1,1,,
49,333,2,1,30 ml,2 tablespoon
49,604,3,1,16 g,2 tablespoon
49,197,4,1,8 g,1 tablespoon
49,180,5,1,4 g,? tablespoon
49,403,6,1,3 g,1 tablespoon
49,251,7,1,,4 cloves
49,522,8,1,,1 teaspoon
49,63,9,1,,1 teaspoon
49,397,10,1,30 ml,2 tablespoon
49,399,11,1,,1 small
49,604,13,1,8 g,1 tablespoon
49,197,14,1,,1 teaspoon
49,251,15,1,,1 clove
49,34,16,1,317 g,
49,134,17,1,360 ml,
49,625,18,1,240 ml,1 cup
49,276,20,1,,
50,397,1,1,30 ml,2 tablespoon
50,497,2,1,,1 medium
50,651,3,1,,1 large
50,402,4,1,,1 medium
50,671,5,1,,1 large
50,251,6,1,,3 cloves
50,148,7,1,240 ml,1 cup
50,418,8,1,300 g,2 cups
50,412,9,1,,1 teaspoon
50,197,10,1,,1 teaspoon
50,180,11,1,,1 teaspoon
50,604,12,1,,? teaspoon
50,160,13,1,,? teaspoon
50,188,14,1,270 g,
50,150,15,1,16-oz [448-g],1 can
50,190,16,1,50 g,? cup
50,663,17,1,,
50,431,18,1,161 g,
50,159,19,1,6 g,2 tablespoon
50,415,20,1,2 g,2 teaspoon
50,525,21,1,,
51,662,1,1,900 g,
51,526,2,1,,
51,410,3,1,30 g,? cup
51,253,4,1,,1 teaspoon
51,604,5,1,,1 teaspoon
51,197,6,1,,1 teaspoon
51,400,7,1,,1 teaspoon
51,415,8,1,9 g,3 tablespoon
51,209,9,1,,2 large
51,616,10,1,,
51,11,11,1,,
52,182,1,1,4 g,
52,199,2,1,,1 teaspoon
52,501,3,1,,1 teaspoon
52,412,4,1,,1 teaspoon
52,160,5,1,,1 teaspoon
52,116,6,1,,? teaspoon
52,261,7,1,,? teaspoon
52,604,8,1,,? teaspoon
52,660,9,1,900 g,
52,523,10,1,,
52,397,11,1,45 ml,3 tablespoon
52,474,12,1,12 g,
52,268,13,1,184 g,? cup
52,547,14,1,30 ml,2 tablespoon
52,368,15,1,20 g,? cup
52,415,16,1,20 g,? cup
52,663,17,1,,
53,10,1,1,250 g,2 cups
53,522,2,1,,1 teaspoon
53,364,3,1,180 ml,? cup
53,397,4,1,15 ml,1 tablespoon
54,251,1,1,,2 cloves
54,197,2,1,6 g,2 teaspoon
54,180,3,1,6 g,2 teaspoon
54,160,4,1,,? teaspoon
54,501,5,1,,1 teaspoon
54,411,6,1,,1 teaspoon
54,397,7,1,60 ml,? cup
54,522,8,1,10 g,2 teaspoon
54,211,9,1,,2 medium
54,509,10,1,,
55,490,1,1,,2 large
55,499,2,1,,1 large
55,4,3,1,170 g,1 cup
55,251,4,1,,4 cloves
55,333,5,1,180 ml,? cup
55,19,6,1,120 ml,? cup
55,664,7,1,,
55,411,8,1,8 g,1 tablespoon
55,403,9,1,2 g,
55,36,10,1,,
55,525,11,1,,
55,220,12,1,120 ml,? cup
55,81,13,1,1.1 to 1.4 kg,
55,522,14,1,10 g,2 teaspoon
55,63,15,1,6 g,2 teaspoon
55,253,16,1,6 g,2 teaspoon
55,427,17,1,240 to 480 ml,
56,3,1,1,,
56,615,2,1,360 ml,
56,333,3,1,60 ml,4 tablespoon
56,251,4,1,18 g,2 tablespoon
56,522,5,1,,1 teaspoon
56,411,6,1,,1 teaspoon
56,460,7,1,1.8 kg,
57,606,1,1,42 g,3 tablespoon
57,95,2,1,9 g,1 tablespoon
57,604,3,1,5 g,
57,299,4,1,,? teaspoon
57,315,5,1,422 g,2 cups
57,134,6,1,960 ml,4 cups
57,473,7,1,76 g,? cup
58,397,1,1,,1 teaspoon
58,78,2,1,,
58,324,3,1,,
58,427,4,1,,
58,195,5,1,,
58,175,6,1,,
58,549,7,1,40 g,? cup
59,109,1,1,120 ml,? cup
59,399,2,1,,1 medium
59,251,3,1,6 g,2 teaspoon
59,260,4,1,,1 teaspoon
59,162,5,1,2- to 4-inch [6- to 10-cm],
59,412,6,1,,1 teaspoon
59,118,7,1,,
59,202,8,1,24 g,3 tablespoon
59,523,9,1,,
59,597,10,1,,2 medium
59,86,11,1,450 g,
59,134,12,1,360 ml,
59,660,13,1,13-mm to 3-cm],2 medium
59,150,14,1,15-oz [420-g],1 can
59,89,15,1,,
60,284,1,1,450 g,
60,333,2,1,30 ml,2 tablespoon
60,251,3,1,,3 cloves
60,522,4,1,,1 teaspoon
60,63,5,1,,1 teaspoon
60,615,6,1,15 ml,1 tablespoon
60,638,7,1,,2 medium
60,597,8,1,,4 medium
60,311,9,1,,2 medium
60,396,10,1,75 g,? cup
60,36,11,1,,
60,409,12,1,60 ml,? cup
60,613,13,1,360 ml,
60,593,14,1,30 g,1 cup
61,397,1,1,30 ml,2 tablespoon
61,399,2,1,,2 medium
61,543,3,1,,2 medium
61,251,4,1,,4 cloves
61,613,5,1,960 ml,4 cups
61,427,6,1,45 ml,3 tablespoon
61,422,7,1,270 g,
61,598,8,1,20 g,2 tablespoon
61,127,9,1,,1 teaspoon
61,120,10,1,,2 medium
61,394,11,1,99 g,1 cup
61,593,12,1,60 g,2 cups
61,522,13,1,,
62,615,1,1,30 ml,2 tablespoon
62,399,2,1,,1 large
62,251,3,1,,2 cloves
62,261,4,1,,1 teaspoon
62,202,5,1,8 g,1 tablespoon
62,412,6,1,,1 teaspoon
62,597,7,1,,2 medium
62,659,8,1,450 g,2 cups
62,39,9,1,450 g,
62,523,10,1,,
62,419,11,1,150 g,1 cup
62,522,12,1,,1 teaspoon
62,577,13,1,36 g,3 tablespoon
62,346,14,1,480 ml,2 cups
62,408,15,1,?-oz [7-g],
62,108,16,1,360 g,4 cups
62,616,17,1,,
63,634,1,1,,
63,364,2,1,360 ml,
63,397,3,1,30 ml,2 tablespoon
63,399,4,1,,2 large
63,202,5,1,8 g,1 tablespoon
63,403,6,1,,1 teaspoon
63,197,7,1,,1 teaspoon
63,604,8,1,,1 teaspoon
63,251,9,1,,2 cloves
63,39,10,1,450 g,
63,352,11,1,80 g,? cup
63,22,12,1,20 g,1 tablespoon
63,663,13,1,,
63,598,14,1,,1 teaspoon
63,526,15,1,,
63,209,16,1,,2 large
63,36,17,1,,
64,615,1,1,15 to 30 ml,
64,399,2,1,,3 medium
64,597,3,1,,4 large
64,251,4,1,,? teaspoon
64,525,5,1,,
64,100,6,1,,
64,634,7,1,,
64,278,8,1,,
64,313,9,1,12-oz [336-g],
65,10,1,1,250 g,2 cups
65,523,2,1,,? teaspoon
65,625,3,1,120 ml,? cup
65,616,4,1,240 ml,1 cup
65,39,5,1,450 g,
65,64,6,1,,
65,251,7,1,,2 cloves
65,260,8,1,,? teaspoon
65,543,9,1,,3 small
65,497,10,1,,? medium
65,209,11,1,,6 large
66,580,1,1,450 g,
66,77,2,1,,
66,10,3,1,125 g,1 cup
66,209,4,1,,1 large
66,99,5,1,58 g,? cup
66,522,6,1,,
66,616,7,1,,
67,10,1,1,125 g,1 cup
67,29,2,1,,1 teaspoon
67,522,3,1,,? teaspoon
67,209,4,1,,2 large
67,665,5,1,,
67,575,6,1,144 g,? cup
67,516,7,1,14 g,1 tablespoon
67,22,8,1,80 g,4 tablespoon
67,206,9,1,,1 teaspoon
67,364,10,1,180 ml,? cup
67,217,11,1,240 ml,1 cup
67,99,12,1,112 g,8 tablespoon
67,95,13,1,36 g,? cup
67,611,14,1,8 ml,
68,618,1,1,,
69,327,1,1,,
70,197,1,1,,
71,399,1,1,,
72,214,1,1,,
73,625,1,1,,
74,580,1,1,,
75,522,1,1,,
76,397,1,1,,
77,615,1,1,,
78,99,1,1,,
79,615,1,1,,
80,397,1,1,,
81,461,1,1,,
82,621,1,1,,
83,491,1,1,,
84,397,1,1,,
85,640,1,1,,
86,160,1,1,,
87,397,1,1,,
88,423,1,1,,
89,625,1,1,,
90,107,1,1,,
91,613,1,1,,
92,211,1,1,,
93,493,1,1,,
94,399,1,1,,
95,346,1,1,,
96,10,1,1,,
97,99,1,1,,
98,563,1,1,,
99,397,1,1,,
100,421,1,1,,
101,386,1,1,,
102,640,1,1,,
103,398,1,1,,
104,142,1,1,,
105,14,1,1,,
106,620,1,1,,
107,150,1,1,,
108,641,1,1,,
109,151,1,1,,
110,84,1,1,,
111,615,1,1,,
112,361,1,1,,
113,397,1,1,,
114,397,1,1,,
115,615,1,1,,
116,364,1,1,,
117,658,1,1,,
118,615,1,1,,
119,333,1,1,,
120,462,1,1,,
121,397,1,1,,
122,178,1,1,,
123,613,1,1,,
124,637,1,1,,
125,222,1,1,,
126,343,1,1,,
127,500,1,1,,2 large
127,581,2,1,,
127,498,3,1,,
127,132,4,1,,
127,289,5,1,,1 tablespoon
127,397,6,1,,1 tablespoon
127,538,7,1,,
128,440,1,1,,
128,497,2,1,,
128,163,3,1,,
128,251,4,1,,
128,494,5,1,,
128,492,6,1,,
128,614,7,1,,
128,397,8,1,,2 tablespoon
128,399,9,1,,
128,565,10,1,,
128,132,11,1,,
129,68,1,1,,
129,552,2,1,,
129,236,3,1,,
129,399,4,1,,1 large
129,251,5,1,,
129,163,6,1,,
129,154,7,1,,1 teaspoon
129,596,8,1,,
129,600,9,1,,2 tablespoon
129,46,10,1,,
129,564,11,1,,
129,534,12,1,,
129,511,13,1,,
129,524,14,1,,
130,102,1,1,,
130,231,2,1,,
130,635,3,1,,
130,241,4,1,,4 large
130,397,5,1,,1 tablespoon
130,328,6,1,,
130,399,7,1,,
130,35,8,1,,
130,251,9,1,,
130,349,10,1,,2 tablespoon
130,233,11,1,,
130,645,12,1,,2 tablespoon
130,352,13,1,,2 tablespoon
130,473,14,1,,
130,20,15,1,,
130,158,16,1,,1 tablespoon
131,138,1,1,,
131,399,2,1,,
131,120,3,1,,
131,129,4,1,,
131,255,5,1,,
131,182,6,1,,2 tablespoon
131,199,7,1,,1 tablespoon
131,162,8,1,,
131,118,9,1,,
131,537,11,1,,
131,66,12,1,,1 tablespoon
132,397,1,1,,3 tablespoon
132,399,2,1,,4 large
132,87,3,1,,
132,179,4,1,,
132,251,5,1,,
132,474,6,1,,1 teaspoon
132,604,7,1,,
132,261,8,1,,
132,62,9,1,,1/8 teaspoon
132,230,10,1,,
132,518,11,1,,2 tablespoon
132,161,12,1,,2 teaspoon
132,72,13,1,,
132,546,14,1,,
132,125,15,1,,2 tablespoon
132,606,16,1,,
132,241,17,1,,5 large
132,226,18,1,,
132,338,19,1,,
132,244,20,1,,
132,305,21,1,,
132,522,22,1,,
133,399,1,1,,
133,251,2,1,,
133,260,3,1,,
133,205,4,1,,2 tablespoon
133,504,5,1,,2 tablespoon
133,335,6,1,,
133,534,7,1,,
133,527,8,1,,
133,146,9,1,,
134,60,1,1,,
134,399,2,1,,
134,213,3,1,,
134,639,4,1,,
134,617,5,1,,
134,612,6,1,,
134,243,7,1,,
135,522,1,1,,
135,182,2,1,,1 teaspoon
135,224,3,1,,1 teaspoon
135,571,4,1,,
135,574,5,1,,1 tablespoon
135,443,6,1,,
136,261,1,1,,
136,252,2,1,,
136,155,3,1,,
136,591,4,1,,
136,160,5,1,,
136,389,6,1,,
136,180,7,1,,
136,522,8,1,,1 tablespoon
136,62,9,1,,1 tablespoon
137,615,1,1,,3 tablespoon
137,93,2,1,,
137,251,3,1,,
137,536,4,1,,
137,600,5,1,,4 tablespoon
137,15,6,1,,1 tablespoon
137,437,7,1,,
137,613,8,1,such as Maggi stock cubes,
137,36,9,1,,
137,34,10,1,,
137,432,11,1,,
137,529,12,1,,
138,548,1,1,approximately 1kg/2lb 4oz,
139,435,1,1,,
139,55,2,1,,
139,22,3,1,,2 tablespoon
139,241,4,1,,
139,339,5,1,,
139,125,6,1,,
139,234,7,1,preferably full-fat,
139,101,8,1,,
139,642,9,1,,1 tablespoon
140,503,1,1,,
140,93,2,1,,
140,251,3,1,,
140,163,4,1,,
140,257,5,1,,
141,579,1,1,,1 tablespoon
141,300,2,1,,1 tablespoon
141,252,3,1,,2 teaspoon
141,401,4,1,,2 teaspoon
141,403,5,1,,1 teaspoon
141,237,6,1,,2 teaspoon
141,180,7,1,,2 teaspoon
141,125,8,1,,1 teaspoon
141,292,9,1,optional,
142,236,1,1,,
142,497,2,1,,
142,251,3,1,,
142,590,4,1,,
142,229,5,1,,
142,21,6,1,,
142,644,7,1,,2 tablespoon
142,645,8,1,,2 tablespoon
142,235,9,1,,
142,230,10,1,,
142,155,11,1,,
142,411,12,1,,1 teaspoon
142,524,13,1,,
143,540,1,1,,
143,116,2,1,,1 teaspoon
143,522,3,1,,
143,246,4,1,,
143,232,5,1,,
143,433,6,1,,
143,204,7,1,optional,
144,261,1,1,,2 tablespoon
144,160,2,1,,1 tablespoon
144,389,3,1,,1 tablespoon
144,127,4,1,,1 tablespoon
145,48,1,1,,
145,330,2,1,,
145,446,3,1,,
145,182,4,1,,2 tablespoon
145,16,5,1,,1 teaspoon
145,389,6,1,,
145,350,8,1,,2 tablespoon
145,545,9,1,approx. 320g/11??oz each,
145,156,10,1,,
145,242,11,1,,
145,524,12,1,,
146,411,1,1,,
146,127,2,1,,
146,262,3,1,,
146,253,4,1,,
146,62,5,1,,
146,401,6,1,,
146,604,7,1,,
146,219,8,1,,
146,605,9,1,also known as selim pepper ,
147,582,1,1,,
147,397,2,1,,3 tablespoon
147,355,3,1,,
147,251,4,1,,
147,200,5,1,,1 teaspoon
147,334,6,1,,1 tablespoon
147,241,7,1,,8 medium
147,181,8,1,,2 tablespoon
147,524,9,1,,
148,241,1,1,,
148,636,2,1,,
148,615,3,1,,2 tablespoon
148,439,4,1,,
148,497,5,1,,
148,98,6,1,,
148,271,7,1,,
148,130,8,1,,
148,524,9,1,,
148,353,10,1,,2 tablespoon
148,356,11,1,,2 tablespoon
149,83,1,1,,
149,399,2,1,,1 large
149,535,3,1,,
149,592,4,1,,1 tablespoon
149,192,5,1,available from online specialists,2 tablespoon
149,279,6,1,also known as grains of paradise,
150,632,1,1,,
150,13,2,1,,1 cup
150,325,3,1,,2 teaspoon
150,624,4,1,,
150,112,5,1,,2 tablespoon
150,390,6,1,,1 tablespoon
151,113,1,1,,3 tablespoon
152,52,1,1,,2 tablespoon
152,625,2,1,,2 cup
153,109,1,1,,2 tablespoon
153,54,2,1,,1 tablespoon
153,325,3,1,,1 teaspoon
153,567,4,1,,2 tablespoon
154,607,1,1,,5 tablespoon
154,260,2,1,,2 tablespoon
154,52,3,1,,3 tablespoon
154,325,4,1,,1 teaspoon
154,625,5,1,,1 cup
155,173,1,1,,3 cup
156,10,1,1,,3 cup
156,631,2,1,,1 cup
156,28,3,1,,1 teaspoon
156,575,4,1,,2 tablespoon
156,366,5,1,,
156,109,6,1,,4 tablespoon
157,633,1,1,,1 cup
157,1,2,1,,1 teaspoon
157,621,3,1,,5 cup
157,575,4,1,,3 tablespoon
157,27,5,1,,2 teaspoon
157,326,6,1,,1 teaspoon
157,10,7,1,,4 cup
157,606,8,1,,1 teaspoon
158,220,1,1,,3 tablespoon
158,448,2,1,,
158,646,3,1,,3 tablespoon
158,325,4,1,,1 teaspoon
158,598,5,1,,2 tablespoon
159,67,1,1,,1 teaspoon
159,173,2,1,,2 cup
159,575,3,1,,3 tablespoon
159,365,4,1,,2 cup
159,174,2,1,,2 cup
160,325,1,1,,1 tablespoon
160,76,2,1,,1 cup
160,567,3,1,,3 tablespoon
161,456,1,1,,
161,608,2,1,,2 tablespoon
162,114,1,1,,2 tablespoon
162,197,2,1,,1 teaspoon
162,453,3,1,,
162,567,4,1,,2 tablespoon
163,625,1,1,,1 cup
163,575,2,1,,
163,116,3,1,,1 teaspoon
163,26,4,1,,1 teaspoon
163,12,5,1,,1 cup
163,104,6,1,,1 cup
163,542,7,1,,1 cup
163,609,8,1,,1 cup
164,606,1,1,,3 tablespoon
164,567,2,1,,2 tablespoon
165,111,1,1,,3 tablespoon
165,249,2,1,,1 cup
166,449,1,1,,
166,325,2,1,,1 tablespoon
166,630,3,1,,6 cup
166,259,4,1,,3 tablespoon
167,452,1,1,,
167,202,2,1,,1 teaspoon
167,248,3,1,,2 cup
167,629,4,1,,1 cup
168,627,1,1,,5 cup
168,643,2,1,,1 cup
168,325,3,1,,2 teaspoon
169,458,1,1,,
169,434,2,1,page 185,1 cup
169,606,3,1,,4 tablespoon
170,575,1,1,,
170,470,2,1,,2 teaspoon
170,10,3,1,,
171,115,1,1,,1 tablespoon
171,454,2,1,,
171,325,3,1,,1 teaspoon
171,584,4,1,,3 tablespoon
171,339,5,1,,2 tablespoon
172,544,1,1,,4 cup
173,627,1,1,,
173,325,2,1,,1 teaspoon
173,221,3,1,,3 tablespoon
174,568,1,1,,3 tablespoon
174,260,2,1,,1 teaspoon
175,450,1,1,,
175,260,2,1,,2 tablespoon
175,325,3,1,,1 teaspoon
175,168,4,1,,2 tablespoon
176,457,1,1,,
176,325,2,1,,1 teaspoon
176,10,3,1,,2 cup
177,455,1,1,,
177,628,2,1,,3 cup
177,575,3,1,,2 tablespoon
178,623,1,1,,
178,2,2,1,,1 teaspoon
178,575,3,1,,3 tablespoon
178,124,4,1,,1 cup
179,109,1,1,,3 tablespoon
179,604,2,1,,2 teaspoon
179,247,3,1,,1 cup
180,451,1,1,,
180,109,2,1,,3 tablespoon
180,604,3,1,,1 teaspoon
181,575,1,1,,2 cup
181,258,2,1,,1 cup
181,117,3,1,,1 teaspoon
214,316,1,1,,
226,141,1,1,,
226,260,2,1,,2 tablespoon
226,122,3,1,,2 medium
226,561,4,1,,
226,94,5,1,,2 tablespoon
226,522,6,1,,1 teaspoon
226,639,7,1,,1/2 teaspoon
226,586,8,1,,3 tablespoon
226,625,9,1,,
226,566,10,1,,
226,286,11,1,,
227,228,1,1,,
227,294,2,1,,
227,356,3,1,,2 tablespoon
227,209,4,1,,
227,382,5,1,,4 tablespoon
227,522,6,1,,1 teaspoon
227,412,7,1,,1/2 teaspoon
227,425,8,1,,1/4 teaspoon
227,90,9,1,,1 1/2 cups
227,412,11,1,,1 1/4 teaspoon
227,425,12,1,,1/2 teaspoon
228,143,1,1,,
228,522,2,1,,1 teaspoon
228,390,3,1,,3 tablespoon
228,598,4,1,,1 tablespoon
228,384,5,1,,
228,625,6,1,,
228,399,7,1,,1/2 medium
228,251,8,1,,3 cloves
228,273,9,1,,1 medium
228,120,10,1,,
229,359,1,1,,8 medium
229,177,2,1,,
229,522,3,1,,1 teaspoon
229,591,4,1,,1 1/2 teaspoon
229,251,5,1,,3 cloves
229,377,6,1,,
230,139,1,1,,
230,390,2,1,,3 tablespoon
230,399,3,1,,1 medium
230,251,4,1,,3 teaspoon
230,260,5,1,,2 teaspoon
230,482,6,1,,? teaspoon
230,488,7,1,,? teaspoon
230,481,8,1,,? teaspoon
230,477,9,1,,? teaspoon
230,522,10,1,,
230,597,11,1,,3 large
230,301,12,1,,
230,134,13,1,,
230,9,14,1,,1 tablespoon
230,560,15,1,,
231,573,1,1,,
231,522,2,1,,1 1/2 teaspoon
231,62,3,1,,3/4 teaspoon
231,373,4,1,,
231,209,5,1,,
231,399,6,1,,1 small
231,33,7,1,,2 teaspoon
231,251,8,1,,2 teaspoon
231,298,9,1,,
231,131,10,1,,
231,466,11,1,,
231,390,12,1,,3 tablespoon
231,566,13,1,optional,
232,266,1,1,,1 1/2 cups
232,8,2,1,plain flour,1 1/4 cups
232,577,3,1,,1/2 cup
232,522,4,1,,1/2 teaspoon
232,26,5,1,,1 teaspoon
232,560,6,1,,1 cup
232,209,7,1,,
232,390,8,1,,5 tablespoon
233,424,1,1,,
233,441,2,1,,
233,585,3,1,,5 tablespoon
233,251,4,1,,2 large
233,399,5,1,,1 medium
233,467,6,1,,
233,522,7,1,,1 1/2 teaspoon
233,62,8,1,,3/4 teaspoon
233,598,9,1,,3 tablespoon
234,442,1,1,,
234,522,2,1,,1 teaspoon
234,390,3,1,,3 tablespoon
234,251,4,1,,2 teaspoon
234,479,5,1,,3 teaspoon
235,573,1,1,,
235,73,2,1,,
235,399,3,1,,1 large
235,251,4,1,,3 teaspoon
235,120,5,1,,2 large
235,164,6,1,,
235,464,7,1,,
235,469,8,1,,
235,597,9,1,,4 large
235,379,10,1,,
235,522,11,1,,1 teaspoon
235,391,12,1,,
235,625,13,1,,
236,553,1,1,,
236,483,2,1,,2 tablespoon
236,251,3,1,,2 tablespoon
236,415,4,1,,3 teaspoon
236,522,5,1,,2 teaspoon
236,390,6,1,,4 tablespoon
236,334,7,1,,
237,145,1,1,,
237,522,2,1,,1 3/4 teaspoon
237,400,3,1,,1 teaspoon
237,591,4,1,,1/2 teaspoon
237,412,5,1,,1 1/2 teaspoon
237,372,6,1,,
237,390,7,1,,3 tablespoon
238,91,1,1,,3 cups
238,266,2,1,mapfunde,1 cup
238,26,3,1,,2 teaspoon
238,126,4,1,,1 cup
238,390,5,1,,1/2 cup
238,364,6,1,,1 1/4 cup
238,209,7,1,,
238,610,8,1,,1 teaspoon
238,160,9,1,,1 teaspoon
239,399,1,1,,1 medium
239,177,2,1,,3 tablespoon
239,484,3,1,,1 teaspoon
239,485,4,1,,1 teaspoon
239,488,5,1,,1/4 teaspoon
239,522,6,1,,1 1/4 teaspoon
239,251,7,1,,1 teaspoon
239,508,8,1,,3 cups
239,76,9,1,,6 cups
240,406,1,1,,
240,334,2,1,,1 tablespoon
240,540,3,1,,3 cups
240,26,4,1,,1 1/2 teaspoon
240,480,5,1,,1 teaspoon
240,126,6,1,,3/4 cup
240,522,7,1,,
240,390,8,1,,1/2 cup
240,363,9,1,,4 tablespoon
240,560,10,1,,1 cup
241,264,1,1,Pearl Millet,
241,515,2,1,,
241,76,3,1,,
242,573,1,1,,
242,522,2,1,,3/4 teaspoon
242,360,3,1,,3/4 teaspoon
242,412,4,1,,3/4 teaspoon
242,399,5,1,,1 medium
242,597,6,1,,2 large
242,251,7,1,,3 cloves
242,129,8,1,,
242,120,9,1,,3 medium
242,469,10,1,,
242,384,11,1,,
242,598,12,1,,1 tablespoon
242,625,13,1,,
242,194,14,1,,1/2 tablespoon
242,391,15,1,,4 tablespoon
243,447,1,1,,8 large
243,216,2,1,,
243,522,3,1,,1 teaspoon
243,487,4,1,,2 tablespoon
243,425,5,1,,1 teaspoon
243,103,6,1,,1 tablespoon
243,362,7,1,,1/2 cup
244,266,1,1,,1 cup
244,515,2,1,,
244,341,3,1,,
244,522,4,1,,1/2 teaspoon
245,176,1,1,,
245,484,2,1,,1 teaspoon
245,477,3,1,,1/2 teaspoon
245,399,4,1,,1 medium
245,120,5,1,,2 large
245,209,6,1,,4 large
245,522,7,1,,1 1/2 teaspoon
245,273,8,1,,1 medium
245,502,9,1,,1 small
245,561,10,1,,
245,391,11,1,,3 tablespoon
245,251,12,1,,
246,554,1,1,,8 medium
246,390,2,1,,4 tablespoon
246,485,3,1,,1 teaspoon
246,486,4,1,,4 teaspoon
246,522,5,1,,1 teaspoon
247,91,1,1,,3 cups
247,264,2,1,Pearl Millet,1 cup
247,346,3,1,,
247,390,4,1,,4 tablespoon
247,95,5,1,,3 tablespoon
247,307,6,1,,
247,522,7,1,,1 teaspoon
248,342,1,1,,3 cups
248,502,2,1,,1/2 small
248,251,3,1,,2 teaspoon
248,399,4,1,,1/2 medium
248,120,5,1,,1 small
248,465,6,1,,
248,468,7,1,,
248,134,8,1,,5 1/2 cups
248,522,9,1,,1 teaspoon
248,484,10,1,,1 teaspoon
248,488,11,1,,1/2 teaspoon
248,478,12,1,,1/4 teaspoon
248,390,13,1,,3 tablespoon
249,265,1,1,traditional brown rice,3 cups
249,625,2,1,,7 cups
249,522,3,1,,1 teaspoon
250,323,1,1,,
250,399,2,1,,1/2 medium
250,597,3,1,,2 large
250,435,4,1,all purpose,3/4 cup
250,483,5,1,,1 teaspoon
250,488,6,1,,1 teaspoon
250,522,7,1,,2 teaspoon
250,484,8,1,,1 teaspoon
250,177,9,1,,
250,251,10,1,,1 teaspoon
250,209,11,1,,
250,598,12,1,,1 tablespoon
250,383,13,1,,
250,625,14,1,,
251,126,1,1,,? cup
251,540,2,1,,
251,267,3,1,Finger Millet,? cup
251,203,4,1,,? cup
251,522,5,1,,? teaspoon
251,473,6,1,,? cup
251,293,7,1,,
251,367,8,1,,1 cup
251,210,9,1,,
251,610,10,1,,1 teaspoon
252,583,1,1,,
252,522,2,1,,2 teaspoon
252,251,3,1,,3 teaspoon
252,378,4,1,,
252,376,5,1,,
252,381,6,1,,
253,265,1,1,,
253,173,2,1,,
253,76,3,1,,
254,444,1,1,,
254,390,2,1,,2 tablespoon
254,253,3,1,,1 teaspoon
254,412,4,1,,1 teaspoon
254,400,5,1,,1/2 teaspoon
254,591,6,1,,1/2 teaspoon
254,32,7,1,,1/2 teaspoon
254,522,8,1,,1 teaspoon
254,62,9,1,,1/2 teaspoon
254,380,10,1,,3 tablespoon
254,378,11,1,,1 tablespoon
254,251,12,1,,4 cloves
254,577,13,1,,4 tablespoon
254,625,14,1,,4 tablespoon
254,390,15,1,,1 tablespoon
255,145,1,1,,
255,669,2,1,,1 1/2 teaspoon
255,251,3,1,,3 teaspoon
255,522,4,1,,1 teaspoon
255,336,5,1,,1 tablespoon
255,390,6,1,,3 tablespoon
256,521,1,1,Pearl Millet Sadza,
256,47,2,1,,
256,522,3,1,,1 teaspoon
256,62,4,1,,3/4 teaspoon
256,390,5,1,,2 tablespoon
256,372,6,1,,
257,145,1,1,,
257,207,2,1,,
257,375,3,1,,
257,105,4,1,,1 large
257,399,5,1,,1 large
257,463,6,1,,
257,273,7,1,,1 large
257,502,8,1,,1 large
257,522,9,1,,
257,251,10,1,,3 teaspoon
257,390,11,1,,3 tablespoon
258,466,1,1,,
258,251,2,1,,1 teaspoon
258,522,3,1,,1 teaspoon
258,667,4,1,,1 teaspoon
258,399,5,1,,1 medium
258,597,6,1,,3 large
258,625,7,1,,
258,374,8,1,,3 tablespoon
258,390,9,1,,5 tablespoon
259,385,1,1,,
259,522,2,1,,2 teaspoon
259,625,3,1,,
259,399,4,1,,1 medium
259,597,5,1,,3 large
259,295,6,1,,
259,390,7,1,,3 tablespoon
260,594,1,1,,
260,668,2,1,,4 tablespoon
260,670,3,1,,1 teaspoon
260,399,4,1,,? medium
260,251,5,1,,1 tablespoon
260,260,6,1,,1 tablespoon
260,95,7,1,,1 tablespoon
260,654,8,1,,
260,502,9,1,,
260,273,10,1,,
260,625,11,1,,
260,167,12,1,,
260,417,13,1,optional,
260,390,14,1,,4 tablespoon
261,472,1,1,,
261,522,2,1,,1 teaspoon
261,254,3,1,,
261,302,4,1,,
261,372,5,1,,
261,376,6,1,,
262,354,1,1,at room temperature,
262,125,2,1,,
262,364,3,1,,
262,209,4,1,,2 large
262,539,5,1,,2 cups
262,666,6,1,,2 tablespoon
262,664,7,1,,
262,376,8,1,,
262,332,9,1,,1 teaspoon
263,407,1,1,,
263,273,2,1,,
263,497,3,1,,
263,597,4,1,,
263,598,5,1,,1 tablespoon
263,251,6,1,,4 cloves
263,615,7,1,,2 1/2 tablespoons
263,619,8,1,,1/2 cup
263,561,9,1,,2 tablespoons
263,57,10,1,,1 tablespoon
263,528,11,1,,
263,152,12,1,,
264,370,1,1,,
264,522,2,1,,1/2 teaspoon
264,597,3,1,,2 medium
264,399,4,1,,1 medium
264,251,5,1,,2 cloves
264,615,6,1,,2 tablespoons
264,56,7,1,,1 tablespoon
264,411,8,1,,1 teaspoon
265,50,1,1,,
265,251,2,1,,4 cloves
265,63,3,1,,2 teaspoons
265,253,4,1,,1 teaspoon
265,412,5,1,,2 teaspoons
265,615,6,1,,1/4 cup
265,134,7,1,,
265,399,8,1,,1 large
265,273,9,1,,1 large
265,597,10,1,,1 medium
265,598,11,1,,1 1/2 tablespoon
265,157,12,1,optional,
265,260,13,1,optional,1 tablespoon
266,393,1,1,,
266,557,2,1,,2 teaspoons
266,522,3,1,,1/2 teaspoon
266,513,4,1,,1 medium
266,79,5,1,Amaranth leaves,
266,625,6,1,,
267,80,1,1,,
267,399,2,1,,
267,597,3,1,,
267,506,4,1,,1 teaspoon
267,615,5,1,,2 tablespoons
268,322,1,1,,
268,597,2,1,,1 large
268,471,3,1,,1 large
268,273,4,1,,1 medium
268,153,5,1,Optional,1/4 teaspoon
268,522,6,1,,1/4 teaspoon
268,413,7,1,,1/4 teaspoon
268,615,8,1,,2 1/2 tablespoons
269,306,1,1,Garden Eggs,
269,502,2,1,,
269,273,3,1,,
269,497,4,1,,
269,397,5,1,,3 tablespoons
269,33,6,1,,
269,597,7,1,,
269,251,8,1,,2 cloves
269,412,9,1,,1/2 teaspoon
269,400,10,1,,1/2 teaspoon
269,238,11,1,,1 teaspoon
269,63,12,1,,1/4 teaspoon
269,587,13,1,optional,
270,319,1,1,,
270,597,2,1,,
270,399,3,1,,
270,275,4,1,,
270,251,5,1,,3 cloves
270,615,6,1,,4 tablespoons
270,598,7,1,,1 tablespoon
270,528,8,1,,
271,321,1,1,Sweet Potato leaves,
271,597,2,1,,1 medium
271,399,3,1,,1 medium
271,522,4,1,,1/2 teaspoon
271,615,5,1,,3 tablespoons
272,347,1,1,,
272,459,2,1,,1 1/2 cup
272,399,3,1,,
272,597,4,1,,
272,557,5,1,,2 1/2 teaspoons
272,522,6,1,,3/4 teaspoon
272,625,7,1,,
273,653,1,1,,
273,251,2,1,,3 cloves
273,497,3,1,,
273,272,4,1,,
273,513,5,1,,
273,273,6,1,,
273,397,7,1,,2 tablespoons
273,250,8,1,,1 1/2 teaspoons
273,601,9,1,,1 teaspoon
273,198,10,1,,1 teaspoon
273,260,11,1,,1 teaspoon
273,411,12,1,,1 teaspoon
273,522,13,1,,1 teaspoons
273,598,14,1,,2 teaspoons
273,179,15,1,,
273,495,16,1,optional,
274,357,1,1,,3 cups
274,341,2,1,,
274,173,3,1,,1 1/2 cups
275,393,1,1,,
275,558,2,1,,2 teaspoons
275,522,3,1,,1/2 teaspoon
275,513,4,1,,
275,497,5,1,optional,
275,625,6,1,,2 cups
276,530,1,1,,
276,95,2,1,,1 cup
276,522,3,1,,2 teaspoons
276,459,4,1,,2 cups
276,556,5,1,,3 tablespoons
276,625,6,1,,
277,580,1,1,,
277,459,2,1,,
277,522,3,1,,1 teaspoon
277,422,4,1,,2 cups
277,625,5,1,,
278,589,1,1,,
278,273,2,1,,1 large
278,497,3,1,,1 large
278,615,4,1,,2 tablespoons
278,597,5,1,,1 large
278,63,6,1,,1/4 teaspoon
278,522,7,1,,1/2 teaspoon
278,561,8,1,Optional,1 tablespoon
278,193,9,1,Optional,1 tablespoon
279,615,1,1,120.0 g,1/2 cup
279,672,2,1,1362.0 g,3 pounds
279,522,3,1,,
279,673,4,1,300.0 g,2 large
279,674,5,1,8.0 g,2 cloves
279,675,6,1,,1
279,676,7,1,450.0 g,3 large
279,677,8,1,,8
279,678,9,1,,4
279,504,10,1,480.0 g,2 cups
279,625,11,1,120.0 g,1/2 cup
279,679,12,1,120.0 g,1/2 cup
279,680,13,1,30.0 g,2 tablespoons
279,681,14,1,10.0 g,2 teaspoons
279,682,15,1,10.0 g,2 teaspoons
279,683,16,1,5.0 g,1 teaspoon
280,684,1,1,908.0 g,2 pounds
280,397,2,1,45.0 g,3 tablespoons
280,412,3,1,10.0 g,2 teaspoons
280,685,4,1,5.0 g,1 teaspoon
280,325,5,1,5.0 g,1 teaspoon
280,686,6,1,3.75 g,3/4 teaspoon
280,682,7,1,3.75 g,3/4 teaspoon
280,681,8,1,2.5 g,1/2 teaspoon
280,687,9,1,2.5 g,1/2 teaspoon
280,688,10,1,2.5 g,1/2 teaspoon
280,683,11,1,1.25 g,1/4 teaspoon
280,127,12,1,1.25 g,1/4 teaspoon
280,689,13,1,1.25 g,1/4 teaspoon
280,690,14,1,0.5 g,1 pinch
280,673,15,1,220.0 g,2 medium
280,691,16,1,,5
280,674,17,1,12.0 g,3 cloves
280,692,18,1,15.0 g,1 tablespoon
280,331,19,1,,1
280,693,20,1,411.08 g,1 can
280,694,21,1,15.0 g,1 tablespoon
280,695,22,1,15.0 g,1 tablespoon
280,696,23,1,15.0 g,1 tablespoon
280,697,24,1,15.0 g,1 tablespoon
281,681,1,1,6.25 g,1 1/4 teaspoons
281,688,2,1,2.5 g,1/2 teaspoon
281,689,3,1,1.25 g,1/4 teaspoon
281,698,4,1,0.62 g,1/8 teaspoon
281,687,5,1,2.5 g,1/2 teaspoon
281,682,6,1,1.25 g,1/4 teaspoon
281,699,7,1,1.25 g,1/4 teaspoon
281,397,8,1,15.0 g,1 tablespoon
281,497,9,1,,1
281,700,10,1,,1
281,701,11,1,,2
281,702,12,1,120.0 g,1/2 cup
281,325,13,1,5.0 g,1 teaspoon
281,703,14,1,,
281,704,15,1,411.08 g,1 can
281,705,16,1,360.0 g,1 1/2 cups
281,706,17,1,120.0 g,1/2 cup
281,707,18,1,360.0 g,1 1/2 cups
281,708,19,1,45.0 g,3 tablespoons
282,673,1,1,,2
282,674,2,1,8.0 g,2 cloves
282,709,3,1,5.0 g,1 teaspoon
282,625,4,1,1440.0 g,6 cups
282,710,5,1,240.0 g,1 cup
282,711,6,1,425.25 g,1 can
282,712,7,1,538.65 g,1 can
282,713,8,1,411.08 g,1 can
282,714,9,1,120.0 g,1/2 cup
282,715,10,1,120.0 g,1/2 cup
282,716,11,1,5.0 g,1 teaspoon
282,687,12,1,7.5 g,1 1/2 teaspoons
282,698,13,1,2.5 g,1/2 teaspoon
282,681,14,1,2.5 g,1/2 teaspoon
282,397,15,1,15.0 g,1 tablespoon
283,717,1,1,180.0 g,3/4 cup
283,718,2,1,681.0 g,1 1/2 pounds
283,522,3,1,,
283,423,4,1,120.0 g,1/2 cup
283,719,5,1,300.0 g,2 large
283,720,6,1,70.0 g,1 small
283,721,7,1,,2
283,722,8,1,908.0 g,2 pounds
283,723,9,1,510.3 g,18 ounces
283,625,10,1,360.0 g,1 1/2 cups
283,724,11,1,45.0 g,3 tablespoons
283,725,12,1,454.0 g,1 pound
284,625,1,1,2400.0 g,10 cups
284,715,2,1,240.0 g,1 cup
284,724,3,1,170.1 g,1 can
284,726,4,1,,2
284,727,5,1,5.0 g,1 teaspoon
284,677,6,1,,6
284,676,7,1,,2
284,109,8,1,60.0 g,1/4 cup
284,728,9,1,1362.0 g,3 pounds
284,720,10,1,150.0 g,1 large
284,729,11,1,,
284,730,12,1,425.25 g,1 can
284,731,13,1,60.0 g,1/4 cup
284,625,14,1,120.0 g,1/2 cup
285,580,1,1,,1
285,211,2,1,110.0 g,1 medium
285,270,3,1,,1
285,489,4,1,,1
285,691,5,1,,2
285,720,6,1,,1
285,397,7,1,90.0 g,6 tablespoons
285,674,8,1,12.0 g,3 cloves
285,683,9,1,5.0 g,1 teaspoon
285,680,10,1,15.0 g,1 tablespoon
285,685,11,1,5.0 g,1 teaspoon
285,537,12,1,11.25 g,3/4 tablespoon
285,127,13,1,3.75 g,3/4 teaspoon
285,711,14,1,425.25 g,1 can
285,732,15,1,60.0 g,1/4 cup
285,671,16,1,,1
285,733,17,1,30.0 g,2 tablespoons
285,706,18,1,240.0 g,1 cup
285,562,19,1,283.5 g,10 ounces
286,522,1,1,5.0 g,1 teaspoon
286,681,2,1,5.0 g,1 teaspoon
286,688,3,1,5.0 g,1 teaspoon
286,683,4,1,5.0 g,1 teaspoon
286,685,5,1,3.75 g,3/4 teaspoon
286,734,6,1,3.75 g,3/4 teaspoon
286,735,7,1,2.5 g,1/2 teaspoon
286,736,8,1,2.5 g,1/2 teaspoon
286,698,9,1,2.5 g,1/2 teaspoon
286,699,10,1,2.5 g,1/2 teaspoon
286,737,11,1,2.5 g,1/2 teaspoon
286,689,12,1,1.25 g,1/4 teaspoon
287,397,1,1,120.0 g,1/2 cup
287,691,2,1,440.0 g,4 medium
287,720,3,1,110.0 g,1 medium
287,738,4,1,100.0 g,1/2 head
287,537,5,1,5.0 g,1 teaspoon
287,739,6,1,2.5 g,1/2 teaspoon
287,681,7,1,2.5 g,1/2 teaspoon
287,683,8,1,1.25 g,1/4 teaspoon
287,740,9,1,550.0 g,5 medium
288,615,1,1,30.0 g,2 tablespoons
288,673,2,1,220.0 g,2 medium
288,741,3,1,681.0 g,1 1/2 pounds
288,364,4,1,240.0 g,1 cup
288,742,5,1,60.0 g,2 slices
288,733,6,1,120.0 g,1/2 cup
288,743,7,1,15.0 g,1 tablespoon
288,680,8,1,7.5 g,1/2 tablespoon
288,22,9,1,5.0 g,1 teaspoon
288,522,10,1,5.0 g,1 teaspoon
288,739,11,1,2.5 g,1/2 teaspoon
288,209,12,1,150.0 g,1 large
288,522,13,1,0.5 g,1 pinch
288,35,14,1,,1
289,99,1,1,120.0 g,1/2 cup
289,640,2,1,240.0 g,1 cup
289,209,3,1,,1
289,10,4,1,480.0 g,2 cups
289,744,5,1,10.0 g,2 teaspoons
289,522,6,1,0.5 g,1 pinch
289,364,7,1,960.0 g,4 cups
289,611,8,1,5.0 g,1 teaspoon
289,99,9,1,15.0 g,1 tablespoon
289,10,10,1,37.5 g,2 1/2 tablespoons
289,731,11,1,37.5 g,2 1/2 tablespoons
289,640,12,1,120.0 g,1/2 cup
289,745,13,1,,2
289,685,14,1,2.5 g,1/2 teaspoon
290,615,1,1,15.0 g,1 tablespoon
290,746,2,1,480.0 g,2 cups
290,625,3,1,720.0 g,3 cups
290,522,4,1,5.0 g,1 teaspoon
290,747,5,1,453.6 g,1 package
290,748,6,1,240.0 g,1 cup
290,522,7,1,2.5 g,1/2 teaspoon
290,615,8,1,15.0 g,1 tablespoon
290,673,9,1,,5
290,674,10,1,8.0 g,2 cloves
290,206,11,1,45.0 g,3 tablespoons
290,749,12,1,,4
290,724,13,1,120.0 g,1/2 cup
290,522,14,1,7.5 g,1 1/2 teaspoons
290,739,15,1,5.0 g,1 teaspoon
290,681,16,1,12.5 g,2 1/2 teaspoons
290,127,17,1,1.25 g,1/4 teaspoon
291,397,1,1,15.0 g,1 tbsp
291,750,2,1,454.0 g,1 pound
291,522,3,1,5.0 g,1 teaspoon
291,720,4,1,,1
291,691,5,1,,2
291,751,6,1,80.0 g,2 stalks
291,674,7,1,8.0 g,2 cloves
291,752,8,1,15.0 g,1 tablespoon
291,681,9,1,3.75 g,3/4 teaspoon
291,412,10,1,2.5 g,1/2 teaspoon
291,753,11,1,2.5 g,1/2 teaspoon
291,698,12,1,1.25 g,1/4 teaspoon
291,683,13,1,1.25 g,1/4 teaspoon
291,705,14,1,360.0 g,1 1/2 cups
291,754,15,1,240.0 g,1 cup
291,755,16,1,240.0 g,1 cup
291,671,17,1,,1
291,334,18,1,15.0 g,1 tablespoon
292,756,1,1,496.12 g,1 package
292,757,2,1,120.0 g,1/2 cup
292,758,3,1,240.0 g,1 cup
292,759,4,1,240.0 g,1 cup
292,733,5,1,240.0 g,1 cup
292,760,6,1,240.0 g,1 cup
292,640,7,1,300.0 g,1 1/4 cups
292,364,8,1,960.0 g,4 cups
292,761,9,1,120.0 g,1/2 cup
293,762,1,1,240.0 g,1 cup
293,763,2,1,2.5 g,1/2 teaspoon
293,640,3,1,2.5 g,1/2 teaspoon
293,364,4,1,240.0 g,1 cup
293,10,5,1,240.0 g,1 cup
293,542,6,1,240.0 g,1 cup
293,745,7,1,,2
293,744,8,1,10.0 g,2 teaspoons
293,522,9,1,5.0 g,1 teaspoon
293,99,10,1,90.0 g,6 tablespoons
293,695,11,1,180.0 g,3/4 cup
293,764,12,1,5.0 g,1 teaspoon
294,489,1,1,,1
294,719,2,1,,3
294,765,3,1,170.1 g,6
294,625,4,1,240.0 g,1 cup
294,397,5,1,60.0 g,1/4 cup
294,412,6,1,30.0 g,2 tablespoons
294,766,7,1,15.0 g,1 tablespoon
294,127,8,1,5.0 g,1 teaspoon
294,729,9,1,,
294,767,10,1,60.0 g,1/4 cup
295,397,1,1,45.0 g,3 tablespoons
295,768,2,1,320.0 g,1 1/3 cups
295,769,3,1,240.0 g,1 cup
295,674,4,1,8.0 g,2 cloves
295,770,5,1,600.0 g,2 1/2 cups
295,771,6,1,,1
295,681,7,1,5.0 g,1 teaspoon
295,412,8,1,5.0 g,1 teaspoon
295,522,9,1,5.0 g,1 teaspoon
295,745,10,1,600.0 g,4 large
296,640,1,1,480.0 g,2 cups
296,745,2,1,,4
296,239,3,1,480.0 g,2 cups
296,744,4,1,10.0 g,2 teaspoons
296,29,5,1,10.0 g,2 teaspoons
296,522,6,1,2.5 g,1/2 teaspoon
296,206,7,1,45.0 g,3 tablespoons
296,22,8,1,30.0 g,2 tablespoons
296,364,9,1,480.0 g,2 cups
296,577,10,1,240.0 g,1 cup
296,625,11,1,240.0 g,1 cup
296,364,12,1,240.0 g,1 cup
296,772,13,1,120.0 g,1/2 cup
296,773,14,1,10.0 g,2 teaspoons
297,685,1,1,5.0 g,1 teaspoon
297,681,2,1,5.0 g,1 teaspoon
297,325,3,1,5.0 g,1 teaspoon
297,688,4,1,2.5 g,1/2 teaspoon
297,689,5,1,1.25 g,1/4 teaspoon
297,737,6,1,1.25 g,1/4 teaspoon
297,683,7,1,1.25 g,1/4 teaspoon
297,680,8,1,0.62 g,1/8 teaspoon
297,99,9,1,15.0 g,1 tablespoon
297,774,10,1,110.0 g,1 medium
297,775,11,1,480.0 g,2 cups
297,776,12,1,411.08 g,4 cans
297,711,13,1,425.25 g,1 can
297,713,14,1,411.08 g,1 can
297,740,15,1,450.0 g,3 large
297,777,16,1,220.0 g,2 medium
297,691,17,1,600.0 g,4 large
297,778,18,1,240.0 g,1 cup
297,779,19,1,120.0 g,1/2 cup
297,695,20,1,15.0 g,1 tablespoon
297,739,21,1,5.0 g,1 teaspoon
297,696,22,1,15.0 g,1 tablespoon
297,697,23,1,15.0 g,1 tablespoon
298,397,1,1,15.0 g,1 tablespoon
298,720,2,1,70.0 g,1 small
298,674,3,1,8.0 g,2 cloves
298,681,4,1,10.0 g,2 teaspoons
298,682,5,1,10.0 g,2 teaspoons
298,716,6,1,5.0 g,1 teaspoon
298,127,7,1,2.5 g,1/2 teaspoon
298,680,8,1,2.5 g,1/2 teaspoon
298,522,9,1,0.5 g,1 pinch
298,740,10,1,,3
298,713,11,1,411.08 g,1 can
298,723,12,1,240.0 g,1 cup
298,702,13,1,240.0 g,1 cup
298,625,14,1,,
298,780,15,1,100.0 g,1 bunch
298,781,16,1,411.08 g,1 can
298,782,17,1,120.0 g,1/2 cup
299,423,1,1,30.0 g,2 tablespoons
299,497,2,1,,1
299,783,3,1,30.0 g,2 tablespoons
299,674,4,1,8.0 g,2 cloves
299,135,5,1,454.0 g,1 pound
299,784,6,1,15.0 g,1 tablespoon
299,729,7,1,,
299,785,8,1,1200.0 g,5 cups
299,777,9,1,210.0 g,3 small
299,770,10,1,453.6 g,1 can
299,786,11,1,240.0 g,1 cup
299,787,12,1,113.5 g,1/4 pound
300,625,1,1,720.0 g,3 cups
300,710,2,1,240.0 g,1 cup
300,514,3,1,,1
300,120,4,1,,1
300,720,5,1,70.0 g,1 small
300,674,6,1,16.0 g,4 cloves
300,788,7,1,,1/4
300,625,8,1,240.0 g,1 cup
300,681,9,1,10.0 g,2 teaspoons
300,537,10,1,2.5 g,1/2 teaspoon
300,789,11,1,2.5 g,1/2 teaspoon
300,682,12,1,1.25 g,1/4 teaspoon
301,790,1,1,150.0 g,1 large
301,109,2,1,60.0 g,1/4 cup
301,720,3,1,,1
301,727,4,1,10.0 g,2 teaspoons
301,791,5,1,,4
301,625,6,1,240.0 g,1 cup
301,724,7,1,170.1 g,1 can
301,792,8,1,425.25 g,1 can
301,793,9,1,0.5 g,1 pinch
301,794,10,1,0.5 g,1 pinch
302,795,1,1,300.0 g,1 1/4 cups
302,625,2,1,300.0 g,1 1/4 cups
302,796,3,1,480.0 g,2 cups
302,522,4,1,0.5 g,1 pinch
302,739,5,1,0.5 g,1 pinch
302,397,6,1,75.0 g,5 tablespoons
302,797,7,1,120.0 g,1/2 cup
302,674,8,1,16.0 g,4 cloves
302,798,9,1,,1
302,799,10,1,120.0 g,1/2 cup
302,800,11,1,80.0 g,1/3 cup
302,795,12,1,240.0 g,1 cup
302,801,13,1,60.0 g,1/4 cup
303,211,1,1,150.0 g,1 large
303,674,2,1,16.0 g,4 cloves
303,802,3,1,22.5 g,1 1/2 tablespoons
303,331,4,1,55.0 g,1/2 medium
303,803,5,1,2.5 g,1/2 teaspoon
303,522,6,1,,
303,397,7,1,15.0 g,1 tablespoon
303,804,8,1,0.5 g,1 pinch
304,805,1,1,240.0 g,1 cup
304,412,2,1,120.0 g,1/2 cup
304,522,3,1,15.0 g,1 tablespoon
304,806,4,1,5.0 g,1 teaspoon
304,688,5,1,5.0 g,1 teaspoon
304,807,6,1,5.0 g,1 teaspoon
304,682,7,1,5.0 g,1 teaspoon
304,687,8,1,5.0 g,1 teaspoon
304,686,9,1,2.5 g,1/2 teaspoon
304,689,10,1,1.25 g,1/4 teaspoon
304,685,11,1,1.25 g,1/4 teaspoon
305,720,1,1,,1
305,808,2,1,140.0 g,2 small
305,674,3,1,12.0 g,3 cloves
305,809,4,1,10.0 g,2 teaspoons
305,681,5,1,10.0 g,2 teaspoons
305,522,6,1,2.5 g,1/2 teaspoon
305,682,7,1,1.25 g,1/4 teaspoon
305,685,8,1,1.25 g,1/4 teaspoon
305,793,9,1,0.62 g,1/8 teaspoon
305,625,10,1,960.0 g,4 cups
305,777,11,1,1135.0 g,2 1/2 pounds
305,713,12,1,425.25 g,2 cans
305,781,13,1,425.25 g,2 cans
305,422,14,1,60.0 g,1/4 cup
305,810,15,1,425.25 g,1 can
306,346,1,1,480.0 g,2 cups
306,640,2,1,60.0 g,1/4 cup
306,763,3,1,7.09 g,1 package
306,10,4,1,1680.0 g,7 cups
306,522,5,1,10.0 g,2 teaspoons
306,390,6,1,720.0 g,3 cups
307,10,1,1,960.0 g,4 cups
307,522,2,1,5.0 g,1 teaspoon
307,397,3,1,45.0 g,3 tablespoons
307,695,4,1,30.0 g,2 tablespoons
307,346,5,1,360.0 g,1 1/2 cups
307,109,6,1,30.0 g,2 tablespoons
308,606,1,1,240.0 g,1 cup
308,720,2,1,,1
308,625,3,1,600.0 g,2 1/2 cups
308,724,4,1,170.1 g,1 can
308,811,5,1,180.0 g,3/4 cup
308,812,6,1,5.0 g,1 teaspoon
308,688,7,1,2.5 g,1/2 teaspoon
308,750,8,1,,4
308,813,9,1,80.0 g,1/3 cup
308,687,10,1,2.5 g,1/2 teaspoon
308,734,11,1,2.5 g,1/2 teaspoon
308,814,12,1,,4
309,815,1,1,480.0 g,2 cups
309,497,2,1,,1
309,816,3,1,120.0 g,1/2 cup
309,817,4,1,120.0 g,1/2 cup
309,818,5,1,120.0 g,1/2 cup
309,674,6,1,12.0 g,3 cloves
309,682,7,1,7.5 g,1 1/2 teaspoons
309,522,8,1,7.5 g,1 1/2 teaspoons
309,681,9,1,5.0 g,1 teaspoon
309,819,10,1,240.0 g,1 cup
309,820,11,1,,1
310,397,1,1,22.5 g,1 1/2 tablespoons
310,821,2,1,60.0 g,1/4 cup
310,822,3,1,240.0 g,1 cup
310,522,4,1,,
310,625,5,1,420.0 g,1 3/4 cups
311,823,1,1,15.0 g,1 tablespoon
311,698,2,1,5.0 g,1 teaspoon
311,824,3,1,5.0 g,1 teaspoon
311,522,4,1,5.0 g,1 teaspoon
311,688,5,1,2.5 g,1/2 teaspoon
311,686,6,1,2.5 g,1/2 teaspoon
311,807,7,1,2.5 g,1/2 teaspoon
311,825,8,1,681.0 g,1 1/2 pounds
311,489,9,1,,1
311,720,10,1,,1/4
311,826,11,1,,4
312,827,1,1,120.0 g,1/2 cup
312,412,2,1,60.0 g,1/4 cup
312,127,3,1,15.0 g,1 tablespoon
312,807,4,1,5.0 g,1 teaspoon
312,688,5,1,5.0 g,1 teaspoon
312,828,6,1,5.0 g,1 teaspoon
312,682,7,1,5.0 g,1 teaspoon
312,687,8,1,5.0 g,1 teaspoon
312,806,9,1,5.0 g,1 teaspoon
312,686,10,1,2.5 g,1/2 teaspoon
312,685,11,1,2.5 g,1/2 teaspoon
312,699,12,1,2.5 g,1/2 teaspoon
312,689,13,1,2.5 g,1/2 teaspoon
312,737,14,1,1.25 g,1/4 teaspoon
313,640,1,1,240.0 g,1 cup
313,209,2,1,,1
313,99,3,1,15.0 g,1 tablespoon
313,22,4,1,15.0 g,1 tablespoon
313,829,5,1,15.0 g,1 tablespoon
313,688,6,1,10.0 g,2 teaspoons
313,29,7,1,5.0 g,1 teaspoon
313,364,8,1,240.0 g,1 cup
313,10,9,1,240.0 g,1 cup
313,364,10,1,240.0 g,1 cup
313,99,11,1,120.0 g,1/2 cup
313,640,12,1,120.0 g,1/2 cup
313,625,13,1,60.0 g,1/4 cup
314,397,1,1,60.0 g,1/4 cup
314,830,2,1,,8
314,831,3,1,,4
314,729,4,1,0.5 g,1 pinch
314,673,5,1,,3
314,832,6,1,,
314,683,7,1,30.0 g,2 tablespoons
314,681,8,1,30.0 g,2 tablespoons
314,682,9,1,30.0 g,2 tablespoons
314,740,10,1,,3
314,833,11,1,,3
314,691,12,1,,3
314,724,13,1,170.1 g,1 can
314,834,14,1,30.0 g,2 tablespoons
314,781,15,1,198.45 g,1 can
314,671,16,1,,2
314,835,17,1,25.0 g,5 sprigs
314,625,18,1,720.0 g,3 cups
314,707,19,1,480.0 g,2 cups
314,99,20,1,15.0 g,1 tablespoon
314,836,21,1,45.0 g,3 tablespoons
315,831,1,1,908.0 g,2 pounds
315,720,2,1,75.0 g,1/2 large
315,837,3,1,,1
315,838,4,1,,2
315,674,5,1,8.0 g,2 cloves
315,680,6,1,15.0 g,1 tablespoon
315,839,7,1,5.0 g,1 teaspoon
315,734,8,1,,
315,127,9,1,0.5 g,1 pinch
315,625,10,1,240.0 g,1 cup
315,615,11,1,45.0 g,3 tablespoons
315,720,12,1,75.0 g,1/2 large
315,723,13,1,396.9 g,1 can
315,166,14,1,396.9 g,1 can
315,839,15,1,5.0 g,1 teaspoon
315,522,16,1,5.0 g,1 teaspoon
315,739,17,1,2.5 g,1/2 teaspoon
315,840,18,1,720.0 g,3 cups
315,841,19,1,283.5 g,1 package
315,842,20,1,,4
315,109,21,1,120.0 g,1/2 cup
316,10,1,1,480.0 g,2 cups
316,522,2,1,5.0 g,1 teaspoon
316,621,3,1,180.0 g,3/4 cup
316,615,4,1,5.0 g,1 teaspoon
316,10,5,1,10.0 g,2 teaspoons
316,615,6,1,15.0 g,1 tablespoon
317,620,1,1,240.0 g,1 cup
317,615,2,1,60.0 g,1/4 cup
317,843,3,1,60.0 g,1/4 cup
317,209,4,1,110.0 g,1 medium
317,307,5,1,10.0 g,2 teaspoons
317,522,6,1,2.5 g,1/2 teaspoon
317,687,7,1,2.5 g,1/2 teaspoon
317,10,8,1,840.0 g,3 1/2 cups
317,844,9,1,,2
318,781,1,1,425.25 g,2 cans
318,29,2,1,15.0 g,1 tablespoon
318,615,3,1,15.0 g,1 tablespoon
318,720,4,1,,1
318,845,5,1,5.0 g,1 teaspoon
318,127,6,1,2.5 g,1/2 teaspoon
318,522,7,1,2.5 g,1/2 teaspoon
318,683,8,1,2.5 g,1/2 teaspoon
318,716,9,1,2.5 g,1/2 teaspoon
318,713,10,1,411.08 g,1 can
318,846,11,1,283.5 g,2 packages
319,641,1,1,120.0 g,1/2 cup
319,847,2,1,60.0 g,1/4 cup
319,641,3,1,45.0 g,3 tablespoons
319,625,4,1,240.0 g,1 cup
319,625,5,1,45.0 g,3 tablespoons
319,848,6,1,5.0 g,1 teaspoon
320,849,1,1,,10
320,850,2,1,30.0 g,2 tablespoons
320,851,3,1,30.0 g,2 tablespoons
320,852,4,1,30.0 g,2 tablespoons
320,853,5,1,2.5 g,1/2 teaspoon
320,854,6,1,30.0 g,2 tablespoons
320,686,7,1,7.5 g,1 1/2 teaspoons
320,855,8,1,5.0 g,1 teaspoon
320,856,9,1,5.0 g,1 teaspoon
320,753,10,1,5.0 g,1 teaspoon
321,857,1,1,1362.0 g,1
321,325,2,1,25.0 g,5 teaspoons
321,397,3,1,30.0 g,2 tablespoons
321,681,4,1,10.0 g,2 teaspoons
321,682,5,1,5.0 g,1 teaspoon
321,688,6,1,5.0 g,1 teaspoon
321,734,7,1,5.0 g,1 teaspoon
321,854,8,1,5.0 g,1 teaspoon
321,127,9,1,1.25 g,1/4 teaspoon
321,685,10,1,2.5 g,1/2 teaspoon
321,689,11,1,1.25 g,1/4 teaspoon
321,699,12,1,1.25 g,1/4 teaspoon
321,695,13,1,45.0 g,3 tablespoons
321,858,14,1,,8
321,691,15,1,,2
321,859,16,1,,2
321,497,17,1,,1
321,397,18,1,30.0 g,2 tablespoons
321,522,19,1,,
321,860,20,1,120.0 g,1/2 cup
321,861,21,1,30.0 g,2 tablespoons
321,674,22,1,4.0 g,1 clove
322,615,1,1,30.0 g,2 tablespoons
322,691,2,1,,2
322,862,3,1,,1
322,720,4,1,,1
322,674,5,1,16.0 g,4 cloves
322,863,6,1,681.0 g,1 1/2 pounds
322,522,7,1,5.0 g,1 teaspoon
322,683,8,1,5.0 g,1 teaspoon
322,807,9,1,5.0 g,1 teaspoon
322,686,10,1,5.0 g,1 teaspoon
322,739,11,1,2.5 g,1/2 teaspoon
322,685,12,1,2.5 g,1/2 teaspoon
322,688,13,1,2.5 g,1/2 teaspoon
322,681,14,1,2.5 g,1/2 teaspoon
322,682,15,1,2.5 g,1/2 teaspoon
322,699,16,1,1.25 g,1/4 teaspoon
322,724,17,1,45.0 g,3 tablespoons
322,864,18,1,960.0 g,4 cups
322,865,19,1,15.0 g,1 tablespoon
322,676,20,1,,2
322,866,21,1,240.0 g,1 cup
322,867,22,1,120.0 g,1/2 cup
322,331,23,1,,1/2
323,868,1,1,,12
323,220,2,1,5.0 g,1 teaspoon
323,852,3,1,5.0 g,1 teaspoon
323,869,4,1,2.5 g,1/2 teaspoon
323,682,5,1,2.5 g,1/2 teaspoon
323,870,6,1,450.0 g,3 large
323,220,7,1,60.0 g,1/4 cup
323,522,8,1,,
324,397,1,1,15.0 g,1 tablespoon
324,720,2,1,,1
324,674,3,1,8.0 g,2 cloves
324,35,4,1,,1
324,871,5,1,411.08 g,1 can
324,680,6,1,10.0 g,2 teaspoons
324,522,7,1,0.62 g,1/8 teaspoon
324,872,8,1,,1
324,873,9,1,396.9 g,1 can
324,331,10,1,,1
325,397,1,1,30.0 g,2 tablespoons
325,720,2,1,70.0 g,1 small
325,874,3,1,,1
325,674,4,1,4.0 g,1 clove
325,741,5,1,908.0 g,2 pounds
325,681,6,1,10.0 g,2 teaspoons
325,687,7,1,10.0 g,2 teaspoons
325,522,8,1,5.0 g,1 teaspoon
325,875,9,1,5.0 g,1 teaspoon
325,10,10,1,15.0 g,1 tablespoon
325,625,11,1,15.0 g,1 tablespoon
325,876,12,1,396.9 g,1 package
325,877,13,1,,1
326,615,1,1,15.0 g,1 tablespoon
326,720,2,1,150.0 g,1 large
326,674,3,1,8.0 g,2 cloves
326,752,4,1,10.0 g,2 teaspoons
326,681,5,1,7.5 g,1 1/2 teaspoons
326,682,6,1,7.5 g,1 1/2 teaspoons
326,685,7,1,2.5 g,1/2 teaspoon
326,689,8,1,0.5 g,1 pinch
326,719,9,1,330.0 g,3 medium
326,777,10,1,681.0 g,1 1/2 pounds
326,120,11,1,,1
326,625,12,1,1080.0 g,4 1/2 cups
326,522,13,1,5.0 g,1 teaspoon
326,878,14,1,60.0 g,1/4 cup
326,127,15,1,0.5 g,1 pinch
326,879,16,1,30.0 g,2 tablespoons
326,782,17,1,100.0 g,1 bunch
327,364,1,1,120.0 g,1/2 cup
327,606,2,1,30.0 g,2 tablespoons
327,206,3,1,5.0 g,1 teaspoon
327,108,4,1,320.0 g,1 1/3 cups
327,29,5,1,5.0 g,1 teaspoon
327,522,6,1,0.5 g,1 pinch
327,880,7,1,240.0 g,1 cup
327,745,8,1,,2
327,881,9,1,15.0 g,1 tablespoon
327,761,10,1,240.0 g,1 cup
327,606,11,1,120.0 g,1/2 cup
327,640,12,1,120.0 g,1/2 cup
327,625,13,1,120.0 g,1/2 cup
328,882,1,1,,4
328,883,2,1,550.0 g,5 medium
328,99,3,1,120.0 g,1/2 cup
329,615,1,1,15.0 g,1 tablespoon
329,884,2,1,1589.0 g,3 1/2 pounds
329,108,3,1,30.0 g,2 tablespoons
329,720,4,1,150.0 g,1 large
329,885,5,1,1021.5 g,2 1/4 pounds
329,829,6,1,15.0 g,1 tablespoon
329,676,7,1,,2
329,886,8,1,,1
329,522,9,1,5.0 g,1 teaspoon
329,95,10,1,5.0 g,1 teaspoon
329,887,11,1,,6
329,734,12,1,2.5 g,1/2 teaspoon
329,645,13,1,0.5 g,1 dash
329,740,14,1,220.0 g,2 medium
330,888,1,1,240.0 g,1 cup
330,412,2,1,60.0 g,1/4 cup
330,889,3,1,30.0 g,2 tablespoons
330,674,4,1,12.0 g,3 cloves
330,783,5,1,7.5 g,1 1/2 teaspoons
330,522,6,1,7.5 g,1 1/2 teaspoons
330,890,7,1,,4
331,891,1,1,,1
331,733,2,1,60.0 g,1/4 cup
331,892,3,1,60.0 g,1/4 cup
331,797,4,1,60.0 g,1/4 cup
331,893,5,1,60.0 g,1/4 cup
331,894,6,1,60.0 g,1/4 cup
331,364,7,1,1200.0 g,5 cups
331,640,8,1,240.0 g,1 cup
331,611,9,1,5.0 g,1 teaspoon
332,397,1,1,30.0 g,2 tablespoons
332,673,2,1,220.0 g,2 medium
332,895,3,1,300.0 g,2 large
332,674,4,1,16.0 g,4 cloves
332,896,5,1,1920.0 g,8 cups
332,754,6,1,793.8 g,1 can
332,734,7,1,1.25 g,1/4 teaspoon
332,897,8,1,1.25 g,1/4 teaspoon
332,898,9,1,160.0 g,2/3 cup
332,899,10,1,120.0 g,1/2 cup
333,178,1,1,,
333,640,2,1,240.0 g,1 cup
333,99,3,1,45.0 g,3 tablespoons
333,900,4,1,,3
333,108,5,1,240.0 g,1 cup
333,744,6,1,5.0 g,1 teaspoon
333,522,7,1,1.25 g,1/4 teaspoon
333,364,8,1,960.0 g,4 cups
333,611,9,1,5.0 g,1 teaspoon
333,901,10,1,,3
333,902,11,1,15.0 g,1 tablespoon
334,795,1,1,480.0 g,2 cups
334,606,2,1,75.0 g,5 tablespoons
334,903,3,1,80.0 g,1/3 cup
334,779,4,1,80.0 g,1/3 cup
334,702,5,1,80.0 g,1/3 cup
334,904,6,1,480.0 g,2 cups
334,685,7,1,15.0 g,3 teaspoons
334,892,8,1,120.0 g,1/2 cup
335,905,1,1,360.0 g,1 1/2 cups
335,724,2,1,45.0 g,3 tablespoons
335,906,3,1,15.0 g,1 tablespoon
335,674,4,1,12.0 g,3 cloves
335,673,5,1,330.0 g,3 medium
335,334,6,1,15.0 g,1 tablespoon
335,681,7,1,5.0 g,1 teaspoon
335,397,8,1,30.0 g,2 tablespoons
335,907,9,1,,
335,908,10,1,411.08 g,1 can
336,220,1,1,30.0 g,2 tablespoons
336,909,2,1,340.2 g,12 ounces
336,910,3,1,150.0 g,1 large
336,325,4,1,5.0 g,1 teaspoon
336,854,5,1,7.5 g,1 1/2 teaspoons
336,682,6,1,5.0 g,1 teaspoon
336,681,7,1,5.0 g,1 teaspoon
336,688,8,1,2.5 g,1/2 teaspoon
336,734,9,1,2.5 g,1/2 teaspoon
336,685,10,1,1.25 g,1/4 teaspoon
336,674,11,1,16.0 g,4 cloves
336,724,12,1,15.0 g,1 tablespoon
336,705,13,1,960.0 g,4 cups
336,754,14,1,425.25 g,1 can
336,911,15,1,,2
336,625,16,1,480.0 g,2 cups
336,781,17,1,425.25 g,1 can
336,912,18,1,180.0 g,3/4 cup
336,10,19,1,15.0 g,1 tablespoon
336,173,20,1,30.0 g,2 tablespoons
336,782,21,1,120.0 g,1/2 cup
336,767,22,1,120.0 g,1/2 cup
336,913,23,1,120.0 g,1/2 cup
336,127,24,1,0.62 g,1/8 teaspoon
336,331,25,1,,1
337,343,1,1,240.0 g,1 cup
337,522,2,1,2.5 g,1/2 teaspoon
337,683,3,1,7.5 g,1 1/2 teaspoons
337,640,4,1,45.0 g,3 tablespoons
337,685,5,1,2.5 g,1/2 teaspoon
337,914,6,1,120.0 g,1/2 cup
337,99,7,1,15.0 g,1 tablespoon
337,625,8,1,600.0 g,2 1/2 cups
182,915,1,1,,14
182,916,2,1,70.0 g,1 small
182,917,3,1,,2
182,127,4,1,,
182,10,5,1,2520.0 g,21/2 cups
182,744,6,1,5.0 g,1 teaspoon
182,577,7,1,30.0 g,2 tablespoon
182,522,8,1,1.25 g,1/4 teaspoon
182,772,9,1,60.0 g,4 tablespoon
182,209,10,1,,1
182,625,11,1,105.0 g,6-8 tablespoon
182,390,12,1,,
183,918,1,1,480.0 g,2 cups
183,919,2,1,10.0 g,2 teaspoons
183,625,3,1,60.0 g,1/4 cup
183,920,4,1,60.0 g,1/4 cup
183,921,5,1,30.0 g,2 tablespoons
183,720,6,1,70.0 g,1 small
183,922,7,1,,1/2
183,625,8,1,120.0 g,1/2 cup
183,577,9,1,45.0 g,2-4 tablespoons
183,522,10,1,2.5 g,1/2 teaspoon
183,744,11,1,10.0 g,2 teaspoons
183,615,12,1,,
184,10,1,1,480.0 g,2 cups
184,923,2,1,60.0 g,1/4 cup
184,744,3,1,5.0 g,1 teaspoon
184,924,4,1,1.25 g,1/4 teaspoon
184,522,5,1,0.5 g,1 pinch
184,364,6,1,480.0 g,2 cups
184,745,7,1,,2
184,925,8,1,45.0 g,3 tablespoons
184,390,9,1,,
185,741,1,1,454.0 g,1 pound
185,926,2,1,120.0 g,1/2 cup
185,927,3,1,5.0 g,1 teaspoon
185,680,4,1,2.5 g,1/2 teaspoon
185,928,5,1,70.0 g,1 small
185,929,6,1,8.0 g,2 cloves
185,209,7,1,,1
185,930,8,1,1.25 g,1/4 teaspoon
185,931,9,1,60.0 g,4 tablespoons
185,522,10,1,,
185,63,11,1,,
185,895,12,1,,2
185,932,13,1,300.0 g,2 large
185,933,14,1,,1
185,720,15,1,110.0 g,1 medium
185,674,16,1,8.0 g,2 cloves
185,922,17,1,,1/2
185,934,18,1,60.0 g,4 tablespoons
185,935,19,1,120.0 g,1/2 cup
185,724,20,1,45.0 g,3 tablespoons
185,35,21,1,,1
185,936,22,1,,1
185,680,23,1,5.0 g,1 teaspoon
185,937,24,1,5.0 g,1 teaspoon
185,938,25,1,,1/2
185,907,26,1,,
185,939,27,1,30.0 g,2 tablespoons
186,41,1,1,908.0 g,2 lbs
186,940,2,1,,1
186,35,3,1,,1
186,680,4,1,5.0 g,1 teaspoon
186,941,5,1,5.0 g,1 teaspoon
186,942,6,1,10.0 g,2 teaspoons
186,522,7,1,,
186,943,8,1,240.0 g,1 cup
186,944,9,1,,2
186,945,10,1,,1-3
186,946,11,1,,4
186,720,12,1,150.0 g,1 large
186,674,13,1,12.0 g,3 cloves
186,922,14,1,,1/2
186,409,15,1,60.0 g,1/4 cup
186,947,16,1,60.0 g,1/4 cup
186,724,17,1,30.0 g,2 tablespoon
186,948,18,1,,1
186,680,19,1,5.0 g,1 teaspoon
186,927,20,1,5.0 g,1 teaspoon
186,949,21,1,5.0 g,1 teaspoon
186,950,22,1,,
187,951,1,1,681.0 g,1.5 pounds
187,952,2,1,,1
187,953,3,1,,1
187,954,4,1,5.0 g,1 teaspoon
187,929,5,1,12.0 g,3 cloves
187,937,6,1,5.0 g,1 teaspoon
187,680,7,1,5.0 g,1 teaspoon
187,955,8,1,10.0 g,2 teaspoon
187,522,9,1,,
187,35,10,1,,1
187,625,11,1,480.0 g,2 cups
187,956,12,1,45.0 g,3 tablespoon
187,957,13,1,,
187,958,14,1,,1
187,959,15,1,120.0 g,1/2 cup
187,960,16,1,30.0 g,2 tablespoons
187,508,17,1,720.0 g,3 cups
187,166,18,1,480.0 g,2 cups
187,961,19,1,480.0 g,2 cups
187,962,20,1,240.0 g,1 cup
187,963,21,1,454.0 g,1 lb
187,412,22,1,2.5 g,1/2 teaspoon
187,686,23,1,2.5 g,1/2 teaspoon
187,807,24,1,2.5 g,1/2 teaspoon
187,522,25,1,,
187,964,26,1,30.0 g,2 tablespoon
188,648,1,1,480.0 g,2 cups
188,625,2,1,960.0 g,4 cups
188,965,3,1,,
189,34,1,1,720.0 g,3 cups
189,177,2,1,120.0 g,1/2 cup
189,724,3,1,45.0 g,3 tablespoons
189,966,4,1,720.0 g,3 cups
189,680,5,1,10.0 g,2 teaspoon
189,937,6,1,10.0 g,2 teaspoon
189,967,7,1,,1
189,854,8,1,10.0 g,2 teaspoon
189,968,9,1,82.5 g,11/2 tablespoons
189,969,10,1,,
189,489,11,1,,2
189,932,12,1,,2
189,970,13,1,,1
189,720,14,1,,1
189,674,15,1,24.0 g,6 cloves
189,922,16,1,,2
189,41,17,1,681.0 g,1.5 lb
189,971,18,1,5.0 g,1 teaspoon
189,941,19,1,10.0 g,2 teaspoons
189,676,20,1,,2
189,958,21,1,,1
189,972,22,1,10.0 g,2 teaspoons
189,973,23,1,,1
189,969,24,1,,
190,851,1,1,10.0 g,2 teaspoons
190,974,2,1,5.0 g,1 teaspoon
190,677,3,1,5.0 g,1 teaspoon
190,975,4,1,,6
190,678,5,1,,3
190,976,6,1,7.5 g,1/2 tablespoon
190,977,7,1,60.0 g,1/4 cup
190,978,8,1,,5
190,979,9,1,60.0 g,4 tablespoons
190,980,10,1,,
190,685,11,1,5.0 g,1 teaspoon
190,688,12,1,15.0 g,1 tablespoon
190,981,13,1,,4
190,127,14,1,15.0 g,1 tablespoon
190,982,15,1,1.25 g,1/4 teaspoon
190,983,16,1,1.25 g,1/4 teaspoon
190,984,17,1,10.0 g,2 teaspoons
191,985,1,1,720.0 g,3 cups
191,986,2,1,,1
191,676,3,1,,2
191,625,4,1,1680.0 g,6-8 cups
191,987,5,1,,1/4
191,988,6,1,150.0 g,1 large
191,989,7,1,,3
191,741,8,1,681.0 g,1 1/2 lb
191,990,9,1,350.0 g,5 small
191,991,10,1,480.0 g,2 cups
191,127,11,1,2.5 g,1/2 teaspoon
191,955,12,1,5.0 g,1 teaspoon
191,992,13,1,,1/2
191,412,14,1,10.0 g,2 teaspoon
191,937,15,1,5.0 g,1 teaspoon
191,993,16,1,,2
191,522,17,1,,
192,390,1,1,45.0 g,3 tablespoons
192,994,2,1,,1
192,995,3,1,12.0 g,3 cloves
192,996,4,1,,1/2
192,680,5,1,10.0 g,2 teaspoons
192,997,6,1,,1
192,998,7,1,,1
192,999,8,1,,4
192,1000,9,1,396.9 g,14 ounce
192,907,10,1,,
192,1001,11,1,,
192,1002,12,1,425.25 g,15 ounce
193,10,1,1,480.0 g,2 cups
193,390,2,1,60.0 g,4 tablespoons
193,943,3,1,105.0 g,6-8 tablespoons
193,522,4,1,2.5 g,1/2 teaspoon
193,390,5,1,15.0 g,1 tablespoon
193,928,6,1,70.0 g,1 small
193,1003,7,1,8.0 g,2 cloves
193,1004,8,1,454.0 g,1 pound
193,1005,9,1,220.0 g,2 medium
193,1006,10,1,120.0 g,1/2 cup
193,692,11,1,2.5 g,1/2 teaspoon
193,412,12,1,2.5 g,1/2 teaspoon
193,937,13,1,2.5 g,1/2 teaspoon
193,680,14,1,2.5 g,1/2 teaspoon
193,1007,15,1,,
193,1008,16,1,2.5 g,1/2 teaspoon
193,1009,17,1,,1
193,1010,18,1,,
193,1011,19,1,,
194,34,1,1,720.0 g,3 cups
194,964,2,1,60.0 g,4 tablespoon
194,1012,3,1,110.0 g,1 medium
194,1013,4,1,5.0 g,1 teaspoon
194,929,5,1,7.5 g,1/2 tablespoon
194,166,6,1,1320.0 g,11/2 cups
194,705,7,1,1320.0 g,11/2 cups
194,35,8,1,,1
194,680,9,1,5.0 g,1 teaspoon
194,955,10,1,10.0 g,2 teaspoon
194,1014,11,1,,2
194,1015,12,1,340.2 g,12 ounces
194,937,13,1,2.5 g,1/2 teaspoon
194,1016,14,1,454.0 g,1 lb
194,522,15,1,,
194,1017,16,1,454.0 g,1 lb
194,824,17,1,7.5 g,1/2 tablespoon
194,522,18,1,2.5 g,1/2 teaspoon
194,63,19,1,1.25 g,1/4 teaspoon
194,1018,20,1,60.0 g,4 tablespoon
194,1019,21,1,120.0 g,3 stalks
195,1020,1,1,120.0 g,1/2 cup
195,625,2,1,240.0 g,1 cup
195,1021,3,1,240.0 g,1 cup
195,1022,4,1,,
195,1023,5,1,,
195,1024,6,1,,
196,1025,1,1,960.0 g,4 cups
196,522,2,1,1.25 g,1/4 teaspoon
196,1026,3,1,240.0 g,1 cup
196,1027,4,1,60.0 g,1/4 cup
196,606,5,1,30.0 g,2 tablespoons
197,1028,1,1,,2
197,969,2,1,2.5 g,1/2 teaspoon
197,615,3,1,30.0 g,2 tablespoon
198,1029,1,1,,2
198,1030,2,1,120.0 g,1/2 cup
198,640,3,1,120.0 g,1/2 cup
198,364,4,1,120.0 g,1/2 cup
198,1031,5,1,,2
198,737,6,1,2.5 g,1/2 teaspoon
198,685,7,1,2.5 g,1/2 teaspoon
198,611,8,1,5.0 g,1 teaspoon
198,1032,9,1,,1
199,1033,1,1,,2
199,932,2,1,300.0 g,2 large
199,1034,3,1,,1
199,1035,4,1,,
199,674,5,1,12.0 g,3 cloves
199,1036,6,1,908.0 g,2 lb
199,412,7,1,10.0 g,2 teaspoon
199,127,8,1,,
199,907,9,1,,
199,390,10,1,90.0 g,6 tablespoon
199,1037,11,1,,
199,724,12,1,15.0 g,1 tablespoon
199,676,13,1,,2
199,937,14,1,5.0 g,1 teaspoon
199,1038,15,1,10.0 g,2 teaspoon
199,1039,16,1,120.0 g,1/2 cup
199,907,17,1,,
199,1040,18,1,,2
199,1041,19,1,,
200,10,1,1,960.0 g,4 cups
200,744,2,1,15.0 g,1 tablespoon
200,1042,3,1,180.0 g,3/4 cup
200,127,4,1,5.0 g,1 teaspoon
200,1043,5,1,2.5 g,1/2 teaspoon
200,522,6,1,2.5 g,1/2 teaspoon
200,1044,7,1,,21/4
200,390,8,1,,
201,1045,1,1,,3
201,522,2,1,,
201,390,3,1,480.0 g,2 cups
202,1046,1,1,1320.0 g,11/2 cups
202,916,2,1,110.0 g,1 medium
202,625,3,1,1200.0 g,4-6 cups
202,1047,4,1,,2
202,1048,5,1,30.0 g,2 tablespoons
202,1049,6,1,15.0 g,1 tablespoon
202,1050,7,1,,1
202,1051,8,1,,
203,1052,1,1,,4
203,1053,2,1,,
203,1054,3,1,,
204,842,1,1,,4
205,1055,1,1,908.0 g,2 lb
205,1056,2,1,,
205,836,3,1,120.0 g,1/2 cup
205,695,4,1,60.0 g,1/4 cup
205,1057,5,1,15.0 g,1 tablespoon
205,1058,6,1,,2
205,686,7,1,2.5 g,1/2 teaspoon
206,1059,1,1,,1
206,522,2,1,30.0 g,2 tablespoons
206,929,3,1,16.0 g,4 cloves
206,1060,4,1,10.0 g,2 sprigs
206,1061,5,1,25.0 g,5 sprigs
206,1062,6,1,60.0 g,1/4 cup
206,412,7,1,15.0 g,1 tablespoon
206,1063,8,1,10.0 g,2 teaspoons
206,807,9,1,10.0 g,2 teaspoon
206,686,10,1,30.0 g,2 tablespoon
206,681,11,1,5.0 g,1 teaspoon
206,1064,12,1,5.0 g,1 teaspoon
206,1065,13,1,5.0 g,1 teaspoon
206,1066,14,1,10.0 g,2 teaspoons
206,63,15,1,5.0 g,1 teaspoon
206,1067,16,1,,1
206,1068,17,1,200.0 g,1 head
206,1069,18,1,10.0 g,2 sprigs
206,937,19,1,25.0 g,5 sprigs
207,1070,1,1,240.0 g,1 cup
207,1071,2,1,480.0 g,2 cups
208,1072,1,1,454.0 g,1 pound
208,1073,2,1,227.0 g,1/2 pound
208,1074,3,1,4767.0 g,21/2 pound
208,1075,4,1,240.0 g,1 cup
208,1076,5,1,240.0 g,1 cup
208,1077,6,1,,2
208,1078,7,1,,1
208,1048,8,1,30.0 g,2 tablespoon
208,1079,9,1,30.0 g,2 tablespoon
208,409,10,1,90.0 g,6 tablespoon
208,1080,11,1,15.0 g,3 teaspoons
208,522,12,1,,
208,939,13,1,,
209,1081,1,1,400.0 g,1 can
209,339,2,1,60.0 g,1/4 cup
209,640,3,1,,1/2
209,1031,4,1,,2
209,900,5,1,,1
209,1082,6,1,15.0 g,1 tablespoon
209,1083,7,1,,1
209,1084,8,1,,
209,1085,9,1,2.5 g,1/2 teaspoon
209,522,10,1,2.5 g,1/2 teaspoon
209,688,11,1,2.5 g,1/2 teaspoon
209,689,12,1,0.62 g,1/8 teaspoon
209,1086,13,1,,1
210,895,1,1,,2
210,945,2,1,,1
210,1087,3,1,450.0 g,3 large
210,1088,4,1,300.0 g,2 large
210,615,5,1,60.0 g,1/4 cup
210,929,6,1,8.0 g,2 cloves
210,1089,7,1,5.0 g,1 teaspoon
210,724,8,1,30.0 g,2 tablespoons
210,412,9,1,5.0 g,1 teaspoon
210,937,10,1,5.0 g,1 teaspoon
210,680,11,1,5.0 g,1 teaspoon
210,972,12,1,5.0 g,1 teaspoon
210,969,13,1,,
210,676,14,1,,2
210,1090,15,1,340.2 g,12 oz
210,1091,16,1,,4
210,1092,17,1,,
210,1093,18,1,,
211,1094,1,1,226.8 g,8 oz
211,1095,2,1,,3
211,1096,3,1,30.0 g,2 tablespoons
211,1097,4,1,30.0 g,2 tablespoons
211,1098,5,1,5.0 g,1 teaspoon
211,522,6,1,,
211,1099,7,1,,1
211,1096,8,1,30.0 g,2 tablespoons
211,1048,9,1,30.0 g,2 tablespoons
211,1100,10,1,,1
211,522,11,1,,
212,1101,1,1,1320.0 g,11/2 cups
212,1102,2,1,,1
212,1103,3,1,,1
212,935,4,1,180.0 g,3/4 cup
212,960,5,1,30.0 g,2 tablespoons
212,615,6,1,60.0 g,1/4 cup
212,1104,7,1,,2
212,1105,8,1,180.0 g,3/4 cup
212,1106,9,1,,3
212,522,10,1,,
212,922,11,1,,1
213,41,1,1,1362.0 g,3 pounds
213,1107,2,1,280.0 g,4 small
213,1108,3,1,,2
213,1109,4,1,15.0 g,1 tablespoon
213,1110,5,1,5.0 g,1 teaspoon
213,680,6,1,7.5 g,1/2 tablespoon
213,937,7,1,7.5 g,1/2 tablespoon
213,1111,8,1,,1
213,1112,9,1,,
213,63,10,1,,
213,676,11,1,,2
213,1113,12,1,,11/2
213,390,13,1,30.0 g,2 tablespoons
213,1114,14,1,60.0 g,1/4 cup
215,1115,1,1,15.0 g,1 tablespoon
215,851,2,1,7.5 g,1/2 tablespoon
215,1116,3,1,15.0 g,1 tablespoon
215,1117,4,1,7.5 g,1/2 tablespoon
215,1118,5,1,908.0 g,2 lb
215,1119,6,1,60.0 g,1/4 cup
215,162,7,1,,1
215,683,8,1,5.0 g,1 teaspoon
215,727,9,1,15.0 g,1 tablespoon
215,692,10,1,15.0 g,1 tablespoon
215,571,11,1,,1
215,1120,12,1,30.0 g,2 tablespoons
215,1121,13,1,5.0 g,1 teaspoon
215,1110,14,1,1.25 g,1/4 teaspoon
215,1122,15,1,,
216,1123,1,1,908.0 g,2 pounds
216,625,2,1,120.0 g,1/2 cup
216,929,3,1,16.0 g,4 cloves
216,1124,4,1,15.0 g,1 tablespoon
216,412,5,1,7.5 g,1/2 tablespoon
216,680,6,1,5.0 g,1 teaspoon
216,1125,7,1,5.0 g,1 teaspoon
216,1126,8,1,5.0 g,1 teaspoon
216,1127,9,1,1.25 g,1/4 teaspoon
216,615,10,1,60.0 g,1/4 cup
216,1128,11,1,60.0 g,1/4 cup
216,907,12,1,,
217,1129,1,1,,6
217,127,2,1,2.5 g,1/2 teaspoon
217,63,3,1,5.0 g,1 teaspoon
217,522,4,1,10.0 g,2 teaspoon
217,1130,5,1,5.0 g,1 teaspoon
217,686,6,1,5.0 g,1 teaspoon
217,412,7,1,10.0 g,2 teaspoon
217,807,8,1,5.0 g,1 teaspoon
217,955,9,1,2.5 g,1/2 teaspoon
217,397,10,1,30.0 g,2 tablespoon
217,937,11,1,20.0 g,4 sprigs
217,1069,12,1,15.0 g,3 sprigs
218,1131,1,1,1475.5 g,13/4 lb
218,489,2,1,,1
218,1132,3,1,,4
218,870,4,1,,5
218,720,5,1,70.0 g,1 small
218,1133,6,1,,4
218,63,7,1,5.0 g,1 teaspoon
218,522,8,1,10.0 g,2 teaspoon
218,412,9,1,30.0 g,2 tablespoon
218,619,10,1,60.0 g,1/4 cup
218,1134,11,1,,1
218,397,12,1,120.0 g,1/2 cup
218,936,13,1,,1
219,489,1,1,,1
219,1135,2,1,,10
219,674,3,1,20.0 g,5 cloves
219,1136,4,1,,1
219,1137,5,1,,4
219,63,6,1,5.0 g,1 teaspoon
219,522,7,1,10.0 g,2 teaspoon
219,412,8,1,30.0 g,2 tablespoon
219,1138,9,1,60.0 g,1/4 cup
219,1139,10,1,,1
219,397,11,1,120.0 g,1/2 cup
219,936,12,1,,1
220,542,1,1,480.0 g,2 cups
220,1140,2,1,10.0 g,2 teaspoon
220,1141,3,1,,
220,695,4,1,30.0 g,2 tablespoon
220,1142,5,1,,
220,744,6,1,5.0 g,1 teaspoon
221,41,1,1,908.0 g,2 lb
221,1143,2,1,110.0 g,1 medium
221,680,3,1,2.5 g,1/2 teaspoon
221,937,4,1,2.5 g,1/2 teaspoon
221,1104,5,1,,2
221,127,6,1,,
221,522,7,1,,
221,1144,8,1,,3
221,625,9,1,60.0 g,1/4 cup
221,1145,10,1,,
221,489,11,1,,1
221,1146,12,1,,1
221,719,13,1,220.0 g,2 medium
221,1034,14,1,70.0 g,1 small
221,922,15,1,,1/2
221,674,16,1,8.0 g,2 cloves
221,615,17,1,75.0 g,5 tablespoons
221,1147,18,1,2.5 g,1/2 teaspoon
221,966,19,1,60.0 g,1/4 cup
221,522,20,1,,
222,1148,1,1,1135.0 g,2 1/2 lb
222,1149,2,1,,1/2
222,1150,3,1,2.5 g,1/2 teaspoon
222,127,4,1,,
222,1151,5,1,180.0 g,3/4 cup
222,1152,6,1,15.0 g,1 tablespoon
223,1153,1,1,908.0 g,2 lb
223,1154,2,1,30.0 g,2 tbsp
223,412,3,1,10.0 g,2 teaspoon
223,686,4,1,5.0 g,1 teaspoon
223,522,5,1,,
223,63,6,1,,
223,780,7,1,100.0 g,1 bunch
223,325,8,1,,
223,397,9,1,15.0 g,1 tablespoon
223,1155,10,1,120.0 g,1/2 cup
223,1156,11,1,70.0 g,1 small
223,1157,12,1,,
223,1158,13,1,30.0 g,2 tbsp
223,1134,14,1,,1
223,205,15,1,15.0 g,1 tbsp
223,695,16,1,15.0 g,1 tbsp
223,1159,17,1,,1
223,220,18,1,60.0 g,1/4 cup
223,907,19,1,,
223,621,20,1,30.0 g,1-3 tablespoon
224,1160,1,1,240.0 g,1 cup
224,1161,2,1,240.0 g,1 cup
224,1162,3,1,,1
224,166,4,1,120.0 g,1/2 cup
224,268,5,1,120.0 g,1/2 cup
224,706,6,1,120.0 g,1/2 cup
224,695,7,1,15.0 g,1 tablespoon
225,650,1,1,110.0 g,1 medium
225,489,2,1,,1
225,1163,3,1,150.0 g,1 large
225,283,4,1,,1
225,1164,5,1,150.0 g,1 large
225,625,6,1,720.0 g,3 cups
225,1165,7,1,120.0 g,1/2 cup
225,960,8,1,30.0 g,2 tablespoons
225,522,9,1,,
225,1166,10,1,10.0 g,2 teaspoon
225,1167,11,1,425.25 g,15 ounces
225,1168,12,1,,
